学号,通知书号,姓名,性别,系别,班级,考区,毕业中学
2011010001,11111210,刘楚婷,女,建筑系,建11,北京,北京市第八中学
2011010002,11121051,杨茜,女,建筑系,建11,天津,芦台一中
2011010003,11121049,李旻华,女,建筑系,建11,天津,南开中学
2011010004,11131073,赵慧娟,女,建筑系,建11,河北,邯郸市第一中学
2011010005,11151041,辛大卫,男,建筑系,建11,内蒙古,包钢一中
2011010006,11211085,崔永,男,建筑系,建11,辽宁,凤城市第一中学
2011010007,11311047,杨惜柳,女,建筑系,建11,上海,华东师范大学第二附属中学
2011010008,11371079,孙鹏程,男,建筑系,建11,山东,烟台二中
2011010009,11441085,逄卓,女,建筑系,建11,广东,深圳市深圳中学
2011010010,11461007,刘奕君,女,建筑系,建11,海南,海南中学
2011010011,11511077,邹尚武,男,建筑系,建11,四川,成都七中嘉祥外国语学校
2011010012,11511078,周翘楚,女,建筑系,建11,四川,彭州中学
2011010013,11610009,范孟辰,女,建筑系,建11,陕西,高新一中
2011010014,11631010,闫博,男,建筑系,建11,青海,江苏省中学
2011010015,11641010,张若诗,女,建筑系,建11,宁夏,银川二中
2011010016,11231001,朱吴孟健,男,建筑系,建11,黑龙江,大庆市实验中学
2011010017,11321021,张启亮,男,建筑系,建11,江苏,江苏省海门中学
2011010018,11511011,程正雨,男,建筑系,建11,四川,四川省绵阳中学
2011010019,11810001,林家慜,女,建筑系,建11,香港,香港中华基督教会铭基中学
2011010020,11111222,张博轩,男,建筑系,建11,北京,中国人民大学附属中学
2011010021,11111211,刘潇潇,女,建筑系,建11,北京,中国人民大学附属中学
2011010022,11111215,黎雪伦,女,建筑系,建11,北京,北京师范大学第二附属中学
2011010023,11111212,葛肇奇,男,建筑系,建11,北京,北京市第八中学
2011010024,11111223,袁雪峰,男,建筑系,建11,北京,首都师范大学附属中学
2011010025,11321097,王冉,男,建筑系,建11,江苏,徐州市第一中学
2011010026,11321095,胥梦缘,男,建筑系,建11,江苏,江苏省射阳中学
2011010027,11331084,邬慧丽,女,建筑系,建11,浙江,杭州学军中学
2011010028,11341069,刘凤逸,男,建筑系,建11,安徽,颍上一中
2011010029,11341071,沈毓颖,女,建筑系,建11,安徽,芜湖市第一中学
2011010030,11361057,谢骞,男,建筑系,建11,江西,临川第一中学
2011010031,11431086,宋淼,女,建筑系,建11,湖南,长郡中学
2011010032,11431087,谯锦鹏,男,建筑系,建11,湖南,长沙市雅礼中学
2011010033,11531020,刘东元,男,建筑系,建11,云南,云南师范大学附属中学
2011010034,11111217,殷玥,女,建筑系,建12,北京,北京市十一学校
2011010035,11111219,张文昭,女,建筑系,建12,北京,北京师范大学附属实验中学
2011010036,11151040,赵萨日娜,女,建筑系,建12,内蒙古,乌兰浩特市一中
2011010037,11211084,马宁,女,建筑系,建12,辽宁,凤城市第一中学
2011010038,11411042,徐菊杰,女,建筑系,建12,河南,中原油田第一中学
2011010039,11451041,蔡宙燊,女,建筑系,建12,广西,岑溪中学
2011010040,11460001,王之玮,男,建筑系,建12,海南,海南师范大学附属中学
2011010041,11511079,甘旭东,男,建筑系,建12,四川,成都市第七中学
2011010042,11521034,刘耀阳,男,建筑系,建12,贵州,安顺市二中
2011010043,11531019,刘畅,女,建筑系,建12,云南,云南师范大学附属中学
2011010044,11611074,窦森,男,建筑系,建12,陕西,返回原籍
2011010045,11611075,王梦熠,女,建筑系,建12,陕西,交大附中
2011010046,11651020,康凯,男,建筑系,建12,新疆,兵团二中
2011010047,11651021,王杏妮,女,建筑系,建12,新疆,哈密地区二中
2011010048,11111003,马逸东,男,建筑系,建12,北京,中国人民大学附属中学
2011010049,11211008,郭金,女,建筑系,建12,辽宁,辽宁省实验中学
2011010050,11311039,冯丹,女,建筑系,建12,上海,华东师范大学第二附属中学
2011010051,11321020,金世雄,男,建筑系,建12,江苏,江苏省兴化中学
2011010052,11501007,卢清新,女,建筑系,建12,重庆,重庆市第一中学
2011010053,11111221,蔡忱,男,建筑系,建12,北京,中国人民大学附属中学
2011010054,11111213,杨隽然,女,建筑系,建12,北京,中国人民大学附属中学
2011010055,11111218,王越,男,建筑系,建12,北京,北京市十一学校
2011010056,11221071,薛昊天,男,建筑系,建12,吉林,东北师大附属中学
2011010057,11231061,盖鄚,男,建筑系,建12,黑龙江,大庆一中
2011010058,11321098,周辰,男,建筑系,建12,江苏,江苏省姜堰中学
2011010059,11341070,高祺,男,建筑系,建12,安徽,淮北市实验高级中学
2011010060,11351061,徐晨宇,男,建筑系,建12,福建,福州一中
2011010061,11371078,杨烁,男,建筑系,建12,山东,山东省实验中学
2011010062,11411041,马步青,男,建筑系,建12,河南,林州市第一中学
2011010063,11431088,杨哲,女,建筑系,建12,湖南,长郡中学
2011010064,11111209,杨宝诚,男,建筑系,建13,北京,北京市第八中学
2011010065,11121050,孙冉,女,建筑系,建13,天津,杨村一中
2011010066,11211086,张乃冰,女,建筑系,建13,辽宁,凌源市第一高级中学
2011010067,11221070,王靖淞,男,建筑系,建13,吉林,九台一中
2011010068,11321096,戴锐,男,建筑系,建13,江苏,江苏省盐城中学
2011010069,11341067,黄群,男,建筑系,建13,安徽,淮南二中
2011010070,11421081,张孝苇,女,建筑系,建13,湖北,华中师范大学第一附属中学
2011010071,11421082,余乐,男,建筑系,建13,湖北,当阳市第一高级中学
2011010072,11451042,朱玉风,女,建筑系,建13,广西,广西南宁市第二中学
2011010073,11521033,杨亚楠,男,建筑系,建13,贵州,遵义县第一中学
2011010074,11611073,田莱,女,建筑系,建13,陕西,高新一中
2011010075,11621033,左碧莹,女,建筑系,建13,甘肃,庆阳第一中学
2011010076,11111053,王澜钦,男,建筑系,建13,北京,中国人民大学附属中学
2011010077,11111036,吴珩,女,建筑系,建13,北京,北京市十一学校
2011010078,11351005,许东磊,男,建筑系,建13,福建,厦门市同安一中
2011010079,11511010,赵健程,男,建筑系,建13,四川,成都市第七中学
2011010080,11611015,朱钟晖,男,建筑系,建13,陕西,西北工业大学附中
2011010081,11651007,段俊毅,男,建筑系,建13,新疆,乌鲁木齐市一中
2011010082,11711005,唐宁,女,建筑系,建13,台湾,台湾国立台中女子高级中学
2011010083,11111216,张成章,男,建筑系,建13,北京,清华大学附属中学
2011010084,11111220,谭婧玮,女,建筑系,建13,北京,北京师范大学附属实验中学
2011010085,11111214,范林波,女,建筑系,建13,北京,中国人民大学附属中学
2011010086,11131072,刘少文,男,建筑系,建13,河北,河北衡水中学
2011010087,11311089,秦正煜,男,建筑系,建13,上海,复旦大学附属中学
2011010088,11311093,陈凌亚,女,建筑系,建13,上海,上海市上海中学
2011010089,11321094,蒋哲,男,建筑系,建13,江苏,江苏省前黄高级中学
2011010090,11341068,徐滢,女,建筑系,建13,安徽,安庆一中
2011010091,11371080,齐大勇,男,建筑系,建13,山东,寿光一中
2011010092,11501041,郑松,男,建筑系,建13,重庆,江津中学
2011010093,11111288,高竟天,男,土木工程系,结11,北京,中央民族大学附属中学
2011010094,11111289,贾曼婕,女,土木工程系,结11,北京,北京市第一七一中学
2011010095,11111278,王一江,男,土木工程系,结11,北京,北京市第四中学
2011010096,11131085,王海深,男,土木工程系,结11,河北,石家庄市第二中学
2011010097,11151053,高雨萌,女,土木工程系,结11,内蒙古,包头市九中
2011010098,11151052,黄飒,男,土木工程系,结11,内蒙古,海拉尔二中
2011010099,11211102,王冬亮,男,土木工程系,结11,辽宁,北票市尹湛纳希高级中学
2011010100,11311102,俞佳莹,女,土木工程系,结11,上海,上海市行知中学
2011010101,11321127,张琪,男,土木工程系,结11,江苏,江苏省如皋中学
2011010102,11341085,方帅,男,土木工程系,结11,安徽,歙县中学
2011010103,11421105,万样,男,土木工程系,结11,湖北,湖北省荆州中学
2011010104,11511106,张峻山,男,土木工程系,结11,四川,四川省绵阳中学
2011010105,11531034,杨坚,男,土木工程系,结11,云南,玉溪一中
2011010106,11611087,张芮瑜,男,土木工程系,结11,陕西,定边县招生办
2011010107,11611088,张佳宁,女,土木工程系,结11,陕西,返回原籍
2011010108,11131019,李明涛,男,土木工程系,结11,河北,邯郸市第一中学
2011010109,11331010,朱靖申,男,土木工程系,结11,浙江,宁波市镇海中学
2011010110,11341002,荣成骁,男,土木工程系,结11,安徽,淮北市第一中学
2011010111,11441002,邱瀚,男,土木工程系,结11,广东,华南师范大学附属中学
2011010112,11501003,郭宇韬,男,土木工程系,结11,重庆,重庆市巴蜀中学
2011010113,11511005,许俊彦,男,土木工程系,结11,四川,成都市第七中学
2011010114,11231077,李在上,男,土木工程系,结11,黑龙江,哈市师大附中
2011010115,11321128,殷振炜,男,土木工程系,结11,江苏,江苏省海安高级中学
2011010116,11371100,孙大伟,男,土木工程系,结11,山东,安丘一中
2011010117,11371099,刘文,男,土木工程系,结11,山东,泰安一中
2011010118,11421106,刘育麟,男,土木工程系,结11,湖北,武汉市第三中学
2011010119,11631018,龚翔瑞,女,土木工程系,结11,青海,湟川中学
2011010120,11641017,叶良浩,男,土木工程系,结11,宁夏,银川一中
2011010121,11111280,张裕翔,男,土木工程系,结11,北京,中国人民大学附属中学
2011010122,11111284,张溯,男,土木工程系,结11,北京,北京市西城区教育考试中心北区(
2011010123,11111285,李昊,女,土木工程系,结12,北京,北京市顺义牛栏山第一中学
2011010124,11111276,苏悦,男,土木工程系,结12,北京,中国人民大学附属中学
2011010125,11111287,沈羽桐,女,土木工程系,结12,北京,中央民族大学附属中学
2011010126,11121063,王哲,男,土木工程系,结12,天津,宝坻一中
2011010127,11131086,焦赞,男,土木工程系,结12,河北,河北安国中学
2011010128,11141073,张佳佳,男,土木工程系,结12,山西,海泉学校
2011010129,11211101,张云翼,男,土木工程系,结12,辽宁,东北育才学校
2011010130,11211103,王路扬,男,土木工程系,结12,辽宁,喀左蒙古族高中卓南分校
2011010131,11221086,李应馨,男,土木工程系,结12,吉林,磐石市第一中学
2011010132,11231076,张晓楠,女,土木工程系,结12,黑龙江,大庆市实验中学
2011010133,11321130,张一鸣,男,土木工程系,结12,江苏,江苏省淮阴中学
2011010134,11341089,张汉青,男,土木工程系,结12,安徽,淮北一中
2011010135,11351075,陈婷婷,女,土木工程系,结12,福建,泉港一中
2011010136,11361073,黄璜,男,土木工程系,结12,江西,安远一中(应届)
2011010137,11371098,王震,男,土木工程系,结12,山东,山东省昌乐二中
2011010138,11411046,陈亚宾,男,土木工程系,结12,河南,滑县第一中学
2011010139,11431110,汤宏伟,男,土木工程系,结12,湖南,长郡中学
2011010140,11511104,孙世然,男,土木工程系,结12,四川,四川省眉山中学校
2011010141,11531033,周鎏彤,男,土木工程系,结12,云南,云南师范大学附属中学
2011010142,11611090,任远,男,土木工程系,结12,陕西,莲湖区教育考试管理中心报名点
2011010143,11611086,赵馨怡,女,土木工程系,结12,陕西,西工大附中
2011010144,11651030,郑豫乾,男,土木工程系,结12,新疆,八一中学
2011010145,11111061,赵子博,男,土木工程系,结12,北京,北京市第四中学
2011010146,11321013,季进,男,土木工程系,结12,江苏,江苏省泰兴中学
2011010147,11421003,汪文强,男,土木工程系,结12,湖北,华中师范大学第一附属中学
2011010148,11441003,钟耀锋,男,土木工程系,结12,广东,深圳中学
2011010149,11501004,周游佳,男,土木工程系,结12,重庆,重庆市第一中学
2011010150,11311049,蔡熠,男,土木工程系,结12,上海,上海市奉贤中学
2011010151,11331104,洪隽天,男,土木工程系,结12,浙江,宁波市镇海中学
2011010152,11111279,王克,男,土木工程系,结13,北京,中国人民大学附属中学
2011010153,11111283,杨鸿远,男,土木工程系,结13,北京,北京密云文正培训部
2011010154,11111286,顾紫薇,女,土木工程系,结13,北京,北京市顺义牛栏山第一中学
2011010155,11121064,马丁,男,土木工程系,结13,天津,南开外地回津高中考生
2011010156,11221085,冯大成,男,土木工程系,结13,吉林,伊通一中
2011010157,11231075,张中正,男,土木工程系,结13,黑龙江,哈尔滨市三中
2011010158,11321129,孟欣,男,土木工程系,结13,江苏,江苏省淮阴中学
2011010159,11331105,茅权,男,土木工程系,结13,浙江,慈溪中学
2011010160,11331107,杨哲飚,男,土木工程系,结13,浙江,浙江省诸暨中学
2011010161,11411045,韩超豪,男,土木工程系,结13,河南,项城市第一高级中学
2011010162,11431112,刘剑,男,土木工程系,结13,湖南,衡阳市一中
2011010163,11441102,胡才益,男,土木工程系,结13,广东,珠海市第一中学
2011010164,11461011,潘在怡,女,土木工程系,结13,海南,文昌市文昌中学
2011010165,11511105,李祖宇,男,土木工程系,结13,四川,成都市第七中学
2011010166,11521047,王良松,男,土木工程系,结13,贵州,兴义市八中
2011010167,11611089,王颖文,女,土木工程系,结13,陕西,西铁一中
2011010168,11621045,潘晨,男,土木工程系,结13,甘肃,兰化中小学总校一中
2011010169,11641018,马飞,男,土木工程系,结13,宁夏,银川一中
2011010170,11651031,邓兴瑞,男,土木工程系,结13,新疆,乌鲁木齐市一中
2011010171,11131017,刘晟玮,男,土木工程系,结13,河北,河北衡水中学
2011010172,11311031,彭阳,男,土木工程系,结13,上海,上海市格致中学
2011010173,11361006,张伟越,男,土木工程系,结13,江西,鹰潭市贵溪市第一中学
2011010174,11371001,袁晗,男,土木工程系,结13,山东,寿光一中
2011010175,11421005,李帅,男,土木工程系,结13,湖北,武钢三中
2011010176,11531001,刘寒,男,土木工程系,结13,云南,昭通市第一中学
2011010177,11141074,常冠雄,男,土木工程系,结13,山西,太行中学(应)
2011010178,11341087,王珂,男,土木工程系,结13,安徽,宿城一中
2011010179,11111281,蔡志成,男,土木工程系,结13,北京,北京市第四中学
2011010180,11231074,王鑫怡,女,土木工程系,结13,黑龙江,大庆一中
2011010181,11111277,赵曜,男,土木工程系,结14,北京,中国人民大学附属中学
2011010182,11111282,王乐棋,男,土木工程系,结14,北京,北京市第一０一中学
2011010183,11141075,王江涛,男,土木工程系,结14,山西,太原五中
2011010184,11231078,李计相,男,土木工程系,结14,黑龙江,哈尔滨市三中
2011010185,11321126,张枭,男,土木工程系,结14,江苏,江苏省如皋中学
2011010186,11331106,阎逸航,男,土木工程系,结14,浙江,宁波市宁波中学
2011010187,11341086,章一鸣,男,土木工程系,结14,安徽,168中学
2011010188,11341088,贾迪,男,土木工程系,结14,安徽,太和一中
2011010189,11361072,万成,男,土木工程系,结14,江西,鹰潭市余江县第一中学
2011010190,11411044,刘晓龙,男,土木工程系,结14,河南,新密市第二高级中学
2011010191,11431111,黄豆,男,土木工程系,结14,湖南,泸溪县第一中学
2011010192,11441101,吴开来,男,土木工程系,结14,广东,潮阳实验学校
2011010193,11451051,谢梅杰,男,土木工程系,结14,广西,合浦廉州中学
2011010194,11511103,李欣点,女,土木工程系,结14,四川,成都市树德中学
2011010195,11521045,田向东,男,土木工程系,结14,贵州,印江县民族中学
2011010196,11621046,赵晓,男,土木工程系,结14,甘肃,庆阳第一中学
2011010197,11541007,鹿杨,男,土木工程系,结14,西藏,广东中山市实验高中
2011010198,11111051,李家纬,男,土木工程系,结14,北京,北京师范大学附属实验中学
2011010199,11131005,孙雅琼,女,土木工程系,结14,河北,石家庄市第二中学
2011010200,11131010,赵一轩,男,土木工程系,结14,河北,衡水市滏阳中学
2011010201,11421004,杨文康,男,土木工程系,结14,湖北,武汉市第二中学
2011010202,11511006,芶双科,男,土木工程系,结14,四川,成都市第七中学
2011010203,11821002,林梓宏,男,土木工程系,结14,澳门,澳门培正中学
2011010204,11121065,刘冠雄,男,土木工程系,结14,天津,四十七中学
2011010205,11371101,崔明哲,男,土木工程系,结14,山东,寿光一中
2011010206,11521046,李捷,男,土木工程系,结14,贵州,遵义航天高级中学
2011010207,11621044,谢湘雅,女,土木工程系,结14,甘肃,西北师大附属中学
2011010208,11311084,曹吴臻,男,土木工程系,结14,上海,上海市杨浦高级中学
2011010209,11311064,沈嘉玲,女,土木工程系,结14,上海,上海市崇明中学
2011010210,11121062,王乃欣,男,水利水电工程系,水工11,天津,咸水沽一中
2011010211,11131084,董文静,女,水利水电工程系,水工11,河北,秦皇岛市第一中学
2011010212,11151050,单楷越,女,水利水电工程系,水工11,内蒙古,鄂尔多斯市第一中学
2011010213,11211100,刘宏畅,男,水利水电工程系,水工11,辽宁,朝阳市第二高级中学
2011010214,11221083,金斌,男,水利水电工程系,水工11,吉林,珲春二中
2011010215,11231072,韩依霖,男,水利水电工程系,水工11,黑龙江,五常市高级中学
2011010216,11321123,张凯馨,女,水利水电工程系,水工11,江苏,江苏省如东高级中学
2011010217,11351074,黄虹霄,男,水利水电工程系,水工11,福建,厦门集美中学
2011010218,11431106,陶灼夫,男,水利水电工程系,水工11,湖南,长沙县实验中学
2011010219,11441097,尹智斌,男,水利水电工程系,水工11,广东,东莞中学松山湖学校
2011010220,11531031,熊艺淞,男,水利水电工程系,水工11,云南,云南师范大学附属中学
2011010221,11611085,穆梦斐,男,水利水电工程系,水工11,陕西,合阳中学
2011010222,11631016,刘祖光,男,水利水电工程系,水工11,青海,湟川中学
2011010223,11131016,王维浩,男,水利水电工程系,水工11,河北,河北衡水中学
2011010224,11361007,钟文,男,水利水电工程系,水工11,江西,南昌十中
2011010225,11411006,吕祚睿,男,水利水电工程系,水工11,河南,河南省实验中学
2011010226,11501014,吴超,男,水利水电工程系,水工11,重庆,重庆市第一中学
2011010227,11511007,席梁程,男,水利水电工程系,水工11,四川,南充高中
2011010228,11621002,安楠,男,水利水电工程系,水工11,甘肃,兰州第一中学
2011010229,11331103,高圻烽,男,水利水电工程系,水工11,浙江,绍兴县鲁迅中学
2011010230,11521044,金爱云,男,水利水电工程系,水工11,贵州,安顺市二中
2011010231,11621042,向晨瑶,女,水利水电工程系,水工11,甘肃,西北师大附属中学
2011010232,11211097,孙洪昕,男,水利水电工程系,水工11,辽宁,盖州市第一高级中学
2011010233,11371095,李畅飞,男,水利水电工程系,水工11,山东,广饶县第一中学
2011010234,11371096,马玉,女,水利水电工程系,水工11,山东,枣庄八中北校
2011010235,11411047,汪博浩,男,水利水电工程系,水工11,河南,中原油田第一中学
2011010236,11421104,王雅靓,女,水利水电工程系,水工11,湖北,武汉市第三中学
2011010237,11431104,潘洪武,男,水利水电工程系,水工11,湖南,沅江一中
2011010238,11441099,李龙,男,水利水电工程系,水工11,广东,湛江第一中学
2011010239,11651028,张逸扬,男,水利水电工程系,水工11,新疆,乌鲁木齐市一中
2011010240,11211098,樊凛,男,水利水电工程系,水工12,辽宁,北票市高级中学
2011010241,11321124,朱赛德,男,水利水电工程系,水工12,江苏,常州市第一中学
2011010242,11321125,徐蕴知,女,水利水电工程系,水工12,江苏,江苏省苏州中学校
2011010243,11361069,胡文涛,男,水利水电工程系,水工12,江西,上饶县中学
2011010244,11371097,张禹,男,水利水电工程系,水工12,山东,威海二中
2011010245,11411048,沈东辉,女,水利水电工程系,水工12,河南,长葛市一高
2011010246,11431109,吴伟泱,男,水利水电工程系,水工12,湖南,涟源一中
2011010247,11441096,陈斯典,男,水利水电工程系,水工12,广东,潮阳实验学校
2011010248,11451050,江剑,男,水利水电工程系,水工12,广西,广西柳州高级中学
2011010249,11501051,张林,男,水利水电工程系,水工12,重庆,重庆市南开中学
2011010250,11511101,吴昊亮,男,水利水电工程系,水工12,四川,青白江区大弯中学
2011010251,11521043,梅一钦,男,水利水电工程系,水工12,贵州,花溪清华中学
2011010252,11521042,吴云,男,水利水电工程系,水工12,贵州,清镇市一中
2011010253,11541003,邱凡,男,水利水电工程系,水工12,西藏,拉萨市区外高中应届毕业生
2011010254,11621043,韩晗,男,水利水电工程系,水工12,甘肃,庆阳第一中学
2011010255,11631017,郑乾坤,女,水利水电工程系,水工12,青海,四川省中学
2011010256,11641015,余鹏,男,水利水电工程系,水工12,宁夏,宁夏育才高级中学
2011010257,11131007,郑冠恒,男,水利水电工程系,水工12,河北,石家庄市第二中学
2011010258,11211023,林明达,男,水利水电工程系,水工12,辽宁,营口市高级中学
2011010259,11211006,刘康泽,女,水利水电工程系,水工12,辽宁,大连市第二十四中学
2011010260,11431004,周文博,男,水利水电工程系,水工12,湖南,长郡中学
2011010261,11441004,潘梓阳,男,水利水电工程系,水工12,广东,广州市执信中学
2011010262,11431105,彭雪婷,女,水利水电工程系,水工12,湖南,武陵源区一中
2011010263,11121061,盛浩,男,水利水电工程系,水工12,天津,杨村一中
2011010264,11331102,吴韬,男,水利水电工程系,水工12,浙江,浙江省诸暨中学
2011010265,11351073,赖翔,男,水利水电工程系,水工12,福建,漳州一中
2011010266,11411051,芦由,男,水利水电工程系,水工12,河南,潢川县高级中学
2011010267,11611084,韩建,男,水利水电工程系,水工12,陕西,迤山中学
2011010268,11641016,陈奔,男,水利水电工程系,水工12,宁夏,银川一中
2011010269,11501016,徐菱珮,女,水利水电工程系,水工12,重庆,重庆市第八中学
2011010270,11111275,李曲丰,男,水利水电工程系,水工13,北京,北京师范大学附属实验中学
2011010271,11151051,张宇,男,水利水电工程系,水工13,内蒙古,一机厂一中
2011010272,11211099,闫封任,男,水利水电工程系,水工13,辽宁,朝阳市第二高级中学
2011010273,11321122,成一凡,男,水利水电工程系,水工13,江苏,江苏省如东高级中学
2011010274,11331100,陈钟望,男,水利水电工程系,水工13,浙江,浙江省衢州第二中学
2011010275,11331101,徐敏婵,女,水利水电工程系,水工13,浙江,金华市第一中学
2011010276,11361070,邬涛,男,水利水电工程系,水工13,江西,赣州三中(应届)
2011010277,11411050,郭晓林,女,水利水电工程系,水工13,河南,河南省淮阳第一高中
2011010278,11411049,生名扬,男,水利水电工程系,水工13,河南,北大附中河南分校
2011010279,11411052,谢帅,男,水利水电工程系,水工13,河南,南阳市第五中学
2011010280,11441100,李嘉荣,男,水利水电工程系,水工13,广东,潮阳实验学校
2011010281,11441098,刘炳荣,男,水利水电工程系,水工13,广东,信宜市信宜中学
2011010282,11501052,向远鸿,男,水利水电工程系,水工13,重庆,重庆市巴蜀中学
2011010283,11511102,文冶强,男,水利水电工程系,水工13,四川,仁寿一中
2011010284,11531032,王识,男,水利水电工程系,水工13,云南,弥勒县第一中学
2011010285,11531030,聂皓,男,水利水电工程系,水工13,云南,昆明市第一中学
2011010286,11541002,嘎玛次仁,男,水利水电工程系,水工13,西藏,西藏自治区拉萨中学
2011010287,11611083,刘一瑶,女,水利水电工程系,水工13,陕西,汉台招办报名点
2011010288,11621041,郭利民,男,水利水电工程系,水工13,甘肃,会宁县第一中学
2011010289,11631015,罗长江,男,水利水电工程系,水工13,青海,大通二中
2011010290,11651029,刘奇,女,水利水电工程系,水工13,新疆,奎屯东方武术学校
2011010291,11121008,杨涵,男,水利水电工程系,水工13,天津,耀华中学
2011010292,11651001,翟桐,男,水利水电工程系,水工13,新疆,乌鲁木齐市一中
2011010293,11431108,张益萌,男,水利水电工程系,水工13,湖南,湘潭县一中
2011010294,11431107,李格雷,男,水利水电工程系,水工13,湖南,长郡中学
2011010295,11511100,杨晨康,男,水利水电工程系,水工13,四川,成都七中嘉祥外国语学校
2011010296,11221082,丁硕,男,水利水电工程系,水工13,吉林,通化市第一中学
2011010297,11341084,张鑫,男,水利水电工程系,水工13,安徽,合肥一中
2011010298,11361071,彭肖,男,水利水电工程系,水工13,江西,新余市第四中学
2011010299,11231073,张璐杨,女,水利水电工程系,水工13,黑龙江,哈尔滨市三中
2011010300,11111188,郑艺,女,环境学院,环11,北京,北京市第十二中学
2011010301,11131063,张明武,男,环境学院,环11,河北,河北衡水中学
2011010302,11151035,乔杨,女,环境学院,环11,内蒙古,呼市二中
2011010303,11221058,王旭,男,环境学院,环11,吉林,九台一中
2011010304,11231051,袁伟,男,环境学院,环11,黑龙江,哈市师大附中
2011010305,11331074,叶子,女,环境学院,环11,浙江,浙江省江山中学
2011010306,11361051,周灿炜,男,环境学院,环11,江西,江西师大附中
2011010307,11371064,孙源梓,女,环境学院,环11,山东,荣成市第三中学
2011010308,11411053,朱慧青,女,环境学院,环11,河南,洛阳市东方高级中学
2011010309,11441078,邝绮颖,女,环境学院,环11,广东,新会第一中学
2011010310,11441077,李德安,男,环境学院,环11,广东,高要市第二中学
2011010311,11531014,尹丽丹,女,环境学院,环11,云南,腾冲县第一中学
2011010312,11141010,杨煜,男,环境学院,环11,山西,山大附中
2011010313,11331022,温典,男,环境学院,环11,浙江,温州中学
2011010314,11341005,赵康乾,男,环境学院,环11,安徽,马鞍山市二中
2011010315,11451004,周天航,男,环境学院,环11,广西,广西师范大学附属外国语学校
2011010316,11501008,郑界,男,环境学院,环11,重庆,重庆市第八中学
2011010317,11611016,刘枢桐,男,环境学院,环11,陕西,西安交通大学附中
2011010318,11111186,张辰,男,环境学院,环11,北京,北京市顺义牛栏山第一中学
2011010319,11531016,瞿强勇,男,环境学院,环11,云南,德宏州民族一中
2011010320,11111183,王芊樾,女,环境学院,环11,北京,北京市第一０一中学
2011010321,11131064,高旭华,女,环境学院,环11,河北,石家庄市第一中学
2011010322,11311105,陆逸玮,女,环境学院,环11,上海,上海市延安中学
2011010323,11321113,张宇轩,男,环境学院,环11,江苏,江苏省盐城中学
2011010324,11321081,陆玉立,男,环境学院,环11,江苏,江苏省海门中学
2011010325,11321080,陈小彤,女,环境学院,环11,江苏,江苏省泗阳县致远中学
2011010326,11421071,肖垚,女,环境学院,环11,湖北,武汉钢铁集团公司第三子弟中学
2011010327,11431076,张博文,男,环境学院,环11,湖南,长沙市雅礼中学
2011010328,11211070,葛雨薇,女,环境学院,环11,辽宁,鞍山市第一中学
2011010329,11111187,李梦晨,女,环境学院,环12,北京,北京市第十二中学
2011010330,11141051,王文君,女,环境学院,环12,山西,晋城一中
2011010331,11221059,王畅,女,环境学院,环12,吉林,东北师大附属中学
2011010332,11231050,王运宏,男,环境学院,环12,黑龙江,齐市实验中学
2011010333,11321079,于悦,女,环境学院,环12,江苏,江苏省海安高级中学
2011010334,11321078,王睿,女,环境学院,环12,江苏,南京师范大学附属中学
2011010335,11351048,张琦,女,环境学院,环12,福建,三明一中
2011010336,11371063,任亚楠,女,环境学院,环12,山东,山东省昌乐二中
2011010337,11431074,聂芝洁,女,环境学院,环12,湖南,长沙市雅礼中学
2011010338,11511070,张雨薇,女,环境学院,环12,四川,成都市第七中学
2011010339,11531015,雷磊,男,环境学院,环12,云南,云南师范大学附属中学
2011010340,11541001,谢嘉琪,女,环境学院,环12,西藏,山南地区区外高中应届毕业生
2011010341,11141006,黄海,男,环境学院,环12,山西,山大附中
2011010342,11321035,朱启运,男,环境学院,环12,江苏,江苏省淮阴中学
2011010343,11321008,成辉,男,环境学院,环12,江苏,南京外国语学校
2011010344,11341003,许庆成,男,环境学院,环12,安徽,马鞍山市二中
2011010345,11411010,马丁,男,环境学院,环12,河南,郑州一中
2011010346,11411011,刘彦伶,女,环境学院,环12,河南,郑州外国语学校
2011010347,11441015,马子昂,男,环境学院,环12,广东,深圳中学
2011010348,11361050,颜圣知,男,环境学院,环12,江西,江西师大附中
2011010349,11501036,叶思齐,男,环境学院,环12,重庆,重庆市第一中学
2011010350,11621031,郭家良,男,环境学院,环12,甘肃,西北师大附属中学
2011010351,11111182,张丰友,男,环境学院,环12,北京,北京大学附属中学
2011010352,11111180,雷丹婧,女,环境学院,环12,北京,中国人民大学附属中学
2011010353,11131062,张潇,男,环境学院,环12,河北,河北省沧州市第一中学
2011010354,11341055,王开元,男,环境学院,环12,安徽,安庆一中
2011010355,11431075,李嘉昕,男,环境学院,环12,湖南,长沙市雅礼中学
2011010356,11111181,张峰,男,环境学院,环12,北京,北京市西城区教育考试中心北区(
2011010357,11111184,刘涛,男,环境学院,环13,北京,北京市第五中学
2011010358,11121043,李树莹,女,环境学院,环13,天津,静海一中
2011010359,11141052,刘莹,女,环境学院,环13,山西,晋城一中
2011010360,11211069,胥紫宸,男,环境学院,环13,辽宁,喀左蒙古族高中卓南分校
2011010361,11321077,邓楠,男,环境学院,环13,江苏,江苏省上冈高级中学
2011010362,11331073,陈家盈,女,环境学院,环13,浙江,浙江省奉化中学
2011010363,11341056,杨道源,男,环境学院,环13,安徽,合肥八中
2011010364,11351049,高琰昕,女,环境学院,环13,福建,漳州一中
2011010365,11411054,宋浩淼,女,环境学院,环13,河南,洛阳理工学院附中
2011010366,11451037,方品晟,男,环境学院,环13,广西,广西师大附属外国语学校
2011010367,11511068,唐兴帆,男,环境学院,环13,四川,成都市外国语学校
2011010368,11511069,宁婷,女,环境学院,环13,四川,崇州市崇庆中学
2011010369,11611064,李越,男,环境学院,环13,陕西,临渭区招生办高考报名点
2011010370,11541006,次旺多杰,男,环境学院,环13,西藏,山东省东营一中
2011010371,11651038,刘玉红,女,环境学院,环13,新疆,浙江省温州中学
2011010372,11111054,龙华江,男,环境学院,环13,北京,清华大学附属中学
2011010373,11141013,吴致轩,男,环境学院,环13,山西,省实验中学
2011010374,11311043,施天麟,男,环境学院,环13,上海,上海市上海中学
2011010375,11351013,颜思捷,男,环境学院,环13,福建,晋江养正中学
2011010376,11321076,姜盛瑶,女,环境学院,环13,江苏,江苏省海门中学
2011010377,11111185,孙冬雅,女,环境学院,环13,北京,北京市第四中学
2011010378,11131065,马卓然,男,环境学院,环13,河北,河北省张家口市第一中学
2011010379,11231052,宋盈盈,女,环境学院,环13,黑龙江,佳木斯第一中学
2011010380,11321082,周薛琛,男,环境学院,环13,江苏,无锡市第一中学
2011010381,11421072,毛旭辉,男,环境学院,环13,湖北,华中师范大学第一附属中学
2011010382,11421073,张诗卉,女,环境学院,环13,湖北,华中师范大学第一附属中学
2011010383,11441080,林研贤,男,环境学院,环13,广东,潮阳实验学校
2011010384,11441079,曾亚妮,女,环境学院,环13,广东,深圳市实验学校高中部
2011010385,11111189,李延琪,女,机械工程系,机械11,北京,北京市东城区招生考试中心南区(
2011010386,11111193,柴磊,男,机械工程系,机械11,北京,北京市第十二中学
2011010387,11141053,赵蛇福,男,机械工程系,机械11,山西,海泉学校
2011010388,11221060,郭一伯,男,机械工程系,机械11,吉林,农安实验中学
2011010389,11361053,潘霖,男,机械工程系,机械11,江西,临川第一中学
2011010390,11371068,常树鹤,男,机械工程系,机械11,山东,临清一中
2011010391,11411058,刘亮亮,男,机械工程系,机械11,河南,河南省淮阳中学
2011010392,11411056,霍恒宁,男,机械工程系,机械11,河南,漯河高级中学
2011010393,11501037,赵磊,男,机械工程系,机械11,重庆,重庆市南开中学
2011010394,11511072,王小龙,男,机械工程系,机械11,四川,新津县华润学校
2011010395,11641009,杨硕,男,机械工程系,机械11,宁夏,银川二中
2011010396,11211024,曹人天,男,机械工程系,机械11,辽宁,辽宁省实验中学
2011010397,11211003,杨镇铭,男,机械工程系,机械11,辽宁,大连育明高中
2011010398,11341015,宋阳,男,机械工程系,机械11,安徽,安徽师范大学附属中学
2011010399,11351011,柳云飞,男,机械工程系,机械11,福建,福安市第一中学
2011010400,11351012,陈恩俊,男,机械工程系,机械11,福建,莆田一中
2011010401,11421019,翁谋毅,男,机械工程系,机械11,湖北,武汉市第二中学
2011010402,11141054,郭嘉,男,机械工程系,机械11,山西,太谷中学
2011010403,11231053,刘天坤,男,机械工程系,机械11,黑龙江,大庆市实验中学
2011010404,11321085,华彧,男,机械工程系,机械11,江苏,江苏省淮阴中学
2011010405,11331077,肖鹤翀,男,机械工程系,机械11,浙江,宁波市镇海中学
2011010406,11531018,肖辉,男,机械工程系,机械11,云南,昭通市第一中学
2011010407,11611068,聂亦涵,男,机械工程系,机械11,陕西,西工大附中
2011010408,11111191,黄喆晋,男,机械工程系,机械11,北京,中国人民大学附属中学
2011010409,11131068,华霄桐,男,机械工程系,机械11,河北,河北衡水中学
2011010410,11441081,许稷华,男,机械工程系,机械11,广东,东莞市东华高级中学
2011010411,11501039,李雪梨,女,机械工程系,机械11,重庆,重庆市巴蜀中学
2011010412,11211071,王思琦,女,机械工程系,机械11,辽宁,辽阳市第一高级中学
2011010413,11341060,胡尚坤,男,机械工程系,机械11,安徽,全椒中学
2011010414,11371069,燕琦,男,机械工程系,机械11,山东,广饶县第一中学
2011010415,11111192,毕新承,男,机械工程系,机械12,北京,北京市通州区潞河中学
2011010416,11131066,李佳炜,男,机械工程系,机械12,河北,衡水市滏阳中学
2011010417,11141055,潘逸飞,男,机械工程系,机械12,山西,文水中学
2011010418,11211075,张强,男,机械工程系,机械12,辽宁,盘锦市高级中学
2011010419,11221062,崔德宇,男,机械工程系,机械12,吉林,延边二中
2011010420,11331076,陈飞飞,女,机械工程系,机械12,浙江,宁波市北仑中学
2011010421,11341057,黄欣杨,男,机械工程系,机械12,安徽,六安一中
2011010422,11351051,黄御宇,男,机械工程系,机械12,福建,福州一中
2011010423,11351053,叶瀚,男,机械工程系,机械12,福建,泉州第五中学
2011010424,11361052,王竞,男,机械工程系,机械12,江西,临川第一中学
2011010425,11371065,周振雷,男,机械工程系,机械12,山东,即墨市实验高中
2011010426,11371066,刘少军,男,机械工程系,机械12,山东,枣庄八中南校
2011010427,11411057,张家辉,男,机械工程系,机械12,河南,漯河高级中学
2011010428,11411055,杨家骥,男,机械工程系,机械12,河南,鹤壁高中（新校区）
2011010429,11431077,尹源,男,机械工程系,机械12,湖南,常德市一中
2011010430,11431079,张精文,男,机械工程系,机械12,湖南,会同县第一中学
2011010431,11521030,罗博,男,机械工程系,机械12,贵州,兴义市八中
2011010432,11611065,杨昆瑛,男,机械工程系,机械12,陕西,汉台招办报名点
2011010433,11621032,魏威,男,机械工程系,机械12,甘肃,嘉峪关市酒钢三中
2011010434,11131004,赵亚玲,女,机械工程系,机械12,河北,河北衡水中学
2011010435,11141005,樊翔宇,男,机械工程系,机械12,山西,晋城一中(应)
2011010436,11311001,叶文杰,男,机械工程系,机械12,上海,上海复旦大学附属中学
2011010437,11511016,熊垚,男,机械工程系,机械12,四川,成都市石室中学
2011010438,11711007,陈柏苍,男,机械工程系,机械12,台湾,台湾台北市私立薇阁高级中学
2011010439,11211073,邵俊凯,男,机械工程系,机械12,辽宁,大连育明高中
2011010440,11321083,朱戡,男,机械工程系,机械12,江苏,江苏省如皋中学
2011010441,11331078,黄佳杰,男,机械工程系,机械12,浙江,绍兴县鲁迅中学
2011010442,11611067,赵晋,女,机械工程系,机械12,陕西,眉县槐芽中学
2011010443,11501017,刘士达,男,机械工程系,机械12,重庆,重庆市巴蜀中学
2011010444,11341059,王雨佳,男,机械工程系,机械12,安徽,天长中学
2011010445,11111190,李祯,男,机械工程系,机械13,北京,北京汇文中学
2011010446,11121044,李彦宇,男,机械工程系,机械13,天津,七中
2011010447,11211072,于景洋,男,机械工程系,机械13,辽宁,东港市第二中学
2011010448,11231054,刘奎,男,机械工程系,机械13,黑龙江,宝泉岭分局高级中学
2011010449,11321084,邱杨,男,机械工程系,机械13,江苏,江苏省运河中学
2011010450,11331075,林义,男,机械工程系,机械13,浙江,温州中学
2011010451,11341058,陈一鸣,男,机械工程系,机械13,安徽,明光中学
2011010452,11351050,翁宇昌,男,机械工程系,机械13,福建,莆田一中
2011010453,11351052,蔡宗延,男,机械工程系,机械13,福建,厦门外国语学校
2011010454,11361054,刘文剑,男,机械工程系,机械13,江西,万年中学
2011010455,11371067,马保良,男,机械工程系,机械13,山东,聊城市外国语学校
2011010456,11421074,金石,男,机械工程系,机械13,湖北,华中师范大学第一附属中学
2011010457,11431078,彭智,男,机械工程系,机械13,湖南,隆回一中
2011010458,11451038,韦宏,男,机械工程系,机械13,广西,河池高级中学
2011010459,11501038,魏凯,男,机械工程系,机械13,重庆,重庆市第十八中学校
2011010460,11511071,王雄,男,机械工程系,机械13,四川,广安中学
2011010461,11531017,池中海,男,机械工程系,机械13,云南,会泽县茚旺高级中学
2011010462,11631007,白生文,男,机械工程系,机械13,青海,湟中一中
2011010463,11131003,杨璠,男,机械工程系,机械13,河北,石家庄市第二中学
2011010464,11321030,陆益,男,机械工程系,机械13,江苏,江苏省海安高级中学
2011010465,11371007,张洪铭,男,机械工程系,机械13,山东,枣庄市第八中学
2011010466,11441014,陈玥,女,机械工程系,机械13,广东,华南师范大学附属中学
2011010467,11141001,于振洋,男,机械工程系,机械13,山西,山大附中
2011010468,11521031,陈汉森,男,机械工程系,机械13,贵州,贵阳市第一中学
2011010469,11611066,姜艺林,男,机械工程系,机械13,陕西,莲湖区教育考试管理中心报名点
2011010470,11131067,高颖,女,机械工程系,机械13,河北,河北衡水中学
2011010471,11221061,李欣达,男,机械工程系,机械13,吉林,吉林一中
2011010472,11211074,姜旸,男,机械工程系,机械13,辽宁,大连市第二十四中学
2011010473,11341061,张文,男,机械工程系,机械13,安徽,桐城中学二
2011010474,11411130,孙樱日,男,机械工程系,机械13,河南,林州市第一中学
2011010475,11141079,要佳敏,女,精密仪器与机械学系,精11,山西,太原五中
2011010476,11141077,贾石,男,精密仪器与机械学系,精11,山西,忻州一中
2011010477,11211106,常洪全,男,精密仪器与机械学系,精11,辽宁,瓦房店市高级中学
2011010478,11321134,黄磊,女,精密仪器与机械学系,精11,江苏,江苏省扬州中学
2011010479,11331114,戴安南,男,精密仪器与机械学系,精11,浙江,宁波市镇海中学
2011010480,11351078,李柏弘,男,精密仪器与机械学系,精11,福建,德化一中
2011010481,11371106,霍永锡,男,精密仪器与机械学系,精11,山东,淄博七中
2011010482,11421110,易晓满,男,精密仪器与机械学系,精11,湖北,随州市曾都区第一中学
2011010483,11431117,莫艽,男,精密仪器与机械学系,精11,湖南,泸溪县第一中学
2011010484,11521052,胡星宇,男,精密仪器与机械学系,精11,贵州,遵义航天高级中学
2011010485,11521050,吴艳,女,精密仪器与机械学系,精11,贵州,安顺市二中
2011010486,11631019,史渊,男,精密仪器与机械学系,精11,青海,湟川中学
2011010487,11111004,李子赫,男,精密仪器与机械学系,精11,北京,中国人民大学附属中学
2011010488,11211005,于大元,男,精密仪器与机械学系,精11,辽宁,大连市第二十四中学
2011010489,11231002,姜博成,男,精密仪器与机械学系,精11,黑龙江,牡丹江市第一高级中学
2011010490,11411001,刘蓁,女,精密仪器与机械学系,精11,河南,开封高中
2011010491,11501013,陈诗元,男,精密仪器与机械学系,精11,重庆,重庆市巴蜀中学
2011010492,11611004,耿强,男,精密仪器与机械学系,精11,陕西,高新一中
2011010493,11211110,韩盈舟,男,精密仪器与机械学系,精11,辽宁,辽河油田第一高级中学
2011010494,11131090,尚恩垚,男,精密仪器与机械学系,精11,河北,河北衡水中学
2011010495,11321138,周祥,男,精密仪器与机械学系,精11,江苏,江苏省宿迁中学
2011010496,11441110,石安然,男,精密仪器与机械学系,精11,广东,华南师范大学附属中学
2011010497,11441108,谢李乐,女,精密仪器与机械学系,精11,广东,中山纪念中学
2011010498,11141078,田雷,男,精密仪器与机械学系,精12,山西,城区往届生
2011010499,11141082,陈俊宇,男,精密仪器与机械学系,精12,山西,榆次一中
2011010500,11211107,耿智,男,精密仪器与机械学系,精12,辽宁,大连市金州高级中学
2011010501,11221093,冯大龙,男,精密仪器与机械学系,精12,吉林,伊通一中
2011010502,11411061,刘雪玲,女,精密仪器与机械学系,精12,河南,温县第一高级中学
2011010503,11441109,张炫彬,男,精密仪器与机械学系,精12,广东,新会第一中学
2011010504,11521049,印忠文,男,精密仪器与机械学系,精12,贵州,兴义市八中
2011010505,11531038,宋霖,男,精密仪器与机械学系,精12,云南,昆明市第一中学
2011010506,11361003,温晨阳,男,精密仪器与机械学系,精12,江西,新余市第一中学
2011010507,11511002,陈建宇,男,精密仪器与机械学系,精12,四川,成都七中嘉祥外国语学校
2011010508,11611003,袁博地,男,精密仪器与机械学系,精12,陕西,西安铁一中
2011010509,11421111,胡志鹏,男,精密仪器与机械学系,精12,湖北,武汉外国语学校
2011010510,11111307,彭天放,男,精密仪器与机械学系,精12,北京,北京师范大学第二附属中学
2011010511,11121069,姜文凯,男,精密仪器与机械学系,精12,天津,南开中学
2011010512,11141080,赵君怡,女,精密仪器与机械学系,精12,山西,太原五中
2011010513,11221092,钟源,男,精密仪器与机械学系,精12,吉林,东北师大附属中学
2011010514,11311099,李昶,男,精密仪器与机械学系,精12,上海,上海市七宝中学
2011010515,11321136,周易辰,男,精密仪器与机械学系,精12,江苏,江苏省天一中学
2011010516,11331113,沈通,男,精密仪器与机械学系,精12,浙江,浙江省湖州中学
2011010517,11411060,朱培源,男,精密仪器与机械学系,精12,河南,罗山高中
2011010518,11651033,张巧丽,女,精密仪器与机械学系,精12,新疆,实验中学
2011010519,11651034,贾波,男,精密仪器与机械学系,精12,新疆,兵团二中
2011010520,11341096,秦月明,女,精密仪器与机械学系,精12,安徽,涡阳一中
2011010521,11111308,扈兆辉,男,精密仪器与机械学系,精13,北京,北京市大兴区第一中学
2011010522,11131089,司洪卫,男,精密仪器与机械学系,精13,河北,河北衡水中学
2011010523,11141081,李洪鹏,男,精密仪器与机械学系,精13,山西,祁县高考复习中心
2011010524,11151056,任寅秋,男,精密仪器与机械学系,精13,内蒙古,包钢一中
2011010525,11231082,吴英楠,女,精密仪器与机械学系,精13,黑龙江,哈尔滨市三中
2011010526,11351077,叶颖琦,女,精密仪器与机械学系,精13,福建,上杭一中
2011010527,11441107,程文俊,男,精密仪器与机械学系,精13,广东,中山市第一中学
2011010528,11451054,肖翔,男,精密仪器与机械学系,精13,广西,广西宾阳中学
2011010529,11511111,刘清源,男,精密仪器与机械学系,精13,四川,大邑中学
2011010530,11521051,陈智威,男,精密仪器与机械学系,精13,贵州,贵阳市第一中学
2011010531,11531037,刘祯,男,精密仪器与机械学系,精13,云南,瑞丽市第一民族中学
2011010532,11621048,张之勋,男,精密仪器与机械学系,精13,甘肃,民乐县第一中学
2011010533,11651035,韩秀燕,女,精密仪器与机械学系,精13,新疆,乌鲁木齐市101中学
2011010534,11331005,朱陶元敏,男,精密仪器与机械学系,精13,浙江,杭州外语学校
2011010535,11431002,傅沁宜,女,精密仪器与机械学系,精13,湖南,湖南师大附中
2011010536,11371105,张凡,男,精密仪器与机械学系,精13,山东,东营胜利第一中学
2011010537,11211108,刘廷昊,男,精密仪器与机械学系,精13,辽宁,大连育明高中
2011010538,11231083,牛朝政,男,精密仪器与机械学系,精13,黑龙江,大庆市实验中学
2011010539,11321135,刘晨,男,精密仪器与机械学系,精13,江苏,江苏省海安高级中学
2011010540,11411059,崔昊天,男,精密仪器与机械学系,精13,河南,郑州一中
2011010541,11431119,林志杭,男,精密仪器与机械学系,精13,湖南,衡阳市一中
2011010542,11331115,朱萧烨,男,精密仪器与机械学系,精13,浙江,浙江萧山中学
2011010543,11151055,刘旸,男,精密仪器与机械学系,精14,内蒙古,内蒙师大附中
2011010544,11321133,李婧,女,精密仪器与机械学系,精14,江苏,江苏省如皋中学
2011010545,11331116,徐霄,男,精密仪器与机械学系,精14,浙江,宁波市镇海中学
2011010546,11341095,汤佳骏,男,精密仪器与机械学系,精14,安徽,马鞍山市二中
2011010547,11371104,毕伟尧,男,精密仪器与机械学系,精14,山东,烟台一中
2011010548,11421112,金帝,男,精密仪器与机械学系,精14,湖北,鄂南高中
2011010549,11461014,符其树,男,精密仪器与机械学系,精14,海南,澄迈县澄迈中学
2011010550,11511110,陈波,男,精密仪器与机械学系,精14,四川,中江中学
2011010551,11611093,安迪,男,精密仪器与机械学系,精14,陕西,返回原籍
2011010552,11651040,姬存宝,男,精密仪器与机械学系,精14,新疆,江苏省口岸中学
2011010553,11141014,刘畅,男,精密仪器与机械学系,精14,山西,山大附中
2011010554,11361002,徐曼琪,女,精密仪器与机械学系,精14,江西,永丰中学
2011010555,11431001,黄博爽,男,精密仪器与机械学系,精14,湖南,雅礼中学
2011010556,11441001,蒋沛珍,女,精密仪器与机械学系,精14,广东,华南师范大学附属中学
2011010557,11621001,陈言,男,精密仪器与机械学系,精14,甘肃,天水市第一中学
2011010558,11111309,武韬,男,精密仪器与机械学系,精14,北京,首都师范大学附属育新学校
2011010559,11131091,杜涵泊,男,精密仪器与机械学系,精14,河北,河北衡水中学
2011010560,11211109,张本奇,男,精密仪器与机械学系,精14,辽宁,辽宁省实验中学
2011010561,11231081,刘蓝予,男,精密仪器与机械学系,精14,黑龙江,哈尔滨市三中
2011010562,11311107,权奇勋,男,精密仪器与机械学系,精14,上海,上海市育才中学
2011010563,11321137,韩超晟,男,精密仪器与机械学系,精14,江苏,江苏省苏州中学校
2011010564,11431116,李修齐,女,精密仪器与机械学系,精14,湖南,湖南师大附中
2011010565,11141019,王懿飞,男,精密仪器与机械学系,精15,山西,太谷二中
2011010566,11141018,赵辰,男,精密仪器与机械学系,精15,山西,山大附中
2011010567,11141020,王可传,男,精密仪器与机械学系,精15,山西,介休一中
2011010568,11151012,任国亭,男,精密仪器与机械学系,精15,内蒙古,集宁一中
2011010569,11151013,刘斯琦,男,精密仪器与机械学系,精15,内蒙古,赤峰二中
2011010570,11151011,马骥遥,男,精密仪器与机械学系,精15,内蒙古,赤峰红旗中学
2011010571,11221032,鞠春鸽,女,精密仪器与机械学系,精15,吉林,农安实验中学
2011010572,11231020,马国辉,男,精密仪器与机械学系,精15,黑龙江,双城市兆麟中学
2011010573,11341105,范化喜,男,精密仪器与机械学系,精15,安徽,淮南一中
2011010574,11351024,陈代伟,男,精密仪器与机械学系,精15,福建,福清一中
2011010575,11351023,李荣华,男,精密仪器与机械学系,精15,福建,漳浦一中
2011010576,11351025,蔡君豪,男,精密仪器与机械学系,精15,福建,闽侯一中
2011010577,11361021,刘钢,男,精密仪器与机械学系,精15,江西,都昌县二中
2011010578,11361019,刘海涛,男,精密仪器与机械学系,精15,江西,新干中学(应届)
2011010579,11361020,廖茂有,男,精密仪器与机械学系,精15,江西,赣州三中(应届)
2011010580,11411026,余洪涛,男,精密仪器与机械学系,精15,河南,信阳市四高
2011010581,11411027,张世轲,男,精密仪器与机械学系,精15,河南,汝州市第一高级中学
2011010582,11411025,张辉,男,精密仪器与机械学系,精15,河南,开封市河大附中
2011010583,11501059,何升阳,男,精密仪器与机械学系,精15,重庆,重庆市求精中学
2011010584,11521008,李国朕,男,精密仪器与机械学系,精15,贵州,六盘水市第五中学
2011010585,11521007,陈明旺,男,精密仪器与机械学系,精15,贵州,思南中学
2011010586,11621011,赵佳锡,男,精密仪器与机械学系,精15,甘肃,民勤县第一中学
2011010587,11131101,韩自强,男,精密仪器与机械学系,精15,河北,衡水市第二中学
2011010588,11431042,杨蒙,男,精密仪器与机械学系,精15,湖南,石门县第一中学
2011010589,11431043,余志友,男,精密仪器与机械学系,精15,湖南,明德中学
2011010590,11431041,何睿,男,精密仪器与机械学系,精15,湖南,慈利一中
2011010591,11411128,夏一楠,男,精密仪器与机械学系,精15,河南,信阳高中
2011010592,11431118,杨武魁,男,精密仪器与机械学系,精15,湖南,邵东一中
2011010593,11131102,林松楠,女,精密仪器与机械学系,精15,河北,衡水市滏阳中学
2011010594,11231084,任伟,男,精密仪器与机械学系,精15,黑龙江,大庆市实验中学
2011010595,11411132,郑檬娟,女,精密仪器与机械学系,精15,河南,许昌县三高
2011010596,11411131,路亚伟,男,精密仪器与机械学系,精15,河南,睢县高级中学
2011010597,11421113,舒晗,男,精密仪器与机械学系,精15,湖北,荆门市龙泉中学
2011010598,11421114,江焕波,男,精密仪器与机械学系,精15,湖北,湖北省武昌实验中学
2011010599,11611103,赵康智,男,精密仪器与机械学系,精15,陕西,返回原籍
2011010600,11131080,郑怡姗,女,热能工程系,热动11,河北,石家庄市第二中学
2011010601,11151046,闫帅,男,热能工程系,热动11,内蒙古,鄂尔多斯市第一中学
2011010602,11221077,李光敏,男,热能工程系,热动11,吉林,延边一中
2011010603,11231065,顾晨,男,热能工程系,热动11,黑龙江,齐市实验中学
2011010604,11361064,高远,男,热能工程系,热动11,江西,江西师大附中
2011010605,11361062,程承,男,热能工程系,热动11,江西,修水县英才中学
2011010606,11371086,周媛媛,女,热能工程系,热动11,山东,淄博市实验中学
2011010607,11421087,张格培,男,热能工程系,热动11,湖北,恩施土家族苗族自治州高级中学
2011010608,11421089,谢栋,男,热能工程系,热动11,湖北,湖北省天门中学
2011010609,11451046,石楚,女,热能工程系,热动11,广西,合浦廉州中学
2011010610,11511094,严平,女,热能工程系,热动11,四川,渠县中学
2011010611,11651025,杨晨路,男,热能工程系,热动11,新疆,乌鲁木齐市一中
2011010612,11131025,刘隆刚,男,热能工程系,热动11,河北,邯郸市第一中学
2011010613,11320007,张越,男,热能工程系,热动11,江苏,南京外国语学校
2011010614,11421012,梅俊宇,男,热能工程系,热动11,湖北,襄樊市第四中学
2011010615,11431007,廖致远,男,热能工程系,热动11,湖南,雅礼中学
2011010616,11431009,吴晟基,男,热能工程系,热动11,湖南,长郡中学
2011010617,11441009,杨植麟,男,热能工程系,热动11,广东,汕头市金山中学
2011010618,11611012,李培铭,男,热能工程系,热动11,陕西,西北工业大学附中
2011010619,11621006,张文昌,男,热能工程系,热动11,甘肃,兰州第一中学
2011010620,11641001,许亚伟,男,热能工程系,热动11,宁夏,银川九中
2011010621,11111258,赵奉宣,男,热能工程系,热动11,北京,北京师范大学第二附属中学
2011010622,11111257,陈云天,男,热能工程系,热动11,北京,中国人民大学附属中学
2011010623,11611078,史文峥,男,热能工程系,热动11,陕西,汉台招办报名点
2011010624,11131081,张翼,男,热能工程系,热动11,河北,邢台市第一中学
2011010625,11321111,李新新,女,热能工程系,热动11,江苏,江苏省苏州中学校
2011010626,11221076,李小平,男,热能工程系,热动11,吉林,德惠一中
2011010627,11341078,韩特,男,热能工程系,热动11,安徽,舒城中学
2011010628,11371089,于涵,男,热能工程系,热动11,山东,枣庄八中南校
2011010629,11511036,杨锐,男,热能工程系,热动11,四川,遂宁市高级实验学校
2011010630,11121056,唐斌,男,热能工程系,热动12,天津,宝坻一中
2011010631,11141065,侯丁钰,女,热能工程系,热动12,山西,山大附中
2011010632,11211090,梁学胜,男,热能工程系,热动12,辽宁,朝阳市第一高级中学
2011010633,11341076,郑若楠,女,热能工程系,热动12,安徽,168中学
2011010634,11411064,冯乐乐,男,热能工程系,热动12,河南,潢川县高级中学
2011010635,11411062,龚亚丽,女,热能工程系,热动12,河南,上蔡县第一高级中学
2011010636,11431095,李烨,男,热能工程系,热动12,湖南,临澧县一中
2011010637,11511093,周奎,男,热能工程系,热动12,四川,泸州市天立学校
2011010638,11521040,刘耘州,男,热能工程系,热动12,贵州,贵阳市第一中学
2011010639,11531027,王怀书,男,热能工程系,热动12,云南,会泽县第一中学
2011010640,11621037,田集斌,男,热能工程系,热动12,甘肃,庆城县陇东中学
2011010641,11641012,马智鑫,男,热能工程系,热动12,宁夏,平罗中学
2011010642,11111014,秦泽瀚,男,热能工程系,热动12,北京,北京师范大学附属实验中学
2011010643,11131006,张泽华,男,热能工程系,热动12,河北,河北省唐山市第一中学
2011010644,11141008,王清洋,男,热能工程系,热动12,山西,山大附中
2011010645,11321019,苗键强,男,热能工程系,热动12,江苏,江苏省东台中学
2011010646,11361008,余孟亮,男,热能工程系,热动12,江西,江西师大附中
2011010647,11431008,徐长吉,男,热能工程系,热动12,湖南,雅礼中学
2011010648,11611011,杜攀,男,热能工程系,热动12,陕西,西北工业大学附中
2011010649,11651003,王晓通,男,热能工程系,热动12,新疆,乌鲁木齐市一中
2011010650,11651005,申浩树,男,热能工程系,热动12,新疆,兵团二中
2011010651,11331093,饶聪,男,热能工程系,热动12,浙江,慈溪中学
2011010652,11511090,王佳琪,女,热能工程系,热动12,四川,成都市列五中学(东区)
2011010653,11221078,曹磊,男,热能工程系,热动12,吉林,延边二中
2011010654,11351069,黄逸群,男,热能工程系,热动12,福建,南安一中
2011010655,11371088,迟永超,男,热能工程系,热动12,山东,即墨市实验高中
2011010656,11111256,沈杞萌,男,热能工程系,热动12,北京,北京市第八十中学
2011010657,11421093,苏祥宇,男,热能工程系,热动12,湖北,湖北省宜都市第一中学
2011010658,11611102,文璋,女,热能工程系,热动12,陕西,莲湖区教育考试管理中心报名点
2011010659,11421091,王居豪,男,热能工程系,热动12,湖北,襄樊市第四中学
2011010660,11121057,赵志伟,男,热能工程系,热动13,天津,杨村一中
2011010661,11131079,陈天雨,男,热能工程系,热动13,河北,衡水市第二中学
2011010662,11211091,佟博恒,男,热能工程系,热动13,辽宁,抚顺市第二高级中学
2011010663,11231066,李健,男,热能工程系,热动13,黑龙江,大庆市实验中学
2011010664,11321110,周大力,男,热能工程系,热动13,江苏,江苏省盐城中学
2011010665,11341075,鲁金印,男,热能工程系,热动13,安徽,安徽省太湖中学
2011010666,11341077,马金侠,女,热能工程系,热动13,安徽,太和一中
2011010667,11361063,王浪,男,热能工程系,热动13,江西,金溪县第一中学
2011010668,11411063,陶杰,男,热能工程系,热动13,河南,信阳市二高
2011010669,11421088,郭章行,男,热能工程系,热动13,湖北,孝感高级中学
2011010670,11421090,王欢,女,热能工程系,热动13,湖北,利川市第一中学
2011010671,11431096,谢鸿,男,热能工程系,热动13,湖南,云溪区一中
2011010672,11431097,唐勇,男,热能工程系,热动13,湖南,湘潭市第一中学
2011010673,11511091,林瑞霄,男,热能工程系,热动13,四川,什邡中学
2011010674,11511092,曾洪瑜,女,热能工程系,热动13,四川,泸县二中
2011010675,11631014,楼宇,男,热能工程系,热动13,青海,四川省中学
2011010676,11651039,肖辉,男,热能工程系,热动13,新疆,福建省厦门市科技中学
2011010677,11141003,王琥,男,热能工程系,热动13,山西,省实验中学
2011010678,11231010,巴威,男,热能工程系,热动13,黑龙江,大庆市实验中学
2011010679,11521003,谭铭,男,热能工程系,热动13,贵州,贵阳一中
2011010680,11611014,甄儒明,男,热能工程系,热动13,陕西,西北工业大学附中
2011010681,11611013,张昱轩,男,热能工程系,热动13,陕西,高新一中
2011010682,11651004,靳开元,男,热能工程系,热动13,新疆,乌鲁木齐市一中
2011010683,11371087,张祥伟,男,热能工程系,热动13,山东,莒县第一中学
2011010684,11231064,刘晨阳,女,热能工程系,热动13,黑龙江,大庆市铁人中学
2011010685,11351068,陈熙,男,热能工程系,热动13,福建,仙游一中
2011010686,11111259,姜朔,男,热能工程系,热动13,北京,北京市育英学校
2011010687,11421094,付道鹏,男,热能工程系,热动13,湖北,十堰市郧阳中学
2011010688,11421092,刘丹旸,女,热能工程系,热动13,湖北,襄樊市第四中学
2011010689,11111083,李赞,男,汽车工程系,汽11,北京,北京市第八中学
2011010690,11111081,鲁檬,女,汽车工程系,汽11,北京,北京市第十二中学
2011010691,11131042,李连梦露,女,汽车工程系,汽11,河北,河北易县中学
2011010692,11151016,任鑫,男,汽车工程系,汽11,内蒙古,包钢一中
2011010693,11211042,邵高鹏,男,汽车工程系,汽11,辽宁,凤城市第一中学
2011010694,11221039,杨森,男,汽车工程系,汽11,吉林,东北师大附属中学
2011010695,11221038,徐振敏,女,汽车工程系,汽11,吉林,农安实验中学
2011010696,11231024,耿硕晨,男,汽车工程系,汽11,黑龙江,佳木斯第一中学
2011010697,11341023,李旭,男,汽车工程系,汽11,安徽,淮南二中
2011010698,11351027,杨震,男,汽车工程系,汽11,福建,莆田一中
2011010699,11371025,王翔宇,男,汽车工程系,汽11,山东,高密一中
2011010700,11411066,张文彬,男,汽车工程系,汽11,河南,新县高级中学
2011010701,11411068,刘皓,男,汽车工程系,汽11,河南,鹤壁高中（新校区）
2011010702,11431051,唐紫晔,女,汽车工程系,汽11,湖南,湖南师大附中
2011010703,11441060,陈康,男,汽车工程系,汽11,广东,深圳市宝安高级中学
2011010704,11511043,王嘉炜,男,汽车工程系,汽11,四川,自贡市蜀光中学
2011010705,11641004,李骁,男,汽车工程系,汽11,宁夏,银川一中
2011010706,11121009,李佳阳,男,汽车工程系,汽11,天津,耀华中学
2011010707,11221019,高尚,男,汽车工程系,汽11,吉林,东北师大附属中学
2011010708,11331033,袁野,男,汽车工程系,汽11,浙江,衢州市第二中学
2011010709,11431026,何潇,男,汽车工程系,汽11,湖南,郴州市一中
2011010710,11121021,孙志涛,男,汽车工程系,汽11,天津,宝坻一中
2011010711,11111080,李雅飞,男,汽车工程系,汽11,北京,北京市十一学校
2011010712,11311054,钱伟铖,男,汽车工程系,汽11,上海,上海市控江中学
2011010713,11321043,杨珩,男,汽车工程系,汽11,江苏,江苏省淮阴中学
2011010714,11321045,吴清沁,女,汽车工程系,汽11,江苏,江苏省扬州中学
2011010715,11611043,王捷,男,汽车工程系,汽11,陕西,高新一中
2011010716,11111082,何奇洸,男,汽车工程系,汽11,北京,北京市海淀区精华培训学校
2011010717,11511044,刘逸诗,男,汽车工程系,汽11,四川,成都市第七中学
2011010718,11151017,邢浩强,男,汽车工程系,汽11,内蒙古,赤峰元宝山区平庄煤业高级中学
2011010719,11421042,余万千,男,汽车工程系,汽11,湖北,华中师范大学第一附属中学
2011010720,11111088,王小炎,男,汽车工程系,汽12,北京,北京市第八中学
2011010721,11111087,郑旸谷,男,汽车工程系,汽12,北京,北京市十一学校
2011010722,11211041,李浩,男,汽车工程系,汽12,辽宁,喀左蒙古族高中卓南分校
2011010723,11321042,王旭,男,汽车工程系,汽12,江苏,江苏省栟茶高级中学
2011010724,11331043,陈忠,男,汽车工程系,汽12,浙江,严州中学
2011010725,11341021,王礼坤,男,汽车工程系,汽12,安徽,涡阳一中
2011010726,11351028,董隽烨,男,汽车工程系,汽12,福建,沙县一中
2011010727,11421039,李也,男,汽车工程系,汽12,湖北,湖北省建始县第一中学
2011010728,11421041,邵玖铭,男,汽车工程系,汽12,湖北,十堰市东风高级中学
2011010729,11431052,王奥林,男,汽车工程系,汽12,湖南,泸溪县第一中学
2011010730,11441059,李隽言,男,汽车工程系,汽12,广东,广州市第二中学
2011010731,11521014,李丹阳,男,汽车工程系,汽12,贵州,安顺市一中
2011010732,11121004,宋一凡,男,汽车工程系,汽12,天津,静海一中
2011010733,11211015,曹重,男,汽车工程系,汽12,辽宁,本溪市高级中学
2011010734,11221021,陈志,男,汽车工程系,汽12,吉林,吉林一中
2011010735,11221007,曾光,男,汽车工程系,汽12,吉林,东北师大附属中学
2011010736,11371019,刘琛,男,汽车工程系,汽12,山东,泰安一中
2011010737,11371018,朱凯昕,女,汽车工程系,汽12,山东,山东省宁阳第一中学
2011010738,11501012,常雪阳,男,汽车工程系,汽12,重庆,重庆市巴蜀中学
2011010739,11111085,王川小雨,男,汽车工程系,汽12,北京,北京市顺义牛栏山第一中学
2011010740,11121023,李姗,女,汽车工程系,汽12,天津,南开中学
2011010741,11131040,柳肖雪,女,汽车工程系,汽12,河北,石家庄市第一中学
2011010742,11131044,贾英昊,男,汽车工程系,汽12,河北,石家庄市第二中学
2011010743,11311091,沈萍,女,汽车工程系,汽12,上海,复旦大学附属中学
2011010744,11311086,吴亦昕,男,汽车工程系,汽12,上海,上海交通大学附属中学
2011010745,11321041,王磊,男,汽车工程系,汽12,江苏,江苏省南菁高级中学
2011010746,11511041,李嘉雨,女,汽车工程系,汽12,四川,成都市树德中学
2011010747,11611041,鲁一蒙,男,汽车工程系,汽12,陕西,洛川外返
2011010748,11411133,孔少洋,男,汽车工程系,汽12,河南,许昌县三高
2011010749,11411135,高鹏浩,男,汽车工程系,汽12,河南,鹤壁高中（新校区）
2011010750,11511030,唐基凯,男,汽车工程系,汽12,四川,眉山育英实验学校
2011010751,11111084,孙博笙,男,汽车工程系,汽13,北京,北京市第四中学
2011010752,11121022,董涛,男,汽车工程系,汽13,天津,天津英华国际学校
2011010753,11141024,黄福森,男,汽车工程系,汽13,山西,康杰二中
2011010754,11151015,郝旭,女,汽车工程系,汽13,内蒙古,呼市二中
2011010755,11211039,刘闯,男,汽车工程系,汽13,辽宁,盘锦市高级中学
2011010756,11341022,石清吟,男,汽车工程系,汽13,安徽,淮北市实验高级中学
2011010757,11341020,李文祥,男,汽车工程系,汽13,安徽,野寨中学
2011010758,11411065,毛联强,男,汽车工程系,汽13,河南,北大附中河南分校
2011010759,11421040,冯壮,男,汽车工程系,汽13,湖北,武汉市第二中学
2011010760,11441061,江宏亮,男,汽车工程系,汽13,广东,揭东县第一中学
2011010761,11451022,黄尚尉,男,汽车工程系,汽13,广西,河池高级中学
2011010762,11501021,孙卫华,男,汽车工程系,汽13,重庆,重庆市第十八中学校
2011010763,11511042,邓锐,男,汽车工程系,汽13,四川,四川省金堂中学
2011010764,11611042,王琪,男,汽车工程系,汽13,陕西,安康中学
2011010765,11621015,陈涛,男,汽车工程系,汽13,甘肃,天水市第一中学
2011010766,11111039,秦子豪,男,汽车工程系,汽13,北京,北京市十一学校
2011010767,11221020,王蔚楠,男,汽车工程系,汽13,吉林,东北师大附属中学
2011010768,11411020,孟真,男,汽车工程系,汽13,河南,郑州一中
2011010769,11651013,李丹,女,汽车工程系,汽13,新疆,乌鲁木齐市一中
2011010770,11361026,徐博闻,男,汽车工程系,汽13,江西,临川第一中学
2011010771,11111089,王博远,男,汽车工程系,汽13,北京,清华大学附属中学
2011010772,11131041,王勍,女,汽车工程系,汽13,河北,河北衡水中学
2011010773,11131043,程翔,男,汽车工程系,汽13,河北,石家庄市第二中学
2011010774,11221037,顾实,男,汽车工程系,汽13,吉林,吉林一中
2011010775,11311110,乔钦彧,男,汽车工程系,汽13,上海,上海市建平中学
2011010776,11311098,方达,女,汽车工程系,汽13,上海,上海市七宝中学
2011010777,11321044,朱颖巍,男,汽车工程系,汽13,江苏,江苏省海安高级中学
2011010778,11321046,戴序,男,汽车工程系,汽13,江苏,江苏省盐城中学
2011010779,11411067,马跃,男,汽车工程系,汽13,河南,项城市第一高级中学
2011010780,11501020,张建宇,男,汽车工程系,汽13,重庆,重庆市第一中学
2011010781,11411134,郑颖,女,汽车工程系,汽13,河南,鹤壁高中（新校区）
2011010782,11211040,杨智,男,汽车工程系,汽14,辽宁,大连市第二十四中学
2011010783,11111086,柳京辰,男,汽车工程系,汽14,北京,清华大学附属中学
2011010784,11421038,周可远,男,汽车工程系,汽14,湖北,襄樊市第四中学
2011010785,11111167,董航,女,工业工程系,工11,北京,北京市顺义牛栏山第一中学
2011010786,11111163,孙硕,男,工业工程系,工11,北京,中国人民大学附属中学
2011010787,11111169,吕代越,女,工业工程系,工11,北京,北京汇文中学
2011010788,11111165,刘家琦,男,工业工程系,工11,北京,北京师范大学第二附属中学
2011010789,11111162,李华澍,女,工业工程系,工11,北京,中国人民大学附属中学
2011010790,11121036,许娟,女,工业工程系,工11,天津,芦台一中
2011010791,11151029,韩煦,女,工业工程系,工11,内蒙古,赤峰元宝山区平庄煤业高级中学
2011010792,11211060,张晓昉,男,工业工程系,工11,辽宁,康平县高级中学
2011010793,11221084,李秋澄,男,工业工程系,工11,吉林,白城市第一高中
2011010794,11341047,王梦圆,女,工业工程系,工11,安徽,168中学
2011010795,11351041,黄晗静,女,工业工程系,工11,福建,永定一中
2011010796,11411069,吴琳,女,工业工程系,工11,河南,河南宏力学校
2011010797,11421060,王阳,男,工业工程系,工11,湖北,黄石市第二中学
2011010798,11431069,杨子艺,女,工业工程系,工11,湖南,芷江县一中
2011010799,11441073,田晓雨,男,工业工程系,工11,广东,顺德国华纪念中学
2011010800,11451033,杨翔,女,工业工程系,工11,广西,广西柳州高级中学
2011010801,11501029,黄殊,女,工业工程系,工11,重庆,重庆市南开中学
2011010802,11521027,刘梦迪,女,工业工程系,工11,贵州,贵阳市第一中学
2011010803,11521026,李政龙,男,工业工程系,工11,贵州,贵阳市第一中学
2011010804,11611057,刘珈铭,男,工业工程系,工11,陕西,返回原籍
2011010805,11621027,曹慧琳,女,工业工程系,工11,甘肃,兰63600部队东风中学
2011010806,11111025,谢亚晴,女,工业工程系,工11,北京,中国人民大学附属中学
2011010807,11141043,常文桓,男,工业工程系,工11,山西,省实验中学
2011010808,11211061,王世欣,女,工业工程系,工11,辽宁,葫芦岛市第一高级中学
2011010809,11321067,卢一都,女,工业工程系,工11,江苏,江苏省靖江高级中学
2011010810,11361042,何叶冰,男,工业工程系,工11,江西,新余市第四中学
2011010811,11231047,云邦国,男,工业工程系,工11,黑龙江,宝泉岭分局高级中学
2011010812,11231046,侯昊琳,女,工业工程系,工11,黑龙江,哈尔滨市三中
2011010813,11311073,覃含章,男,工业工程系,工11,上海,上海市位育中学
2011010814,11511063,唐懿,男,工业工程系,工11,四川,成都七中嘉祥外国语学校
2011010815,11111161,吕朔楠,女,工业工程系,工12,北京,中国人民大学附属中学
2011010816,11111164,李丽莎,女,工业工程系,工12,北京,清华大学附属中学
2011010817,11111159,路天舒,男,工业工程系,工12,北京,北京市第一六六中学
2011010818,11151028,包萨出尔,女,工业工程系,工12,内蒙古,通辽蒙中
2011010819,11211062,马钢毅,男,工业工程系,工12,辽宁,盖州市第一高级中学
2011010820,11221054,王雪冬,女,工业工程系,工12,吉林,吉林一中
2011010821,11321068,张茜梦,女,工业工程系,工12,江苏,江苏省木渎高级中学
2011010822,11331063,陈杭,男,工业工程系,工12,浙江,浙江省富阳中学
2011010823,11421059,常阳阳,女,工业工程系,工12,湖北,十堰市东风高级中学
2011010824,11441072,李卓楠,男,工业工程系,工12,广东,广州市第二中学
2011010825,11611058,潘一鸣,男,工业工程系,工12,陕西,洛南中学
2011010826,11631005,牟文琦,女,工业工程系,工12,青海,湟川中学
2011010827,11111034,李鹤,男,工业工程系,工12,北京,中国人民大学附属中学
2011010828,11211001,孙浚桐,男,工业工程系,工12,辽宁,辽宁省实验中学
2011010829,11221013,葛海龙,男,工业工程系,工12,吉林,东北师大附属中学
2011010830,11441018,马胤泰,男,工业工程系,工12,广东,珠海市第一中学
2011010831,11511018,薛超,男,工业工程系,工12,四川,成都市石室中学
2011010832,11111166,杨璐,女,工业工程系,工12,北京,中国人民大学附属中学
2011010833,11111160,程云诺,女,工业工程系,工12,北京,北京市陈经纶中学
2011010834,11371055,任婧,女,工业工程系,工12,山东,山东省实验中学
2011010835,11421058,王炳程,男,工业工程系,工12,湖北,华中师范大学第一附属中学
2011010836,11141044,郭晨,女,工业工程系,工12,山西,山大附中
2011010837,11231045,刘哲,女,工业工程系,工12,黑龙江,大庆市铁人中学
2011010838,11311078,吴拓,男,工业工程系,工12,上海,上海市上海中学
2011010839,11311076,黄筱烨,女,工业工程系,工12,上海,华东师范大学第二附属中学
2011010840,11341046,袁泉,女,工业工程系,工12,安徽,芜湖市第一中学
2011010841,11511064,张樱之,女,工业工程系,工12,四川,成都市第七中学
2011010842,11611059,孙凯迪,女,工业工程系,工12,陕西,西工大附中
2011010843,11111168,孔德华,男,工业工程系,工12,北京,北京汇文中学
2011010844,11111103,张伊,女,电机工程与应用电子技术系,电11,北京,北京师范大学附属实验中学
2011010845,11121027,李旭,男,电机工程与应用电子技术系,电11,天津,静海一中
2011010846,11331044,沈浩,男,电机工程与应用电子技术系,电11,浙江,绍兴县柯桥中学
2011010847,11351030,陈圣坤,男,电机工程与应用电子技术系,电11,福建,南安一中
2011010848,11361028,易越,女,电机工程与应用电子技术系,电11,江西,宜春中学
2011010849,11371027,付铠玮,男,电机工程与应用电子技术系,电11,山东,莱州一中
2011010850,11421043,胡悠维,女,电机工程与应用电子技术系,电11,湖北,湖北省宜昌市第一中学
2011010851,11501022,朱劲帆,男,电机工程与应用电子技术系,电11,重庆,重庆市第八中学
2011010852,11511045,刘豫航,男,电机工程与应用电子技术系,电11,四川,泸州高中
2011010853,11611046,张思远,男,电机工程与应用电子技术系,电11,陕西,长安一中
2011010854,11621016,李浩,男,电机工程与应用电子技术系,电11,甘肃,西北师大附属中学
2011010855,11621017,李岩竹,女,电机工程与应用电子技术系,电11,甘肃,兰州第一中学
2011010856,11641005,杨努迪,男,电机工程与应用电子技术系,电11,宁夏,银川一中
2011010857,11131028,张翔宇,男,电机工程与应用电子技术系,电11,河北,河北衡水中学
2011010858,11211030,张立嘉,男,电机工程与应用电子技术系,电11,辽宁,东北育才学校
2011010859,11211026,魏大博,男,电机工程与应用电子技术系,电11,辽宁,东北育才学校
2011010860,11441022,高思明,男,电机工程与应用电子技术系,电11,广东,中山纪念中学
2011010861,11111101,李克,男,电机工程与应用电子技术系,电11,北京,北京市第八中学
2011010862,11111096,史天宇,男,电机工程与应用电子技术系,电11,北京,中国人民大学附属中学
2011010863,11131045,石冰清,女,电机工程与应用电子技术系,电11,河北,衡水市滏阳中学
2011010864,11211044,王天宇,男,电机工程与应用电子技术系,电11,辽宁,本溪市高级中学
2011010865,11231028,李忠曦,男,电机工程与应用电子技术系,电11,黑龙江,大庆市实验中学
2011010866,11331121,王世恩,男,电机工程与应用电子技术系,电11,浙江,杭州学军中学
2011010867,11411086,马子明,男,电机工程与应用电子技术系,电11,河南,濮阳市第一高级中学
2011010868,11311075,王尤嘉,女,电机工程与应用电子技术系,电11,上海,华东师范大学第二附属中学
2011010869,11311071,马聪,男,电机工程与应用电子技术系,电11,上海,上海市上海中学
2011010870,11431054,杨凯峪,男,电机工程与应用电子技术系,电11,湖南,湘潭市第一中学
2011010871,11111090,康玥,女,电机工程与应用电子技术系,电12,北京,北京师范大学附属实验中学
2011010872,11111098,杨子彤,女,电机工程与应用电子技术系,电12,北京,北京市朝阳外国语学校
2011010873,11121026,田子寒,男,电机工程与应用电子技术系,电12,天津,杨柳青一中
2011010874,11141025,邬锦波,男,电机工程与应用电子技术系,电12,山西,河曲文昌中学(往)
2011010875,11151018,李婧,女,电机工程与应用电子技术系,电12,内蒙古,赤峰红旗中学
2011010876,11211045,刘滨,男,电机工程与应用电子技术系,电12,辽宁,大连市第二十四中学
2011010877,11231025,王晗,男,电机工程与应用电子技术系,电12,黑龙江,大庆市铁人中学
2011010878,11321049,金辰晖,女,电机工程与应用电子技术系,电12,江苏,江苏省泰州中学
2011010879,11321048,夏泳嘉,男,电机工程与应用电子技术系,电12,江苏,江苏省海安高级中学
2011010880,11331046,应造时,男,电机工程与应用电子技术系,电12,浙江,浙江省宁海中学
2011010881,11351029,徐森,男,电机工程与应用电子技术系,电12,福建,浦城一中
2011010882,11371026,樊慧娴,女,电机工程与应用电子技术系,电12,山东,山东省北镇中学
2011010883,11441062,罗锦庆,男,电机工程与应用电子技术系,电12,广东,东莞市东莞中学
2011010884,11451023,黄开天,男,电机工程与应用电子技术系,电12,广西,钦州市一中
2011010885,11511048,周朋,男,电机工程与应用电子技术系,电12,四川,南充高中
2011010886,11511046,叶潇然,男,电机工程与应用电子技术系,电12,四川,四川省绵阳中学
2011010887,11611045,常冀闫,男,电机工程与应用电子技术系,电12,陕西,陕西省西安中学
2011010888,11631002,康杰,男,电机工程与应用电子技术系,电12,青海,敦煌基地中学
2011010889,11331031,陈慧妙,男,电机工程与应用电子技术系,电12,浙江,乐成公立寄宿学校
2011010890,11371016,郭鸿业,男,电机工程与应用电子技术系,电12,山东,山东省实验中学
2011010891,11511025,罗浩成,男,电机工程与应用电子技术系,电12,四川,成都市第七中学
2011010892,11111093,杨帆,男,电机工程与应用电子技术系,电12,北京,北京市第一０一中学
2011010893,11111102,苏昰,男,电机工程与应用电子技术系,电12,北京,中国人民大学附属中学
2011010894,11111104,秦建,男,电机工程与应用电子技术系,电12,北京,北京大学附属中学
2011010895,11211046,陈天瑞,男,电机工程与应用电子技术系,电12,辽宁,东北育才学校
2011010896,11211047,刘瑞丰,男,电机工程与应用电子技术系,电12,辽宁,葫芦岛市第一高级中学
2011010897,11411089,付殷,男,电机工程与应用电子技术系,电12,河南,许昌县三高
2011010898,11111094,张箫,男,电机工程与应用电子技术系,电13,北京,首都师范大学附属中学
2011010899,11131046,安佳玮,女,电机工程与应用电子技术系,电13,河北,河北衡水中学
2011010900,11221041,姜拓,男,电机工程与应用电子技术系,电13,吉林,东北师大附属中学
2011010901,11231026,曹东平,男,电机工程与应用电子技术系,电13,黑龙江,阿城市第一中学
2011010902,11341025,赵帅,男,电机工程与应用电子技术系,电13,安徽,界首一中
2011010903,11361027,王文轩,男,电机工程与应用电子技术系,电13,江西,江西师大附中
2011010904,11371028,窦金利,男,电机工程与应用电子技术系,电13,山东,沂水县第一中学
2011010905,11411087,胡晓静,女,电机工程与应用电子技术系,电13,河南,河南省淮阳第一高中
2011010906,11461004,黎一杉,男,电机工程与应用电子技术系,电13,海南,海南中学
2011010907,11521017,夏添,男,电机工程与应用电子技术系,电13,贵州,安顺市二中
2011010908,11611044,尚晓光,男,电机工程与应用电子技术系,电13,陕西,社会考生
2011010909,11651016,张飞,男,电机工程与应用电子技术系,电13,新疆,奎屯市第一高级中学
2011010910,11211029,郭晓蕾,女,电机工程与应用电子技术系,电13,辽宁,大连市第二十四中学
2011010911,11321004,杨经纬,男,电机工程与应用电子技术系,电13,江苏,南师大附中
2011010912,11331030,林翔,男,电机工程与应用电子技术系,电13,浙江,乐成公立寄宿学校
2011010913,11511026,陈泓舸,男,电机工程与应用电子技术系,电13,四川,成都市第七中学
2011010914,11111097,张一喆,男,电机工程与应用电子技术系,电13,北京,中国人民大学附属中学
2011010915,11111095,孙建宁,男,电机工程与应用电子技术系,电13,北京,北京师范大学第二附属中学
2011010916,11141026,邢学韬,男,电机工程与应用电子技术系,电13,山西,太原五中
2011010917,11311056,王沁,男,电机工程与应用电子技术系,电13,上海,上海市金山中学
2011010918,11331045,徐依朵,女,电机工程与应用电子技术系,电13,浙江,杭州第二中学
2011010919,11431053,陈坤金,男,电机工程与应用电子技术系,电13,湖南,长沙市雅礼中学
2011010920,11521015,邬钧,男,电机工程与应用电子技术系,电13,贵州,贵阳市第一中学
2011010921,11121025,于泽昊,男,电机工程与应用电子技术系,电13,天津,耀华中学
2011010922,11441063,陈飞宇,男,电机工程与应用电子技术系,电13,广东,广东实验中学
2011010923,11111100,张翊群,女,电机工程与应用电子技术系,电13,北京,首都师范大学附属中学
2011010924,11211043,张书铭,男,电机工程与应用电子技术系,电13,辽宁,大连市第二十四中学
2011010925,11111092,罗志遥,男,电机工程与应用电子技术系,电14,北京,中国人民大学附属中学
2011010926,11111091,丁睿,男,电机工程与应用电子技术系,电14,北京,中国人民大学附属中学培训中心
2011010927,11131047,张鹏,女,电机工程与应用电子技术系,电14,河北,衡水市滏阳中学
2011010928,11221040,刘妍秀,女,电机工程与应用电子技术系,电14,吉林,社会青年
2011010929,11231027,曹其鹏,男,电机工程与应用电子技术系,电14,黑龙江,大庆市实验中学
2011010930,11321047,石乐天,男,电机工程与应用电子技术系,电14,江苏,无锡金榜文化专修学校
2011010931,11331047,董今妮,女,电机工程与应用电子技术系,电14,浙江,杭州第十四中学
2011010932,11411090,杨鹏,男,电机工程与应用电子技术系,电14,河南,河南师大附中
2011010933,11431055,卿鑫,男,电机工程与应用电子技术系,电14,湖南,怀化市一中
2011010934,11441064,张一戈,男,电机工程与应用电子技术系,电14,广东,深圳市实验学校高中部
2011010935,11501023,陈浩,男,电机工程与应用电子技术系,电14,重庆,潼南县中学
2011010936,11511047,李林燚,男,电机工程与应用电子技术系,电14,四川,康定中学
2011010937,11521016,余松蓉,男,电机工程与应用电子技术系,电14,贵州,兴义市八中
2011010938,11611047,班瑞,男,电机工程与应用电子技术系,电14,陕西,镇安中学
2011010939,11211014,赵文禄,男,电机工程与应用电子技术系,电14,辽宁,鞍山市第一中学
2011010940,11211028,蔺晨晖,男,电机工程与应用电子技术系,电14,辽宁,东北育才学校
2011010941,11331032,夏雨凯,男,电机工程与应用电子技术系,电14,浙江,宁波市镇海中学
2011010942,11611021,苏钰,男,电机工程与应用电子技术系,电14,陕西,西安交通大学附中
2011010943,11111099,赵梦初,男,电机工程与应用电子技术系,电14,北京,北京师范大学第二附属中学
2011010944,11311058,贺秋瑞,男,电机工程与应用电子技术系,电14,上海,上海市上海中学
2011010945,11341024,李旭,男,电机工程与应用电子技术系,电14,安徽,太和一中
2011010946,11361029,郭泽宣,男,电机工程与应用电子技术系,电14,江西,九江市一中
2011010947,11461005,韩倩婷,女,电机工程与应用电子技术系,电14,海南,文昌市文昌中学
2011010948,11651015,骆鹏飞,男,电机工程与应用电子技术系,电14,新疆,乌鲁木齐市一中
2011010949,11121024,杨天宇,男,电机工程与应用电子技术系,电14,天津,耀华中学
2011010950,11411088,孙梦瑾,女,电机工程与应用电子技术系,电14,河南,郑州外国语学校
2011010951,11431056,秦朗,男,电机工程与应用电子技术系,电14,湖南,临澧县一中
2011010952,11131049,李安康,男,电子工程系,无110,河北,邢台市第一中学
2011010953,11231030,金杰,男,电子工程系,无110,黑龙江,北安一中
2011010954,11321053,陈泽园,男,电子工程系,无110,江苏,江苏省靖江高级中学
2011010955,11321055,顾振,男,电子工程系,无110,江苏,盐城景山中学
2011010956,11341028,张文渊,男,电子工程系,无110,安徽,滁州中学
2011010957,11371033,孙雷,男,电子工程系,无110,山东,山大华特卧龙学校
2011010958,11451025,李吉璞,男,电子工程系,无110,广西,广西南宁市第三中学
2011010959,11511055,张果,男,电子工程系,无110,四川,都江堰外国语实验学校
2011010960,11611051,徐楚乔,女,电子工程系,无110,陕西,雁塔招办
2011010961,11631003,冯煜博,男,电子工程系,无110,青海,湟川中学
2011010962,11111011,王倪剑桥,男,电子工程系,无110,北京,清华大学附属中学
2011010963,11111041,余可,男,电子工程系,无110,北京,北京师范大学附属实验中学
2011010964,11311013,陈子龙,男,电子工程系,无110,上海,华东师范大学第二附属中学
2011010965,11321005,卢晓雨,女,电子工程系,无110,江苏,江苏省南通中学
2011010966,11351018,刘晨欢,男,电子工程系,无110,福建,建阳一中
2011010967,11411018,尹说,男,电子工程系,无110,河南,郑州外国语学校
2011010968,11421024,周玥,女,电子工程系,无110,湖北,武汉市第二中学
2011010969,11111108,孟晨玥,男,电子工程系,无110,北京,中国人民大学附属中学
2011010970,11111120,王博,男,电子工程系,无110,北京,北京市第四中学
2011010971,11121029,罗予岑,女,电子工程系,无110,天津,南开中学
2011010972,11211052,王川美智,男,电子工程系,无110,辽宁,抚顺市第二高级中学
2011010973,11431061,丁璟韬,男,电子工程系,无110,湖南,长郡中学
2011010974,11141027,李金阳,男,电子工程系,无111,山西,海泉学校
2011010975,11211048,张炜林,男,电子工程系,无111,辽宁,葫芦岛市第一高级中学
2011010976,11231035,杨益,男,电子工程系,无111,黑龙江,大庆市实验中学
2011010977,11341031,黄飞,男,电子工程系,无111,安徽,枞阳县浮山中学
2011010978,11351032,包君梁,男,电子工程系,无111,福建,南平一中
2011010979,11431057,张喆,男,电子工程系,无111,湖南,长沙市雅礼中学
2011010980,11511053,黄浩然,男,电子工程系,无111,四川,泸州高中
2011010981,11521019,刘佳伟,男,电子工程系,无111,贵州,都匀一中
2011010982,11641006,董凯明,男,电子工程系,无111,宁夏,中卫中学
2011010983,11111002,范博强,男,电子工程系,无111,北京,北京师范大学附属实验中学
2011010984,11311004,林一琪,男,电子工程系,无111,上海,华东师范大学第二附属中学
2011010985,11321007,赵喆欣,女,电子工程系,无111,江苏,南师大附中
2011010986,11331028,庄程旭,男,电子工程系,无111,浙江,奉化中学
2011010987,11371015,张帆,男,电子工程系,无111,山东,山东省实验中学
2011010988,11111135,牛龙佳,男,电子工程系,无111,北京,清华大学附属中学
2011010989,11111124,周远,男,电子工程系,无111,北京,中国人民大学附属中学
2011010990,11121028,张乔,女,电子工程系,无111,天津,一中
2011010991,11321054,王笑玮,男,电子工程系,无111,江苏,江苏省南通中学
2011010992,11431059,李倩冰,女,电子工程系,无111,湖南,涟源一中
2011010993,11651017,张梦泽,女,电子工程系,无111,新疆,乌鲁木齐市一中
2011010994,11111133,毛天奇,男,电子工程系,无111,北京,北京市第四中学
2011010995,11411072,刘展,男,电子工程系,无111,河南,郑州外国语学校
2011010996,11121030,祖冀,男,电子工程系,无12,天津,铁厂二中
2011010997,11141028,刘晓宇,男,电子工程系,无12,山西,荣新高考复习中心
2011010998,11211053,于皓宇,男,电子工程系,无12,辽宁,辽阳石油化纤公司高级中学
2011010999,11341036,林正雨,男,电子工程系,无12,安徽,枞阳县浮山中学
2011011000,11351033,章元珏,男,电子工程系,无12,福建,宁化一中
2011011001,11371031,陈凤池,男,电子工程系,无12,山东,烟台一中
2011011002,11441066,徐倩,女,电子工程系,无12,广东,佛山市第一中学
2011011003,11511051,刘宇杭,男,电子工程系,无12,四川,绵阳东辰国际学校
2011011004,11111032,刘骥琛,男,电子工程系,无12,北京,北京师范大学附属实验中学
2011011005,11131022,冯雅璐,女,电子工程系,无12,河北,河北衡水中学
2011011006,11311012,李曙华,男,电子工程系,无12,上海,上海复旦大学附属中学
2011011007,11411019,刘文东,男,电子工程系,无12,河南,郑州一中
2011011008,11431020,姚颂,男,电子工程系,无12,湖南,长沙市一中
2011011009,11651011,王之鑫,男,电子工程系,无12,新疆,乌鲁木齐市一中
2011011010,11711008,丁若晨,女,电子工程系,无12,台湾,台湾台北市立中山女子高级中学
2011011011,11111109,谷芃,男,电子工程系,无12,北京,北京市第一０一中学
2011011012,11111118,廉晋,男,电子工程系,无12,北京,北京师范大学第二附属中学
2011011013,11111138,刘謌,女,电子工程系,无12,北京,北京景山学校
2011011014,11111116,王昱阳,男,电子工程系,无12,北京,清华大学附属中学
2011011015,11231032,马强,男,电子工程系,无12,黑龙江,大庆市实验中学
2011011016,11321050,刘诗雨,男,电子工程系,无12,江苏,江苏省如东高级中学
2011011017,11331049,章胜统,男,电子工程系,无12,浙江,杭州第二中学
2011011018,11341035,陈柳青,女,电子工程系,无12,安徽,安徽省太湖中学
2011011019,11111130,杨轶林,男,电子工程系,无13,北京,中国人民大学附属中学
2011011020,11111123,胡泊,男,电子工程系,无13,北京,北京市第一七一中学
2011011021,11111117,马蕊,女,电子工程系,无13,北京,北京师范大学附属实验中学
2011011022,11131051,武倩聿,女,电子工程系,无13,河北,秦皇岛市第一中学
2011011023,11131053,赵志达,男,电子工程系,无13,河北,河北省保定市清苑县清苑中学
2011011024,11141029,周嘉伟,男,电子工程系,无13,山西,山大附中
2011011025,11211049,孔维毅,男,电子工程系,无13,辽宁,盘锦市高级中学
2011011026,11211050,张佳琪,女,电子工程系,无13,辽宁,喀左蒙古族高中古塔分校
2011011027,11231036,金庸泰,男,电子工程系,无13,黑龙江,大庆一中
2011011028,11231029,王茂林,男,电子工程系,无13,黑龙江,大庆市铁人中学
2011011029,11321056,汪学思,男,电子工程系,无13,江苏,江苏省泗洪中学
2011011030,11331048,王子奕,男,电子工程系,无13,浙江,金华市第一中学
2011011031,11341037,吴海涛,男,电子工程系,无13,安徽,枞阳县浮山中学
2011011032,11341030,张钦,女,电子工程系,无13,安徽,蚌埠市第二中学
2011011033,11421045,王黄铭,男,电子工程系,无13,湖北,黄梅一中
2011011034,11431060,廖焱,男,电子工程系,无13,湖南,隆回一中
2011011035,11461006,黄玉,女,电子工程系,无13,海南,文昌市文昌中学
2011011036,11511056,廖睿智,男,电子工程系,无13,四川,自贡市蜀光中学
2011011037,11311005,蒋若青,男,电子工程系,无13,上海,上海复旦大学附属中学
2011011038,11111132,陈言嘉,男,电子工程系,无13,北京,北京师范大学附属实验中学
2011011039,11111129,步晓什,男,电子工程系,无13,北京,北京大学附属中学
2011011040,11351031,蔡杨,男,电子工程系,无13,福建,莆田一中
2011011041,11371032,孙跃,男,电子工程系,无13,山东,章丘四中
2011011042,11111140,蒋艮维,男,电子工程系,无14,北京,北京市第一七一中学
2011011043,11111114,胡舒童,男,电子工程系,无14,北京,中国人民大学附属中学
2011011044,11111110,赵宛玥,女,电子工程系,无14,北京,北京市第四中学
2011011045,11131050,丁佳伟,男,电子工程系,无14,河北,丰宁满族自治县第一中学
2011011046,11131052,尚学森,男,电子工程系,无14,河北,衡水市滏阳中学
2011011047,11141030,王碧钗,女,电子工程系,无14,山西,临汾一中(应)
2011011048,11151020,张宇飞,男,电子工程系,无14,内蒙古,赤峰元宝山区平庄煤业高级中学
2011011049,11231037,王新河,男,电子工程系,无14,黑龙江,哈市师大附中
2011011050,11321051,闫润,男,电子工程系,无14,江苏,江苏省扬州中学
2011011051,11411071,汪霄,男,电子工程系,无14,河南,光山县第二高级中学
2011011052,11441065,吴习之,男,电子工程系,无14,广东,深圳市深圳中学
2011011053,11531004,杨建斌,男,电子工程系,无14,云南,腾冲县第一中学
2011011054,11311011,赵之玺,男,电子工程系,无14,上海,上海市格致中学
2011011055,11331029,周而进,男,电子工程系,无14,浙江,绍兴市第一中学
2011011056,11421023,杨志,男,电子工程系,无14,湖北,武汉市第二中学
2011011057,11111105,吴思行,男,电子工程系,无14,北京,北京师范大学附属实验中学
2011011058,11141033,赵锦元,男,电子工程系,无14,山西,山大附中
2011011059,11311095,邹梦凡,女,电子工程系,无14,上海,上海市七宝中学
2011011060,11341026,梁含悦,女,电子工程系,无14,安徽,合肥八中
2011011061,11341027,吴阳,男,电子工程系,无14,安徽,合肥一中
2011011062,11361030,郭碧川,男,电子工程系,无14,江西,吉安一中(应届)
2011011063,11501024,肖春晖,女,电子工程系,无14,重庆,四川外语学院重庆第二外国语学校
2011011064,11111139,方天华,男,电子工程系,无15,北京,北京市朝阳区奥运村地区
2011011065,11111126,马秋悦,女,电子工程系,无15,北京,北京市第四中学
2011011066,11111112,黄天经,男,电子工程系,无15,北京,中国人民大学附属中学
2011011067,11141031,兰吉云,男,电子工程系,无15,山西,朔城区一中
2011011068,11151021,贾一凡,男,电子工程系,无15,内蒙古,呼市二中
2011011069,11151022,兴昀华,女,电子工程系,无15,内蒙古,巴彦淖尔市中学
2011011070,11321052,刘润泽,男,电子工程系,无15,江苏,南京师范大学附属中学
2011011071,11331050,王祥翔,男,电子工程系,无15,浙江,永嘉县永嘉中学
2011011072,11341039,刘袁鹏,男,电子工程系,无15,安徽,怀宁中学
2011011073,11361032,江巍玮,男,电子工程系,无15,江西,九江市一中
2011011074,11421046,高俊男,男,电子工程系,无15,湖北,武汉市新洲区第一中学
2011011075,11451026,张弘扬,男,电子工程系,无15,广西,广西师大附属外国语学校
2011011076,11501025,曹骁阳,女,电子工程系,无15,重庆,重庆市巴蜀中学
2011011077,11111031,李文申,男,电子工程系,无15,北京,北京市十一学校
2011011078,11131011,陈子朋,男,电子工程系,无15,河北,石家庄市第二中学
2011011079,11221018,李祝博,男,电子工程系,无15,吉林,东北师大附属中学
2011011080,11221016,佟天,男,电子工程系,无15,吉林,东北师大附属中学
2011011081,11231016,王宇龙,男,电子工程系,无15,黑龙江,哈市师大附中
2011011082,11411017,王贯中,男,电子工程系,无15,河南,河南师大附中
2011011083,11111111,李世凯,男,电子工程系,无15,北京,北京大学附属中学
2011011084,11341029,顾黎明,女,电子工程系,无15,安徽,宿城一中
2011011085,11531005,王嘉斌,男,电子工程系,无15,云南,云南师范大学附属中学
2011011086,11311100,谢天,男,电子工程系,无15,上海,上海市七宝中学
2011011087,11111128,王向团,女,电子工程系,无16,北京,北京市第一０一中学
2011011088,11111137,史伟琦,男,电子工程系,无16,北京,北京景山学校
2011011089,11111113,杨昊,男,电子工程系,无16,北京,北京市第四中学
2011011090,11141032,郝浩然,男,电子工程系,无16,山西,小店区一中
2011011091,11311065,钟杉,男,电子工程系,无16,上海,上海市上海中学
2011011092,11341033,杨传生,男,电子工程系,无16,安徽,六安一中
2011011093,11361031,吴诚博,男,电子工程系,无16,江西,临川第一中学
2011011094,11371029,林小枫,女,电子工程系,无16,山东,栖霞一中
2011011095,11411074,祁西状,男,电子工程系,无16,河南,滑县第一中学
2011011096,11511049,白庆龄,女,电子工程系,无16,四川,内江六中
2011011097,11611049,王超,男,电子工程系,无16,陕西,宝塔应届
2011011098,11111060,马森,男,电子工程系,无16,北京,北京市第四中学
2011011099,11111020,李逸杭,男,电子工程系,无16,北京,北京市十一学校
2011011100,11111040,郑天凝,男,电子工程系,无16,北京,中国人民大学附属中学
2011011101,11131030,李程,男,电子工程系,无16,河北,石家庄市第二中学
2011011102,11221015,闻一斌,男,电子工程系,无16,吉林,东北师大附属中学
2011011103,11231014,苗宇,男,电子工程系,无16,黑龙江,哈市师大附中
2011011104,11321009,王若白,男,电子工程系,无16,江苏,南师大附中
2011011105,11331035,唐宇恒,男,电子工程系,无16,浙江,浙江省杭州第二中学
2011011106,11431025,匡宣霖,男,电子工程系,无16,湖南,长郡中学
2011011107,11431023,关曹予,男,电子工程系,无16,湖南,长沙市一中
2011011108,11221042,郑月,女,电子工程系,无16,吉林,东北师大附属中学
2011011109,11451024,蒋冠宇,男,电子工程系,无16,广西,广西师大附属外国语学校
2011011110,11111136,侯学诗,女,电子工程系,无17,北京,海淀区高招办（往届考生）
2011011111,11111125,郑乾鹏,男,电子工程系,无17,北京,北京市第四中学
2011011112,11111121,刘云帆,男,电子工程系,无17,北京,中国人民大学附属中学
2011011113,11111107,杨子蒙,男,电子工程系,无17,北京,北京市顺义牛栏山第一中学
2011011114,11151019,张子蒙,男,电子工程系,无17,内蒙古,锡盟二中
2011011115,11231033,黄欣鑫,女,电子工程系,无17,黑龙江,大庆市实验中学
2011011116,11331051,吴飞腾,男,电子工程系,无17,浙江,浙江省义乌中学
2011011117,11341032,辜君龙,男,电子工程系,无17,安徽,马鞍山市二中
2011011118,11361033,吴凌綦,男,电子工程系,无17,江西,宜黄县第一中学
2011011119,11411075,王智慧,女,电子工程系,无17,河南,河南省淮阳第一高中
2011011120,11411076,李云鹏,男,电子工程系,无17,河南,济源市第一中学
2011011121,11621018,李智,男,电子工程系,无17,甘肃,金川公司一中
2011011122,11111062,沈彦尧,男,电子工程系,无17,北京,中国人民大学附属中学
2011011123,11131001,苏放,男,电子工程系,无17,河北,石家庄市第二中学
2011011124,11221017,李学士,男,电子工程系,无17,吉林,东北师大附属中学
2011011125,11231015,冯铭哲,男,电子工程系,无17,黑龙江,哈市师大附中
2011011126,11321003,余翔宇,男,电子工程系,无17,江苏,南师大附中
2011011127,11431024,李亮,男,电子工程系,无17,湖南,长郡中学
2011011128,11511024,宋佳林,男,电子工程系,无17,四川,成都市第七中学
2011011129,11311106,钱隆,男,电子工程系,无17,上海,上海市上海中学
2011011130,11511050,张妤姝,女,电子工程系,无17,四川,南充十中
2011011131,11521018,龙槺,男,电子工程系,无17,贵州,贵阳六中学
2011011132,11111134,郭培祯,男,电子工程系,无17,北京,北京景山学校
2011011133,11111119,李源,男,电子工程系,无18,北京,清华大学附属中学
2011011134,11231031,镡吟汐,女,电子工程系,无18,黑龙江,哈尔滨市三中
2011011135,11371030,刘洋,男,电子工程系,无18,山东,莱州一中
2011011136,11411077,李兴光,男,电子工程系,无18,河南,商丘市第一高级中学
2011011137,11411073,卢琪,女,电子工程系,无18,河南,鹤壁高中（新校区）
2011011138,11431058,李唐盛晟,男,电子工程系,无18,湖南,石门县第一中学
2011011139,11511052,王雪阳,男,电子工程系,无18,四川,成都市树德中学
2011011140,11611048,冀司琪,女,电子工程系,无18,陕西,眉县槐芽中学
2011011141,11111047,李秋池,男,电子工程系,无18,北京,北京市第四中学
2011011142,11111038,樊明祥,男,电子工程系,无18,北京,中国人民大学附属中学
2011011143,11131020,高继扬,男,电子工程系,无18,河北,石家庄市第二中学
2011011144,11211020,李昂,男,电子工程系,无18,辽宁,东北育才学校
2011011145,11231012,曹家铭,男,电子工程系,无18,黑龙江,哈市师大附中
2011011146,11321002,李谷澍,男,电子工程系,无18,江苏,南师大附中
2011011147,11341004,韩衍隽,男,电子工程系,无18,安徽,安庆一中
2011011148,11341011,邱剑涛,男,电子工程系,无18,安徽,马鞍山市二中
2011011149,11431022,赵凯,男,电子工程系,无18,湖南,长郡中学
2011011150,11651012,唐志峰,男,电子工程系,无18,新疆,乌鲁木齐市一中
2011011151,11111122,胡戎航,男,电子工程系,无18,北京,北京师范大学第二附属中学
2011011152,11111106,郑逸伦,女,电子工程系,无18,北京,首都师范大学附属中学
2011011153,11221043,宋海昕,男,电子工程系,无18,吉林,东北师大附属中学
2011011154,11621019,张笑钦,男,电子工程系,无18,甘肃,靖远县第一中学
2011011155,11311066,胡杨,男,电子工程系,无18,上海,上海市上海中学
2011011156,11341038,石钦,男,电子工程系,无19,安徽,程集中学
2011011157,11341034,胡仲泽,男,电子工程系,无19,安徽,宁国中学
2011011158,11421044,李双颖,女,电子工程系,无19,湖北,公安县第一中学
2011011159,11431062,欧春晖,男,电子工程系,无19,湖南,张家界一中
2011011160,11611050,王雅琪,女,电子工程系,无19,陕西,雁塔招办
2011011161,11541004,胡浩,男,电子工程系,无19,西藏,上海市新中高级中学
2011011162,11111048,杨佳骞,男,电子工程系,无19,北京,清华大学附属中学
2011011163,11221025,宗泽宇,男,电子工程系,无19,吉林,吉林省实验中学
2011011164,11321025,冯思远,男,电子工程系,无19,江苏,江苏省海门中学
2011011165,11321001,陈晔,男,电子工程系,无19,江苏,南师大附中
2011011166,11371014,陈金辉,男,电子工程系,无19,山东,聊城一中
2011011167,11431021,徐思行,男,电子工程系,无19,湖南,长郡中学
2011011168,11111115,李天鸣,男,电子工程系,无19,北京,中国人民大学附属中学
2011011169,11111141,郭开元,男,电子工程系,无19,北京,北京师范大学第二附属中学
2011011170,11111131,苏爽,女,电子工程系,无19,北京,中国人民大学附属中学
2011011171,11111127,韩威,男,电子工程系,无19,北京,北京市第四中学
2011011172,11131048,吴朋,男,电子工程系,无19,河北,石家庄市第二中学
2011011173,11211051,温禹豪,男,电子工程系,无19,辽宁,东北育才学校
2011011174,11411070,田祥光,男,电子工程系,无19,河南,上蔡县第一高级中学
2011011175,11621020,石金明,男,电子工程系,无19,甘肃,西北师大附属中学
2011011176,11231034,阮博宇,男,电子工程系,无19,黑龙江,哈市师大附中
2011011177,11511054,李宇都,男,电子工程系,无19,四川,成都市外国语学校
2011011178,11131033,刘伟,男,电子工程系,无11,河北,河北徐水综合高级中学
2011011179,11141015,刘旭,男,电子工程系,无11,山西,河曲中学
2011011180,11221030,石强,男,电子工程系,无11,吉林,延边二中
2011011181,11221031,杨淞淳,男,电子工程系,无11,吉林,舒兰一中
2011011182,11231018,李根,男,电子工程系,无11,黑龙江,齐市实验中学
2011011183,11361018,肖智祥,男,电子工程系,无11,江西,遂川中学(应届)
2011011184,11361017,刘声,男,电子工程系,无11,江西,兴国县平川中学(应届)
2011011185,11371035,张荣威,男,电子工程系,无11,山东,淄博一中
2011011186,11371036,付超,男,电子工程系,无11,山东,东营胜利第一中学
2011011187,11371034,高成振,男,电子工程系,无11,山东,淄博一中
2011011188,11411021,常向明,男,电子工程系,无11,河南,林州市第一中学
2011011189,11421029,鲍永健,男,电子工程系,无11,湖北,荆门市龙泉中学
2011011190,11431032,李垣劭,男,电子工程系,无11,湖南,临湘市一中
2011011191,11431031,彭科,男,电子工程系,无11,湖南,保靖县民中
2011011192,11431030,刘宁,男,电子工程系,无11,湖南,隆回一中
2011011193,11611028,杨浩,男,电子工程系,无11,陕西,千阳县招生办
2011011194,11611026,余汉晨,男,电子工程系,无11,陕西,新城区招生办
2011011195,11611027,唐文岐,男,电子工程系,无11,陕西,汉台招办报名点
2011011196,11621009,宋健,男,电子工程系,无11,甘肃,酒泉中学
2011011197,11411035,郭凯,男,电子工程系,无11,河南,林州市第一中学
2011011198,11421028,邹三泳,男,电子工程系,无11,湖北,麻城市第一中学
2011011199,11431033,张欣然,女,电子工程系,无11,湖南,澧县一中
2011011200,11511031,林慧平,男,电子工程系,无11,四川,巴中龙泉外国语学校
2011011201,11611023,任家怡,男,电子工程系,无11,陕西,回原籍考生
2011011202,11411127,王浩然,男,电子工程系,无11,河南,延津县一中
2011011203,11451008,杨钰媛,女,电子工程系,无11,广西,广西柳州高级中学
2011011204,11521020,卢小祝,男,电子工程系,无11,贵州,安顺市二中
2011011205,11111204,林璞臻,男,计算机科学与技术系,计12,北京,海淀区高招办（往届考生）
2011011206,11141056,张晋玮,男,计算机科学与技术系,计12,山西,清徐县往届生
2011011207,11221064,王笑尘,男,计算机科学与技术系,计12,吉林,通钢一中
2011011208,11221063,王钧奕,女,计算机科学与技术系,计12,吉林,德惠一中
2011011209,11321087,吴玲玲,女,计算机科学与技术系,计12,江苏,江苏省海安高级中学
2011011210,11361055,晏晨,男,计算机科学与技术系,计12,江西,南昌十中
2011011211,11421076,余欢,男,计算机科学与技术系,计12,湖北,公安县第一中学
2011011212,11611070,孙梦嫽,女,计算机科学与技术系,计12,陕西,城郊中学
2011011213,11651019,陈子韬,男,计算机科学与技术系,计12,新疆,哈密地区二中
2011011214,11111021,邢开源,男,计算机科学与技术系,计12,北京,北京市第一０一中学
2011011215,11111010,贾思博,男,计算机科学与技术系,计12,北京,北京景山学校
2011011216,11111035,李劲澄,男,计算机科学与技术系,计12,北京,中国人民大学附属中学
2011011217,11121019,黎静北,男,计算机科学与技术系,计12,天津,南开中学
2011011218,11131012,扈吉星,男,计算机科学与技术系,计12,河北,河北衡水中学
2011011219,11151001,张卓,男,计算机科学与技术系,计12,内蒙古,内蒙师大附中
2011011220,11311036,张嘉成,男,计算机科学与技术系,计12,上海,上海复旦大学附属中学
2011011221,11341009,方凌锐,男,计算机科学与技术系,计12,安徽,南陵县第一中学
2011011222,11431013,朱定元,男,计算机科学与技术系,计12,湖南,长郡中学
2011011223,11431011,杨天,男,计算机科学与技术系,计12,湖南,雅礼中学
2011011224,11441013,梁健楠,男,计算机科学与技术系,计12,广东,中山纪念中学
2011011225,11501001,任杰,男,计算机科学与技术系,计12,重庆,重庆市巴蜀中学
2011011226,11511014,陈许旻,男,计算机科学与技术系,计12,四川,四川省绵阳南山中学
2011011227,11321086,张晨晖,男,计算机科学与技术系,计12,江苏,江苏省南菁高级中学
2011011228,11371071,赵珮君,男,计算机科学与技术系,计12,山东,山东省莱西市第一中学（南校）
2011011229,11511073,刘亚宁,男,计算机科学与技术系,计12,四川,射洪中学
2011011230,11311079,史天泽,男,计算机科学与技术系,计12,上海,上海市上海中学
2011011231,11331081,苏宁,男,计算机科学与技术系,计12,浙江,宁波市镇海中学
2011011232,11111196,孙思齐,女,计算机科学与技术系,计12,北京,北京师范大学第二附属中学
2011011233,11111202,凌肯,男,计算机科学与技术系,计13,北京,首都师范大学附属中学
2011011234,11131069,唐存志,男,计算机科学与技术系,计13,河北,衡水市第二中学
2011011235,11221065,陈俊男,女,计算机科学与技术系,计13,吉林,吉化一中
2011011236,11231055,李震,男,计算机科学与技术系,计13,黑龙江,大庆市实验中学
2011011237,11331079,张宏辉,男,计算机科学与技术系,计13,浙江,温岭中学
2011011238,11431080,许建林,男,计算机科学与技术系,计13,湖南,津市一中
2011011239,11611069,王庆,女,计算机科学与技术系,计13,陕西,象山中学
2011011240,11711013,张道维,男,计算机科学与技术系,计13,台湾,北京市第四中学
2011011241,11111022,汤达,男,计算机科学与技术系,计13,北京,北京师范大学附属实验中学
2011011242,11121011,钱桥,男,计算机科学与技术系,计13,天津,南开中学
2011011243,11141009,李越,男,计算机科学与技术系,计13,山西,山大附中
2011011244,11321033,陶文博,男,计算机科学与技术系,计13,江苏,金陵中学
2011011245,11321032,蒋中天,男,计算机科学与技术系,计13,江苏,江苏省常州高级中学
2011011246,11331020,梁佳文,女,计算机科学与技术系,计13,浙江,绍兴市第一中学
2011011247,11371021,李其乐,男,计算机科学与技术系,计13,山东,山东省实验中学
2011011248,11371004,任勇,男,计算机科学与技术系,计13,山东,高密一中
2011011249,11421016,赵宇飞,男,计算机科学与技术系,计13,湖北,湖北省荆州中学
2011011250,11441010,冯齐纬,男,计算机科学与技术系,计13,广东,中山市第一中学
2011011251,11511012,邓岚膑,男,计算机科学与技术系,计13,四川,四川省绵阳南山中学
2011011252,11511013,周昕宇,男,计算机科学与技术系,计13,四川,成都市第七中学
2011011253,11111199,黄鑫,男,计算机科学与技术系,计13,北京,北京市第一０一中学
2011011254,11111197,朱兆祺,女,计算机科学与技术系,计13,北京,清华大学附属中学
2011011255,11211076,彭英勃,男,计算机科学与技术系,计13,辽宁,本溪市高级中学
2011011256,11231057,李阳,男,计算机科学与技术系,计13,黑龙江,大庆一中
2011011257,11311053,宋思嘉,男,计算机科学与技术系,计13,上海,上海市崇明中学
2011011258,11351054,谭志鹏,男,计算机科学与技术系,计13,福建,长汀一中
2011011259,11441083,钟华,男,计算机科学与技术系,计13,广东,佛山市第一中学
2011011260,11111203,胡思行,男,计算机科学与技术系,计14,北京,北京市第四中学
2011011261,11211077,陈天玓,男,计算机科学与技术系,计14,辽宁,大连市第二十四中学
2011011262,11331080,赵一开,男,计算机科学与技术系,计14,浙江,杭州学军中学
2011011263,11351055,张思浩,男,计算机科学与技术系,计14,福建,建瓯一中
2011011264,11431081,傅左右,男,计算机科学与技术系,计14,湖南,娄底二中
2011011265,11461012,陈德阳,男,计算机科学与技术系,计14,海南,琼海市嘉积中学
2011011266,11111057,黄雨晨,男,计算机科学与技术系,计14,北京,首都师范大学附属中学
2011011267,11131027,邢鑫,女,计算机科学与技术系,计14,河北,河北衡水中学
2011011268,11221004,李铁峥,男,计算机科学与技术系,计14,吉林,东北师大附属中学
2011011269,11311041,宋方睿,男,计算机科学与技术系,计14,上海,华东师范大学第二附属中学
2011011270,11321034,刘启鹏,男,计算机科学与技术系,计14,江苏,江苏省常州高级中学
2011011271,11341012,吴育昕,男,计算机科学与技术系,计14,安徽,蚌埠市第二中学
2011011272,11371005,魏铭,男,计算机科学与技术系,计14,山东,山东师大附中
2011011273,11421015,涂珂,男,计算机科学与技术系,计14,湖北,黄冈中学
2011011274,11441011,邓原,男,计算机科学与技术系,计14,广东,广州市第二中学
2011011275,11511015,贾开,男,计算机科学与技术系,计14,四川,成都市第七中学
2011011276,11821006,夏青扬,男,计算机科学与技术系,计14,澳门,澳门培正中学
2011011277,11111198,高俊杨,男,计算机科学与技术系,计14,北京,北京市第一０一中学
2011011278,11141058,武祥晋,男,计算机科学与技术系,计14,山西,太原五中
2011011279,11311096,汪忆辰,女,计算机科学与技术系,计14,上海,上海市七宝中学
2011011280,11371070,谢福来,男,计算机科学与技术系,计14,山东,广饶县第一中学
2011011281,11421075,段明静,女,计算机科学与技术系,计14,湖北,公安县第一中学
2011011282,11521032,黎波,男,计算机科学与技术系,计14,贵州,兴义市八中
2011011283,11121046,李博,女,计算机科学与技术系,计14,天津,耀华中学
2011011284,11121045,李响,男,计算机科学与技术系,计14,天津,塘沽一中
2011011285,11131071,郭城,男,计算机科学与技术系,计14,河北,唐山市第一中学
2011011286,11311061,秦同,男,计算机科学与技术系,计14,上海,上海市格致中学
2011011287,11111200,曹宇杰,男,计算机科学与技术系,计15,北京,北京市顺义牛栏山第一中学
2011011288,11141057,李飞峰,男,计算机科学与技术系,计15,山西,祁县高考复习中心
2011011289,11151036,李东方,男,计算机科学与技术系,计15,内蒙古,赤峰元宝山区平庄煤业高级中学
2011011290,11211078,栾福军,男,计算机科学与技术系,计15,辽宁,抚顺市一中
2011011291,11411079,张宝,男,计算机科学与技术系,计15,河南,信阳市二高
2011011292,11441082,林督,男,计算机科学与技术系,计15,广东,湛江第一中学
2011011293,11451039,韦嘉,男,计算机科学与技术系,计15,广西,柳州铁一中学
2011011294,11511074,石佳欣,男,计算机科学与技术系,计15,四川,洪雅中学
2011011295,11631008,赵相越,男,计算机科学与技术系,计15,青海,河南省中学
2011011296,11111030,付钊,男,计算机科学与技术系,计15,北京,北京市第四中学
2011011297,11111012,王杉,男,计算机科学与技术系,计15,北京,中国人民大学附属中学
2011011298,11131013,张正,男,计算机科学与技术系,计15,河北,河北衡水中学
2011011299,11311019,周奕超,男,计算机科学与技术系,计15,上海,上海复旦大学附属中学
2011011300,11311042,周若凡,女,计算机科学与技术系,计15,上海,上海市上海中学
2011011301,11311040,许昊文,男,计算机科学与技术系,计15,上海,上海市上海中学
2011011302,11331021,范顺豪,男,计算机科学与技术系,计15,浙江,杭州学军中学
2011011303,11351009,刘佳倩,女,计算机科学与技术系,计15,福建,福建省福州市第一中学
2011011304,11351008,巫立凡,男,计算机科学与技术系,计15,福建,厦门双十中学
2011011305,11371006,李振,男,计算机科学与技术系,计15,山东,日照第一中学
2011011306,11421017,杨大威,男,计算机科学与技术系,计15,湖北,襄樊市第五中学
2011011307,11431012,何朴藩,男,计算机科学与技术系,计15,湖南,雅礼中学
2011011308,11431010,叶紫,女,计算机科学与技术系,计15,湖南,湖南师大附中
2011011309,11441012,邓佳迪,男,计算机科学与技术系,计15,广东,华南师范大学附属中学
2011011310,11321088,常铖,男,计算机科学与技术系,计15,江苏,江苏省姜堰中学
2011011311,11341062,吴现,男,计算机科学与技术系,计15,安徽,广德中学
2011011312,11501040,杨言,男,计算机科学与技术系,计15,重庆,西南师范大学附中
2011011313,11131070,申喆,女,计算机科学与技术系,计15,河北,河北衡水中学
2011011314,11141017,黄科举,男,计算机科学与技术系,计11,山西,运城中学
2011011315,11141016,范博,男,计算机科学与技术系,计11,山西,芮城中学
2011011316,11151010,张天旭,男,计算机科学与技术系,计11,内蒙古,赤峰红旗中学
2011011317,11151009,马晋超,男,计算机科学与技术系,计11,内蒙古,赤峰元宝山区平庄煤业高级中学
2011011318,11341104,徐子韵,女,计算机科学与技术系,计11,安徽,南陵中学
2011011319,11341103,张文祥,男,计算机科学与技术系,计11,安徽,怀远县包集中学
2011011320,11351022,黄福林,男,计算机科学与技术系,计11,福建,南安一中
2011011321,11351021,李伟中,男,计算机科学与技术系,计11,福建,安溪一中
2011011322,11351020,黎敏讷,男,计算机科学与技术系,计11,福建,厦门外国语学校
2011011323,11371074,高伟,男,计算机科学与技术系,计11,山东,安丘一中
2011011324,11371072,曾建强,男,计算机科学与技术系,计11,山东,山东省青州市第一中学
2011011325,11371073,辛云星,男,计算机科学与技术系,计11,山东,安丘一中
2011011326,11421034,方阳,男,计算机科学与技术系,计11,湖北,当阳市第一高级中学
2011011327,11421033,郑小川,男,计算机科学与技术系,计11,湖北,沙洋中学
2011011328,11421032,刘翔宇,男,计算机科学与技术系,计11,湖北,随州市第二高级中学
2011011329,11421031,李飞,男,计算机科学与技术系,计11,湖北,黄冈中学
2011011330,11531012,沈忱,男,计算机科学与技术系,计11,云南,西双版纳州民族中学
2011011331,11611037,夏园萌,男,计算机科学与技术系,计11,陕西,铜川矿务局第一中学
2011011332,11611036,康乐,男,计算机科学与技术系,计11,陕西,高新一中
2011011333,11611035,白帅,男,计算机科学与技术系,计11,陕西,华清中学
2011011334,11111312,段佑璇,女,自动化系,自12,北京,北京师范大学附属中学
2011011335,11111317,王思宇,男,自动化系,自12,北京,北京大学附属中学
2011011336,11121070,何旭,男,自动化系,自12,天津,宝坻一中
2011011337,11131093,杨天祺,女,自动化系,自12,河北,河北衡水中学
2011011338,11131092,朱启昊,男,自动化系,自12,河北,衡水市滏阳中学
2011011339,11151060,王子卓,男,自动化系,自12,内蒙古,通辽五中
2011011340,11321143,彭曙光,男,自动化系,自12,江苏,江苏省丰县中学
2011011341,11341099,李奇,男,自动化系,自12,安徽,太和中学
2011011342,11351081,胡泓,男,自动化系,自12,福建,厦门外国语学校
2011011343,11361076,熊撼天,男,自动化系,自12,江西,宜春中学
2011011344,11431122,何金,男,自动化系,自12,湖南,靖州县一中
2011011345,11441111,张似衡,男,自动化系,自12,广东,汕头市金山中学
2011011346,11511114,陈才源,男,自动化系,自12,四川,犍为一中
2011011347,11511112,付小津,女,自动化系,自12,四川,成都市石室中学
2011011348,11151002,宫琦,男,自动化系,自12,内蒙古,赤峰元宝山区平庄煤业高级中学
2011011349,11221003,刘佳林,男,自动化系,自12,吉林,东北师大附属中学
2011011350,11611002,张凯清,男,自动化系,自12,陕西,西北工业大学附中
2011011351,11331120,侯恺哲,男,自动化系,自12,浙江,宁波市镇海中学
2011011352,11371108,李唯佳,女,自动化系,自12,山东,烟台一中
2011011353,11411084,李怡康,男,自动化系,自12,河南,中原油田第一中学
2011011354,11111323,樊翌丰,男,自动化系,自12,北京,北京市第八中学
2011011355,11311088,程淼,女,自动化系,自12,上海,复旦大学附属中学
2011011356,11111319,曹天元,男,自动化系,自13,北京,北京理工大学附属中学
2011011357,11351079,郑宇哲,男,自动化系,自13,福建,仙游一中
2011011358,11411083,牛绿茵,女,自动化系,自13,河南,平顶山市第一中学
2011011359,11421116,陈新,男,自动化系,自13,湖北,随州市欧阳修中学
2011011360,11431121,申翔峰,男,自动化系,自13,湖南,邵东一中
2011011361,11511113,王海峰,男,自动化系,自13,四川,自贡市蜀光中学
2011011362,11521053,龙如蛟,男,自动化系,自13,贵州,兴义市八中
2011011363,11111008,徐楚蒙,女,自动化系,自13,北京,北京市第八中学
2011011364,11131018,李子薇,女,自动化系,自13,河北,石家庄市第二中学
2011011365,11211022,刘鹄,男,自动化系,自13,辽宁,东北育才学校
2011011366,11221001,闫紫徽,男,自动化系,自13,吉林,东北师大附属中学
2011011367,11441025,李夏禹,男,自动化系,自13,广东,深圳中学
2011011368,11611001,王威,男,自动化系,自13,陕西,西北工业大学附中
2011011369,11111313,吕楠,男,自动化系,自13,北京,北京市第五中学
2011011370,11121072,王大钧,男,自动化系,自13,天津,芦台一中
2011011371,11321142,刘清晨,男,自动化系,自13,江苏,江苏省淮阴中学
2011011372,11331117,薛秉正,男,自动化系,自13,浙江,宁波市镇海中学
2011011373,11341097,付睿,男,自动化系,自13,安徽,无为中学
2011011374,11371109,陈一鸣,男,自动化系,自13,山东,烟台一中
2011011375,11611095,吴双,女,自动化系,自13,陕西,莲湖区教育考试管理中心报名点
2011011376,11131095,柯文思,男,自动化系,自13,河北,秦皇岛市第一中学
2011011377,11311083,汪怡欣,女,自动化系,自13,上海,上海市上海中学
2011011378,11111320,杨叶青,男,自动化系,自14,北京,北京市十一学校
2011011379,11111310,严孟晋,女,自动化系,自14,北京,北京市第四中学
2011011380,11141085,任心影,女,自动化系,自14,山西,太原五中
2011011381,11141083,吕昂,男,自动化系,自14,山西,省实验中学
2011011382,11321140,陆秋婧,女,自动化系,自14,江苏,江苏省靖江高级中学
2011011383,11361074,熊博,男,自动化系,自14,江西,奉新一中
2011011384,11371107,郑玉昆,男,自动化系,自14,山东,招远市第一中学
2011011385,11441112,赖伟良,男,自动化系,自14,广东,广东仲元中学
2011011386,11451055,苏英程,男,自动化系,自14,广西,广西民族高中
2011011387,11631020,王晶晶,女,自动化系,自14,青海,格尔木一中
2011011388,11111316,孟东宇,男,自动化系,自14,北京,清华大学附属中学
2011011389,11211112,赵祎男,男,自动化系,自14,辽宁,葫芦岛市第一高级中学
2011011390,11311103,李晨晖,男,自动化系,自14,上海,上海市嘉定区第一中学
2011011391,11341098,马光磊,男,自动化系,自14,安徽,芜湖市第一中学
2011011392,11611094,杨浩翔,男,自动化系,自14,陕西,西工大附中
2011011393,11121071,张皓明,男,自动化系,自14,天津,耀华中学
2011011394,11321139,费定宇,男,自动化系,自14,江苏,江苏省前黄高级中学
2011011395,11421119,张行程,男,自动化系,自14,湖北,武汉市第二中学
2011011396,11421117,钟瑞琦,女,自动化系,自14,湖北,赤壁市第一中学
2011011397,11531039,刘文然,男,自动化系,自14,云南,玉溪一中
2011011398,11111318,王圣雨,男,自动化系,自14,北京,北京理工大学附属中学
2011011399,11331119,戴东杰,男,自动化系,自14,浙江,浙江省衢州第二中学
2011011400,11111314,李默,女,自动化系,自15,北京,中国人民大学附属中学
2011011401,11141084,李修,男,自动化系,自15,山西,阳城一中
2011011402,11211114,董继来,男,自动化系,自15,辽宁,辽河油田第一高级中学
2011011403,11341100,侯一凡,男,自动化系,自15,安徽,淮北一中
2011011404,11411082,徐鹏程,男,自动化系,自15,河南,信阳高中
2011011405,11611097,阮良,男,自动化系,自15,陕西,灞桥区招生办
2011011406,11651036,胡梦琳,女,自动化系,自15,新疆,乌鲁木齐市一中
2011011407,11131009,尹少鹏,男,自动化系,自15,河北,河北衡水中学
2011011408,11211004,富载歆,男,自动化系,自15,辽宁,东北育才学校
2011011409,11321031,郭齐,男,自动化系,自15,江苏,南师大附中
2011011410,11351001,高复铖,男,自动化系,自15,福建,福州一中
2011011411,11441024,潘伟燊,男,自动化系,自15,广东,华南师范大学附属中学
2011011412,11451001,唐彦嵩,男,自动化系,自15,广西,广西师大附属外国语学校
2011011413,11311074,刘晨曦,男,自动化系,自15,上海,上海市上海中学
2011011414,11321141,邵静宇,女,自动化系,自15,江苏,江苏省靖江高级中学
2011011415,11361075,付林松,男,自动化系,自15,江西,临川第一中学
2011011416,11621049,闫祺,男,自动化系,自15,甘肃,西北师大附属中学
2011011417,11111321,李昊,男,自动化系,自15,北京,北京师范大学附属实验中学
2011011418,11111315,印东,男,自动化系,自15,北京,清华大学附属中学
2011011419,11211111,门畅,女,自动化系,自15,辽宁,阜新市实验中学
2011011420,11421118,赖正慧,女,自动化系,自15,湖北,华中师范大学第一附属中学
2011011421,11421115,陈恺,男,自动化系,自15,湖北,武汉市新洲区第一中学
2011011422,11111322,谭蛟瀛,男,自动化系,自16,北京,中国人民大学附属中学培训中心
2011011423,11151057,崔傲,男,自动化系,自16,内蒙古,赤峰红旗中学
2011011424,11211113,郭颖,女,自动化系,自16,辽宁,喀左蒙古族高中卓南分校
2011011425,11221094,张峻旗,男,自动化系,自16,吉林,东北师大附属中学
2011011426,11231085,王莹,女,自动化系,自16,黑龙江,大庆市实验中学
2011011427,11331118,谢露露,女,自动化系,自16,浙江,浙江省台州中学
2011011428,11351080,陈迪,男,自动化系,自16,福建,莆田一中
2011011429,11411081,马嘉利,男,自动化系,自16,河南,郑州一中
2011011430,11431123,宋天瑜,男,自动化系,自16,湖南,长沙市一中
2011011431,11431120,唐骞璘,男,自动化系,自16,湖南,明德中学
2011011432,11441113,廖韵怡,女,自动化系,自16,广东,广东广雅中学
2011011433,11321010,孔惟嘉,男,自动化系,自16,江苏,南师大附中
2011011434,11341016,刘啸宇,男,自动化系,自16,安徽,宿城一中
2011011435,11441023,杨骏,男,自动化系,自16,广东,华南师范大学附属中学
2011011436,11511001,周楚涵,男,自动化系,自16,四川,成都市外国语学校
2011011437,11821001,陈耀棠,男,自动化系,自16,澳门,澳门镜平学校中学部
2011011438,11131094,刘金祥,男,自动化系,自16,河北,河北衡水中学
2011011439,11361078,龚远峰,男,自动化系,自16,江西,南昌县莲塘一中
2011011440,11611096,张涛,男,自动化系,自16,陕西,宝鸡市金台高级中学
2011011441,11111311,贺楠,男,自动化系,自16,北京,北京市第八中学
2011011442,11121073,吴楚格,女,自动化系,自16,天津,南开中学
2011011443,11311094,邓飞,男,自动化系,自16,上海,上海市上海中学
2011011444,11361001,喻军,男,自动化系,自11,江西,新余市第四中学
2011011445,11131038,李宏坤,男,自动化系,自11,河北,河北徐水综合高级中学
2011011446,11141021,卫晓滨,男,自动化系,自11,山西,海泉学校
2011011447,11211033,王涛,男,自动化系,自11,辽宁,凤城市第一中学
2011011448,11221033,张聪,男,自动化系,自11,吉林,长春市第二实验中学
2011011449,11341107,潘雁,男,自动化系,自11,安徽,安徽省太湖中学
2011011450,11341106,盛腾飞,男,自动化系,自11,安徽,宿城一中
2011011451,11361023,刘畅,男,自动化系,自11,江西,瑞昌市一中（九江学院附中）
2011011452,11361022,樊云鹏,男,自动化系,自11,江西,九江市一中
2011011453,11371111,侯岩,男,自动化系,自11,山东,枣庄三中
2011011454,11371110,西文韬,男,自动化系,自11,山东,广饶县第一中学
2011011455,11371112,陈增,男,自动化系,自11,山东,安丘一中
2011011456,11411036,顾浩波,男,自动化系,自11,河南,项城市第一高级中学
2011011457,11431044,张慧嫱,女,自动化系,自11,湖南,永顺县第一中学
2011011458,11451020,龙星延,男,自动化系,自11,广西,柳州铁一中学
2011011459,11451019,易成奇,男,自动化系,自11,广西,广西柳州高级中学
2011011460,11621013,朱懿,男,自动化系,自11,甘肃,兰化中小学总校一中
2011011461,11621012,李林泽,男,自动化系,自11,甘肃,庆阳第一中学
2011011462,11131039,刘晓辉,男,自动化系,自11,河北,河北正定中学
2011011463,11221095,骆遥,女,自动化系,自11,吉林,磐石市第一中学
2011011464,11361077,兰国兴,男,自动化系,自11,江西,永丰中学(应届)
2011011465,11411129,拓朴筠,女,自动化系,自11,河南,郑州二中
2011011466,11431045,李建,男,自动化系,自11,湖南,东山学校
2011011467,11111148,李亮君,男,航天航空学院,航12,北京,清华大学附属中学
2011011468,11131056,聂本典,男,航天航空学院,航12,河北,河北辛集中学
2011011469,11141039,解汶汶,女,航天航空学院,航12,山西,平遥古城中学(往)
2011011470,11331056,蒋希航,男,航天航空学院,航12,浙江,兰溪市第一中学
2011011471,11371042,王禹杰,男,航天航空学院,航12,山东,烟台二中
2011011472,11371044,韩如冰,男,航天航空学院,航12,山东,东营胜利第一中学
2011011473,11451029,叶人铭,男,航天航空学院,航12,广西,柳州地区民族高级中学
2011011474,11521021,韩剑锋,男,航天航空学院,航12,贵州,遵义航天高级中学
2011011475,11621023,马晓敏,男,航天航空学院,航12,甘肃,镇原县屯字中学
2011011476,11131026,张世枫,男,航天航空学院,航12,河北,邢台一中
2011011477,11311015,周川,男,航天航空学院,航12,上海,华东师范大学第二附属中学
2011011478,11341014,钟磊,男,航天航空学院,航12,安徽,铜陵市第一中学
2011011479,11411016,王豪杰,男,航天航空学院,航12,河南,郑州一中
2011011480,11501010,黄裕函,男,航天航空学院,航12,重庆,重庆市第一中学
2011011481,11611020,王园晔,男,航天航空学院,航12,陕西,西北工业大学附中
2011011482,11371043,田欢欢,女,航天航空学院,航12,山东,高唐县第一中学
2011011483,11421051,刘通,男,航天航空学院,航12,湖北,武汉市黄陂区第一中学
2011011484,11231038,高赫轩,男,航天航空学院,航12,黑龙江,大庆市实验中学
2011011485,11341040,李海洋,男,航天航空学院,航13,安徽,合肥一中
2011011486,11411091,张金程,男,航天航空学院,航13,河南,孟津县第一高中
2011011487,11511059,谢津,男,航天航空学院,航13,四川,四川省双流县中学
2011011488,11531010,闫林明,男,航天航空学院,航13,云南,腾冲县第一中学
2011011489,11611053,胡波,男,航天航空学院,航13,陕西,西乡一中
2011011490,11131008,陶思宇,男,航天航空学院,航13,河北,石家庄市第二中学
2011011491,11141012,樊傲然,女,航天航空学院,航13,山西,阳泉一中
2011011492,11371013,崔鸿一,男,航天航空学院,航13,山东,莘县实验高级中学
2011011493,11421022,贺克伦,男,航天航空学院,航13,湖北,华中师范大学第一附属中学
2011011494,11811003,李士培,男,航天航空学院,航13,香港,香港沙田培英中学
2011011495,11111149,彭冠霖,男,航天航空学院,航13,北京,首都师范大学附属中学
2011011496,11211056,刘子玥,女,航天航空学院,航13,辽宁,本溪市高级中学
2011011497,11361035,刘晖,男,航天航空学院,航13,江西,临川第一中学
2011011498,11431064,陈高锐军,男,航天航空学院,航13,湖南,长沙市一中
2011011499,11501026,邓凯文,男,航天航空学院,航13,重庆,重庆市第八中学
2011011500,11221047,王天洋,男,航天航空学院,航13,吉林,吉林油田高级中学
2011011501,11231039,李鑫,男,航天航空学院,航13,黑龙江,牡丹江市第一高级中学
2011011502,11331055,周添,男,航天航空学院,航13,浙江,慈溪中学
2011011503,11131096,许春阳,男,航天航空学院,航11,河北,廊坊永清县第一中学
2011011504,11231041,赵明翔,男,航天航空学院,航11,黑龙江,大庆市实验中学
2011011505,11231040,张璇,女,航天航空学院,航11,黑龙江,大庆市实验中学
2011011506,11361034,李正达,男,航天航空学院,航11,江西,东乡县第一中学
2011011507,11371046,王洪庆,男,航天航空学院,航11,山东,山东省昌乐二中
2011011508,11371045,孙树人,男,航天航空学院,航11,山东,烟台二中
2011011509,11371047,张长兴,男,航天航空学院,航11,山东,临朐一中
2011011510,11411031,李亚坤,男,航天航空学院,航11,河南,周口市商水县一高
2011011511,11411126,张凯泰,男,航天航空学院,航11,河南,信阳高中
2011011512,11421052,彭政,男,航天航空学院,航11,湖北,湖北省仙桃中学
2011011513,11521022,黄小玲,女,航天航空学院,航11,贵州,遵义县第一中学
2011011514,11611098,王钟毓,男,航天航空学院,航11,陕西,雁塔招办
2011011515,11611099,张潇,女,航天航空学院,航11,陕西,渭滨招办
2011011516,11411033,杨计思,男,航天航空学院,航11,河南,周口市郸城县一高
2011011517,11411029,胡晓庆,男,航天航空学院,航11,河南,滑县第一中学
2011011518,11141037,张琼宇,男,航天航空学院,航11,山西,康杰二中
2011011519,11141038,杨洋,男,航天航空学院,航11,山西,海泉学校
2011011520,11431034,陈俊屹,男,航天航空学院,航11,湖南,桂阳县三中
2011011521,11451011,彭崇甫,男,航天航空学院,航11,广西,贺州高级中学
2011011522,11451010,李业明,男,航天航空学院,航11,广西,都安县高级中学
2011011523,11451009,韦祖拔,男,航天航空学院,航11,广西,柳州地区民族高级中学
2011011524,11371012,丘伟楠,男,航天航空学院,航14,山东,东营胜利第一中学
2011011525,11431018,张伟,男,航天航空学院,航14,湖南,湘潭县一中
2011011526,11131035,万云博,男,航天航空学院,航14,河北,衡水市景县中学
2011011527,11211031,李书楠,男,航天航空学院,航14,辽宁,本溪市高级中学
2011011528,11231019,郑传宇,男,航天航空学院,航14,黑龙江,牡丹江市第一高级中学
2011011529,11341102,李亚飞,男,航天航空学院,航14,安徽,太和一中
2011011530,11411028,骆敬,女,航天航空学院,航14,河南,上蔡县第一高级中学
2011011531,11411023,常智强,男,航天航空学院,航14,河南,林州市第一中学
2011011532,11411022,宋雨,男,航天航空学院,航14,河南,中原油田第二高级中学
2011011533,11431036,刘超,男,航天航空学院,航14,湖南,汉寿县一中
2011011534,11431035,李苗,男,航天航空学院,航14,湖南,岳阳县一中
2011011535,11451012,谢泳峰,男,航天航空学院,航14,广西,柳州铁一中学
2011011536,11501058,甘岚,男,航天航空学院,航14,重庆,重庆市求精中学
2011011537,11511037,艾迪,男,航天航空学院,航14,四川,射洪中学
2011011538,11521006,燕刚,男,航天航空学院,航14,贵州,毕节一中
2011011539,11611034,吴浩然,男,航天航空学院,航14,陕西,高新一中
2011011540,11611033,王旭亮,男,航天航空学院,航14,陕西,周至中学
2011011541,11611032,米佩琛,男,航天航空学院,航14,陕西,新城区招生办
2011011542,11611031,仵可,男,航天航空学院,航14,陕西,耀州中学
2011011543,11611030,雷雨,男,航天航空学院,航14,陕西,返回原籍
2011011544,11611029,高亚瑞玺,男,航天航空学院,航14,陕西,城郊中学
2011011545,11621010,党致文,男,航天航空学院,航14,甘肃,甘肃省武威第一中学
2011011546,11131036,王智环,男,航天航空学院,航14,河北,河北定兴中学
2011011547,11141036,宋言,男,航天航空学院,力1,山西,运城二中
2011011548,11151024,李默耕,女,航天航空学院,力1,内蒙古,赤峰元宝山区平庄煤业高级中学
2011011549,11211055,宝鑫,男,航天航空学院,力1,辽宁,北票市高级中学
2011011550,11321058,吴同舟,男,航天航空学院,力1,江苏,江苏省姜堰中学
2011011551,11351035,张和涛,男,航天航空学院,力1,福建,顺昌二中
2011011552,11371041,房文强,男,航天航空学院,力1,山东,山东省青州市第一中学
2011011553,11511058,廖穗杨,男,航天航空学院,力1,四川,蒲江中学
2011011554,11641007,王晓强,男,航天航空学院,力1,宁夏,西吉中学
2011011555,11111050,薛楠,男,航天航空学院,力1,北京,中国人民大学附属中学
2011011556,11111043,方励尘,男,航天航空学院,力1,北京,中国人民大学附属中学
2011011557,11211027,于强,男,航天航空学院,力1,辽宁,辽河油田第一高级中学
2011011558,11231007,李天意,男,航天航空学院,力1,黑龙江,哈尔滨市三中
2011011559,11311016,钟麟彧,男,航天航空学院,力1,上海,上海市延安中学
2011011560,11311003,孙思劼,男,航天航空学院,力1,上海,上海市延安中学
2011011561,11331037,李天奇,男,航天航空学院,力1,浙江,慈溪中学
2011011562,11111145,王轶群,男,航天航空学院,力1,北京,北京市第八中学
2011011563,11111146,罗子正,男,航天航空学院,力1,北京,北京市第八中学
2011011564,11111147,李新浩,男,航天航空学院,力1,北京,北京市第四中学
2011011565,11121031,李一凡,男,航天航空学院,力1,天津,微山路中学
2011011566,11221046,黄世成,男,航天航空学院,力1,吉林,吉林油田高级中学
2011011567,11311077,施炯明,男,航天航空学院,力1,上海,上海市上海中学
2011011568,11331054,狄嘉威,男,航天航空学院,力1,浙江,宁波市镇海中学
2011011569,11331053,王子宁,男,航天航空学院,力1,浙江,宁波市镇海中学
2011011570,11341041,张泽,女,航天航空学院,力1,安徽,蚌埠市第二中学
2011011571,11351034,林艺城,男,航天航空学院,力1,福建,漳浦一中
2011011572,11421050,刘爽,男,航天航空学院,力1,湖北,华中师范大学第一附属中学
2011011573,11131055,董云飞,男,航天航空学院,力1,河北,河北省邢台市宁晋中学
2011011574,11321059,黄圣濠,男,航天航空学院,力1,江苏,江苏省海门中学
2011011575,11421049,李兆涵,女,航天航空学院,力1,湖北,孝感高级中学
2011011576,11441067,陈梓钧,男,航天航空学院,力1,广东,珠海市第一中学
2011011577,11111151,李天一,男,工程物理系,工物10,北京,北京市朝阳区奥运村地区
2011011578,11121033,田磊,男,工程物理系,工物10,天津,油田实验
2011011579,11131058,耿玉浩,男,工程物理系,工物10,河北,河北衡水中学
2011011580,11141041,李选选,男,工程物理系,工物10,山西,晋城中心东(往)
2011011581,11221050,杨俊炜,女,工程物理系,工物10,吉林,通榆一中
2011011582,11321063,王盈,女,工程物理系,工物10,江苏,江苏省海安高级中学
2011011583,11331059,毛家威,男,工程物理系,工物10,浙江,兰溪市第一中学
2011011584,11331058,骆宇航,男,工程物理系,工物10,浙江,东阳市外国语学校
2011011585,11341043,刘天乐,男,工程物理系,工物10,安徽,安庆一中
2011011586,11341044,万琨,男,工程物理系,工物10,安徽,合肥一中
2011011587,11361039,陈欣,男,工程物理系,工物10,江西,南昌二中
2011011588,11361038,沈学思,女,工程物理系,工物10,江西,江西师大附中
2011011589,11371052,张驰,男,工程物理系,工物10,山东,聊城一中
2011011590,11411095,王秋东,男,工程物理系,工物10,河南,开封高中
2011011591,11421055,周诗宇,男,工程物理系,工物10,湖北,洪湖市第一中学
2011011592,11441070,张惠婷,女,工程物理系,工物10,广东,深圳市深圳中学
2011011593,11451031,黄和,男,工程物理系,工物10,广西,柳州铁一中学
2011011594,11451030,潘奕斐,男,工程物理系,工物10,广西,桂林市桂林中学
2011011595,11461013,葛枫,男,工程物理系,工物10,海南,海南省华侨中学
2011011596,11501028,罗万森,男,工程物理系,工物10,重庆,重庆市第十八中学校
2011011597,11511061,李默涵,男,工程物理系,工物10,四川,乐山一中
2011011598,11521025,梁卫红,男,工程物理系,工物10,贵州,凯里市一中
2011011599,11521024,吴勇勇,男,工程物理系,工物10,贵州,凯里市一中
2011011600,11531011,苏茜茜,女,工程物理系,工物10,云南,玉溪一中
2011011601,11611055,程鹏鑫,男,工程物理系,工物10,陕西,象山中学
2011011602,11111152,王沫宇,女,工程物理系,工物10,北京,北京景山学校
2011011603,11221051,王健,男,工程物理系,工物10,吉林,东北师大附属中学
2011011604,11351037,曾炜赫,男,工程物理系,工物10,福建,漳州一中
2011011605,11361040,金晗冰,女,工程物理系,工物10,江西,南昌二中
2011011606,11411096,赵昌昊,男,工程物理系,工物10,河南,郑州外国语学校
2011011607,11621026,赵中玮,男,工程物理系,工物10,甘肃,民勤县第一中学
2011011608,11311072,丘深,男,工程物理系,工物10,上海,上海市上海中学
2011011609,11121032,陆潞,女,工程物理系,工物11,天津,102中学
2011011610,11131057,郭啸宇,男,工程物理系,工物11,河北,衡水市武邑县武邑中学
2011011611,11371050,解光耀,男,工程物理系,工物11,山东,东营胜利第一中学
2011011612,11371049,高云鹏,男,工程物理系,工物11,山东,烟台一中
2011011613,11411092,黄凯鑫,男,工程物理系,工物11,河南,鹤壁高中（新校区）
2011011614,11421054,王佳,男,工程物理系,工物11,湖北,黄冈中学
2011011615,11431065,蒋小龙,男,工程物理系,工物11,湖南,永州市一中
2011011616,11441068,陈安滢,女,工程物理系,工物11,广东,广州市铁一中学
2011011617,11611054,李岳,男,工程物理系,工物11,陕西,华阴市招生办
2011011618,11621025,贾鸿玉,男,工程物理系,工物11,甘肃,金昌市第一中学
2011011619,11111056,何剀彦,男,工程物理系,工物11,北京,清华大学附属中学
2011011620,11111023,赵步,男,工程物理系,工物11,北京,北京大学附属中学
2011011621,11151003,郑晓明,男,工程物理系,工物11,内蒙古,海拉尔市二中
2011011622,11221014,吴鹏赫,男,工程物理系,工物11,吉林,东北师大附属中学
2011011623,11331026,张思远,男,工程物理系,工物11,浙江,嘉兴市第一中学
2011011624,11361015,张志财,男,工程物理系,工物11,江西,临川第二中学
2011011625,11421021,刘爽,男,工程物理系,工物11,湖北,华中师范大学第一附属中学
2011011626,11511022,刘星昱,男,工程物理系,工物11,四川,成都市第七中学
2011011627,11511021,吴籽杉,男,工程物理系,工物11,四川,四川省绵阳中学
2011011628,11411094,郭智慧,女,工程物理系,工物11,河南,项城市正泰博文学校
2011011629,11441069,陈一程,男,工程物理系,工物11,广东,华南师范大学附属中学
2011011630,11211058,蔡一鸣,男,工程物理系,工物11,辽宁,辽宁省实验中学
2011011631,11221048,米峻男,男,工程物理系,工物11,吉林,辽源市第五中学
2011011632,11321062,倪晓勇,男,工程物理系,工物11,江苏,江苏省如东高级中学
2011011633,11321060,沈丹,女,工程物理系,工物11,江苏,江苏省运河中学
2011011634,11341042,王刚,男,工程物理系,工物11,安徽,池州一中
2011011635,11351036,陈正颖,男,工程物理系,工物11,福建,福州一中
2011011636,11521023,胡俊,男,工程物理系,工物11,贵州,贵阳市第一中学
2011011637,11631004,林浩楠,男,工程物理系,工物11,青海,湟川中学
2011011638,11151027,梁博,男,工程物理系,工物12,内蒙古,临河区一中
2011011639,11151026,郑逸凡,女,工程物理系,工物12,内蒙古,赤峰元宝山区第一中学
2011011640,11221049,王重阳,男,工程物理系,工物12,吉林,桦甸四中
2011011641,11361037,潘志龙,男,工程物理系,工物12,江西,高安中学
2011011642,11411093,王首智,男,工程物理系,工物12,河南,邓州市第一高级中学
2011011643,11431067,刘宇浩,男,工程物理系,工物12,湖南,武冈二中
2011011644,11431066,易笑天,男,工程物理系,工物12,湖南,石门县第一中学
2011011645,11511060,熊海鉴,男,工程物理系,工物12,四川,乐山一中
2011011646,11621024,薛莲晓,男,工程物理系,工物12,甘肃,皋兰县第一中学
2011011647,11111045,孙天启,男,工程物理系,工物12,北京,中国人民大学附属中学
2011011648,11331025,韦享雨,女,工程物理系,工物12,浙江,浙江省东阳中学
2011011649,11341006,黄子扬,男,工程物理系,工物12,安徽,168中学
2011011650,11351016,林晨超,男,工程物理系,工物12,福建,福州一中
2011011651,11411015,戴亚奇,男,工程物理系,工物12,河南,郑州外国语学校
2011011652,11421020,肖立,男,工程物理系,工物12,湖北,华中师范大学第一附属中学
2011011653,11441020,祝绪成,男,工程物理系,工物12,广东,华南师范大学附属中学
2011011654,11511019,汪嘉悦,男,工程物理系,工物12,四川,四川省绵阳中学
2011011655,11621008,张方泽,男,工程物理系,工物12,甘肃,兰州第一中学
2011011656,11711011,蔡胜勋,男,工程物理系,工物12,台湾,台湾桃园县武陵高中
2011011657,11141040,闫子昂,男,工程物理系,工物12,山西,田家炳中学
2011011658,11501027,张华宇,男,工程物理系,工物12,重庆,重庆市第十八中学校
2011011659,11111150,彭宸光,男,工程物理系,工物12,北京,北京市第一０一中学
2011011660,11211057,崔春雨,男,工程物理系,工物12,辽宁,本溪市高级中学
2011011661,11231042,李志垚,男,工程物理系,工物12,黑龙江,哈市师大附中
2011011662,11321061,叶青,女,工程物理系,工物12,江苏,江苏省如东高级中学
2011011663,11331057,陈智超,男,工程物理系,工物12,浙江,德清县第一中学
2011011664,11361036,王璨,男,工程物理系,工物12,江西,南昌二中
2011011665,11371051,张琪,男,工程物理系,工物12,山东,齐河县第一中学
2011011666,11421053,张丽岩,女,工程物理系,工物12,湖北,襄樊市第四中学
2011011667,11121038,凌菲彤,女,工程物理系,核11,天津,南开中学
2011011668,11121037,葛昕,男,工程物理系,核11,天津,塘沽一中
2011011669,11131098,崔振铎,男,工程物理系,核11,河北,河北省献县第一中学
2011011670,11131097,康世栋,男,工程物理系,核11,河北,衡水市冀州市中学
2011011671,11211065,周晓晗,男,工程物理系,核11,辽宁,沈阳市法库县高级中学
2011011672,11321071,李洲,男,工程物理系,核11,江苏,江苏省新海高级中学
2011011673,11331064,吴蔚川,男,工程物理系,核11,浙江,杭州第二中学
2011011674,11341049,吴屈,男,工程物理系,核11,安徽,岳西中学
2011011675,11341048,吴锋,男,工程物理系,核11,安徽,肥东一中
2011011676,11361046,尹凯,男,工程物理系,核11,江西,吉安一中(应届)
2011011677,11361044,张李新,男,工程物理系,核11,江西,万载中学
2011011678,11371058,赵子皓,男,工程物理系,核11,山东,高密一中
2011011679,11371056,姜辛灏,男,工程物理系,核11,山东,烟台二中
2011011680,11411125,姜净珂,女,工程物理系,核11,河南,宝丰县第一高级中学
2011011681,11421061,王宁,男,工程物理系,核11,湖北,襄樊市第五中学
2011011682,11431040,张东昇,男,工程物理系,核11,湖南,东安一中
2011011683,11431039,黄张梅,女,工程物理系,核11,湖南,澧县一中
2011011684,11451017,邓仕威,男,工程物理系,核11,广西,柳州地区民族高级中学
2011011685,11501031,张俊,男,工程物理系,核11,重庆,万州第二高级中学
2011011686,11511035,姚磊,男,工程物理系,核11,四川,四川省绵阳南山中学
2011011687,11511034,庞天枫,男,工程物理系,核11,四川,洪雅中学
2011011688,11521028,王宁波,男,工程物理系,核11,贵州,思南中学
2011011689,11531006,耿境,男,工程物理系,核11,云南,宣威市第一中学
2011011690,11611100,王扶月,女,工程物理系,核11,陕西,灞桥区招生办
2011011691,11211064,黎闫,女,工程物理系,核11,辽宁,瓦房店市高级中学
2011011692,11351043,郑敏珊,女,工程物理系,核11,福建,福州一中
2011011693,11421064,李敏,男,工程物理系,核11,湖北,华中师范大学第一附属中学
2011011694,11421065,刘宗,男,工程物理系,核11,湖北,鄂南高中
2011011695,11501032,袁媛,女,工程物理系,核11,重庆,重庆市南开中学
2011011696,11501030,李东,男,工程物理系,核11,重庆,重庆市第一中学
2011011697,11121039,王学浩,男,工程物理系,核12,天津,宝坻往届高中生
2011011698,11131100,豆丹丹,女,工程物理系,核12,河北,河北衡水中学
2011011699,11131099,刘钰熙,男,工程物理系,核12,河北,衡水市滏阳中学
2011011700,11141045,孙叶城,男,工程物理系,核12,山西,临汾一中(应)
2011011701,11151030,白雪,女,工程物理系,核12,内蒙古,鄂尔多斯市第一中学
2011011702,11211063,冯夷宁,男,工程物理系,核12,辽宁,阜蒙县蒙古高中
2011011703,11321072,葛维维,女,工程物理系,核12,江苏,江苏省通州高级中学
2011011704,11321070,樊翔宇,男,工程物理系,核12,江苏,江苏省新海高级中学
2011011705,11321069,庄济华,男,工程物理系,核12,江苏,江苏省前黄高级中学
2011011706,11331065,陈翔,男,工程物理系,核12,浙江,金华市第一中学
2011011707,11341050,卢肖勇,男,工程物理系,核12,安徽,萧县一职高
2011011708,11351042,杨志陶,男,工程物理系,核12,福建,龙岩一中
2011011709,11361045,黄亚平,男,工程物理系,核12,江西,万载中学
2011011710,11361043,涂文强,男,工程物理系,核12,江西,南昌县莲塘一中
2011011711,11371057,邱坤龙,男,工程物理系,核12,山东,高密一中
2011011712,11411124,钱苏阳,女,工程物理系,核12,河南,安阳市第一中学
2011011713,11411123,郑朔宇,男,工程物理系,核12,河南,项城市第三高级中学
2011011714,11421063,蔡玉斌,男,工程物理系,核12,湖北,湖北省武穴中学
2011011715,11421062,汤伯韬,男,工程物理系,核12,湖北,浠水县第一中学
2011011716,11431038,刘熙罡,男,工程物理系,核12,湖南,安乡县一中
2011011717,11451016,韦子豪,男,工程物理系,核12,广西,百色民族高中
2011011718,11451015,陈昊然,男,工程物理系,核12,广西,钦州市一中
2011011719,11511033,苏毅,男,工程物理系,核12,四川,南充高中
2011011720,11521029,査方正,男,工程物理系,核12,贵州,兴义市八中
2011011721,11531008,朱斐,男,工程物理系,核12,云南,宣威市第六中学
2011011722,11531007,刘明月,女,工程物理系,核12,云南,宣威市第五中学
2011011723,11611101,宋爽,男,工程物理系,核12,陕西,汉台招办报名点
2011011724,11501034,蹇丛徽,女,工程物理系,核12,重庆,重庆市第一中学
2011011725,11501033,曾勤林,男,工程物理系,核12,重庆,重庆市第八中学
2011011726,11411032,向小雨,女,工程物理系,工物13,河南,郑州一中
2011011727,11411030,楚秋慧,女,工程物理系,工物13,河南,新密市实验高级中学
2011011728,11421030,邓秀杰,男,工程物理系,工物13,湖北,公安县第一中学
2011011729,11431037,谢亮华,男,工程物理系,工物13,湖南,石门县第一中学
2011011730,11451014,韦炳军,男,工程物理系,工物13,广西,都安县高级中学
2011011731,11451013,李钊历,男,工程物理系,工物13,广西,广西宾阳中学
2011011732,11511032,赵航,男,工程物理系,工物13,四川,攀枝花市第三高级中学校
2011011733,11521011,陈立成,男,工程物理系,工物13,贵州,兴义一中
2011011734,11611025,马跃,男,工程物理系,工物13,陕西,子洲社青
2011011735,11611024,刘耀远,男,工程物理系,工物13,陕西,灞桥区招生办
2011011736,11111142,曹庆辰,男,化学工程系,分1,北京,北京工业大学附属中学
2011011737,11131054,卢策,男,化学工程系,分1,河北,河北徐水综合高级中学
2011011738,11141035,崔毅杰,男,化学工程系,分1,山西,晋城一中
2011011739,11221044,申博渊,男,化学工程系,分1,吉林,吉林一中
2011011740,11311085,何濂远,男,化学工程系,分1,上海,上海市上海中学
2011011741,11321057,朱中庆,男,化学工程系,分1,江苏,常州市第一中学
2011011742,11331052,刘念,女,化学工程系,分1,浙江,浙江省春晖中学
2011011743,11371040,黄浩,男,化学工程系,分1,山东,潍坊一中
2011011744,11371038,李奕,女,化学工程系,分1,山东,日照第一中学
2011011745,11371037,徐国曦,男,化学工程系,分1,山东,山东省实验中学
2011011746,11421048,李凌霄,男,化学工程系,分1,湖北,钟祥市第一中学
2011011747,11431063,欧阳庆,女,化学工程系,分1,湖南,湘阴一中
2011011748,11511057,王昱燊,男,化学工程系,分1,四川,绵阳东辰国际学校
2011011749,11531009,刘晓颖,女,化学工程系,分1,云南,昆明市第三中学
2011011750,11611052,刘钰曼,女,化学工程系,分1,陕西,南郑中学
2011011751,11621022,王嘉玮,男,化学工程系,分1,甘肃,西北师大附属中学
2011011752,11621021,郭芳君,女,化学工程系,分1,甘肃,张掖中学
2011011753,11111015,陈辰,男,化学工程系,分1,北京,北京市十一学校
2011011754,11131002,王祎,女,化学工程系,分1,河北,河北衡水中学
2011011755,11151005,关文勋,男,化学工程系,分1,内蒙古,包头市九中
2011011756,11311017,周昱,男,化学工程系,分1,上海,上海市晋元高级中学
2011011757,11311033,谢智宁,男,化学工程系,分1,上海,上海外国语大学附属外国语学校
2011011758,11431019,李一枫,男,化学工程系,分1,湖南,长郡中学
2011011759,11501011,汪诗杭,男,化学工程系,分1,重庆,重庆市第一中学
2011011760,11511023,陈鹏宇,男,化学工程系,分1,四川,四川省绵阳中学
2011011761,11111143,张雨辰,男,化学工程系,分1,北京,北京师范大学附属实验中学
2011011762,11211054,吕香雪,女,化学工程系,分1,辽宁,瓦房店市高级中学
2011011763,11221045,王力慧,女,化学工程系,分1,吉林,吉林一中
2011011764,11371039,高帅,男,化学工程系,分1,山东,山东省实验中学
2011011765,11421047,张博文,男,化学工程系,分1,湖北,华中师范大学第一附属中学
2011011766,11111144,林晚心,女,化学工程系,分1,北京,北京市第一０一中学
2011011767,11111179,曹力威,女,化学工程系,化11,北京,北京市第八中学
2011011768,11141046,陈扬,男,化学工程系,化11,山西,长治市一中(应)
2011011769,11151034,郭佳荟,女,化学工程系,化11,内蒙古,海拉尔二中
2011011770,11331070,周益康,男,化学工程系,化11,浙江,浙江省东阳中学
2011011771,11411100,安航,男,化学工程系,化11,河南,西平县高级中学
2011011772,11441075,周彭吉,男,化学工程系,化11,广东,东莞市东华高级中学
2011011773,11451034,张国林,男,化学工程系,化11,广西,梧州高级中学
2011011774,11611062,李怡如,女,化学工程系,化11,陕西,西铁一中
2011011775,11621030,田兴国,男,化学工程系,化11,甘肃,民勤县第一中学
2011011776,11121013,郑轶,男,化学工程系,化11,天津,新华中学
2011011777,11211012,鲁泽潇,男,化学工程系,化11,辽宁,大连市第二十四中学
2011011778,11331036,陈琛煜,男,化学工程系,化11,浙江,乐成公立寄宿学校
2011011779,11371017,孙皓,男,化学工程系,化11,山东,龙口一中
2011011780,11371009,庞安琪,男,化学工程系,化11,山东,枣庄市第八中学
2011011781,11531002,张睿,男,化学工程系,化11,云南,曲靖市第一中学
2011011782,11711003,吴季龙,男,化学工程系,化11,台湾,上海华东师范大学第二附属中学
2011011783,11351047,林敏,男,化学工程系,化11,福建,福州一中
2011011784,11451035,杨璐帆,女,化学工程系,化11,广西,桂林市第十八中学
2011011785,11111178,张昊天,男,化学工程系,化11,北京,北京景山学校
2011011786,11121042,叶亦欣,女,化学工程系,化11,天津,南开中学
2011011787,11141050,张鹏翀,男,化学工程系,化11,山西,柳林联盛中学
2011011788,11211068,李岳,男,化学工程系,化11,辽宁,凤城市第一中学
2011011789,11221057,杜明远,男,化学工程系,化11,吉林,东北师大附属中学
2011011790,11311067,薛怡然,女,化学工程系,化11,上海,上海市上海中学
2011011791,11361047,李妤,女,化学工程系,化11,江西,江西师大附中
2011011792,11411097,李瑾,女,化学工程系,化11,河南,商丘市第一高级中学
2011011793,11421068,毛鼎,男,化学工程系,化11,湖北,湖北省天门中学
2011011794,11431072,赵宏博,男,化学工程系,化11,湖南,衡阳市一中
2011011795,11111177,盛雄,男,化学工程系,化12,北京,北京市海淀区精华培训学校
2011011796,11111176,党竹溪,女,化学工程系,化12,北京,北京市第四中学
2011011797,11131061,彭程,女,化学工程系,化12,河北,河北衡水中学
2011011798,11231049,张兆嘉,女,化学工程系,化12,黑龙江,哈尔滨市三中
2011011799,11331072,吴天浩,男,化学工程系,化12,浙江,浙江省义乌中学
2011011800,11361048,胡维珂,女,化学工程系,化12,江西,宜春中学
2011011801,11371060,马蓬杨,男,化学工程系,化12,山东,淄博市实验中学
2011011802,11421067,雷青,男,化学工程系,化12,湖北,黄冈中学
2011011803,11441076,苏业超,男,化学工程系,化12,广东,珠海市第一中学
2011011804,11501035,马路遥,男,化学工程系,化12,重庆,重庆市南开中学
2011011805,11511067,陈越君,女,化学工程系,化12,四川,四川省绵阳中学
2011011806,11621029,靳婷,女,化学工程系,化12,甘肃,兰州市第二中学
2011011807,11711012,郑锦鸿,男,化学工程系,化12,台湾,深圳外国语学校高中
2011011808,11131029,杜晨灿,男,化学工程系,化12,河北,河北衡水中学
2011011809,11331024,成静远,女,化学工程系,化12,浙江,浙江省义乌中学
2011011810,11331023,黄晋培,男,化学工程系,化12,浙江,乐成公立寄宿学校
2011011811,11371010,孔繁赫,男,化学工程系,化12,山东,山东省实验中学
2011011812,11411012,徐鸣远,男,化学工程系,化12,河南,郑州一中
2011011813,11461002,林昊,男,化学工程系,化12,海南,海南中学
2011011814,11361049,章超禹,男,化学工程系,化12,江西,抚州一中
2011011815,11321074,张哲巍,男,化学工程系,化12,江苏,江苏省常州高级中学
2011011816,11411098,朱文明,男,化学工程系,化12,河南,恒大科技大学附中
2011011817,11431073,谭方园,男,化学工程系,化12,湖南,湖南师大附中
2011011818,11611063,田坤,男,化学工程系,化12,陕西,高新一中
2011011819,11641008,张羽鹏,男,化学工程系,化12,宁夏,银川一中
2011011820,11141049,贾兆华,男,化学工程系,化12,山西,介休同文复习中心
2011011821,11141047,孙鹤,男,化学工程系,化12,山西,太原五中
2011011822,11421070,杨程,女,化学工程系,化12,湖北,广水市第一高级中学
2011011823,11151033,齐梦佳,女,化学工程系,化13,内蒙古,包钢一中
2011011824,11341053,马赫,男,化学工程系,化13,安徽,淮北一中
2011011825,11351046,陈航,女,化学工程系,化13,福建,莆田二中
2011011826,11371062,刘朝坤,男,化学工程系,化13,山东,聊城一中
2011011827,11411099,赵震林,男,化学工程系,化13,河南,灵宝一高
2011011828,11431071,周凌伊卿,女,化学工程系,化13,湖南,娄底三中
2011011829,11631006,乔军帅,男,化学工程系,化13,青海,大通二中
2011011830,11131024,王晗,男,化学工程系,化13,河北,河北衡水中学
2011011831,11211010,冉子薇,女,化学工程系,化13,辽宁,大连育明高中
2011011832,11311028,曹怡依,女,化学工程系,化13,上海,华东师范大学第二附属中学
2011011833,11371008,侯一林,男,化学工程系,化13,山东,寿光一中
2011011834,11431016,唐文韬,男,化学工程系,化13,湖南,雅礼中学
2011011835,11431015,杨晋,男,化学工程系,化13,湖南,长郡中学
2011011836,11451005,胡覃禾平,男,化学工程系,化13,广西,广西南宁市第三中学
2011011837,11611017,王岱玮,男,化学工程系,化13,陕西,西北工业大学附中
2011011838,11651008,陈金财,男,化学工程系,化13,新疆,兵团二中
2011011839,11711006,王大安,男,化学工程系,化13,台湾,台湾国立高雄师范大学附设高级
2011011840,11111174,孙唯可,女,化学工程系,化13,北京,首都师范大学附属中学
2011011841,11331071,元喆,男,化学工程系,化13,浙江,宁波市效实中学
2011011842,11451036,宋劲,男,化学工程系,化13,广西,广西南宁市第三中学
2011011843,11111175,童铭,男,化学工程系,化13,北京,中国人民大学附属中学
2011011844,11321075,夏斯亭,男,化学工程系,化13,江苏,江苏省阜宁中学
2011011845,11371061,陈杨子,女,化学工程系,化13,山东,临朐一中
2011011846,11421069,程非凡,男,化学工程系,化13,湖北,鄂南高中
2011011847,11511066,刘珍豪,男,化学工程系,化13,四川,攀枝花市第七高级中学校
2011011848,11611061,冯悠,女,化学工程系,化13,陕西,宝塔区第四中学
2011011849,11211067,阎鑫,男,化学工程系,化13,辽宁,大连开发区第一高级中学
2011011850,11141048,胡晓宇,男,化学工程系,化13,山西,康杰中学
2011011851,11111079,王思源,男,材料科学与工程系,材11,北京,清华大学附属中学
2011011852,11111077,郎嘉良,男,材料科学与工程系,材11,北京,中央民族大学附属中学
2011011853,11111075,宋厚甫,男,材料科学与工程系,材11,北京,北京汇文中学
2011011854,11111073,刘威彤,女,材料科学与工程系,材11,北京,北京市朝阳外国语学校
2011011855,11151014,白宇冰,女,材料科学与工程系,材11,内蒙古,赤峰元宝山区平庄煤业高级中学
2011011856,11211035,卢子尧,男,材料科学与工程系,材11,辽宁,锦州中学
2011011857,11211034,满书葵,男,材料科学与工程系,材11,辽宁,鞍山市第十三中学
2011011858,11231023,安德成,男,材料科学与工程系,材11,黑龙江,佳木斯第一中学
2011011859,11321038,拜俊飞,男,材料科学与工程系,材11,江苏,江苏省姜堰中学
2011011860,11331040,汤梦琪,女,材料科学与工程系,材11,浙江,杭州高级中学
2011011861,11351026,罗心怡,女,材料科学与工程系,材11,福建,三明一中
2011011862,11411101,刘健,男,材料科学与工程系,材11,河南,洛阳市第一高级中学
2011011863,11411103,何晓利,女,材料科学与工程系,材11,河南,鹤壁高中（新校区）
2011011864,11421037,姜玮,男,材料科学与工程系,材11,湖北,湖北省宜都市第一中学
2011011865,11461003,曾维宁,男,材料科学与工程系,材11,海南,海南省国兴中学
2011011866,11511040,廖书迪,女,材料科学与工程系,材11,四川,成都市树德中学
2011011867,11131021,张留信,男,材料科学与工程系,材11,河北,河北衡水中学
2011011868,11221022,王琦,男,材料科学与工程系,材11,吉林,延边二中
2011011869,11311008,朱敏,男,材料科学与工程系,材11,上海,华东师范大学第二附属中学
2011011870,11331034,涂蒙河,男,材料科学与工程系,材11,浙江,乐成公立寄宿学校
2011011871,11421026,刘明翰,男,材料科学与工程系,材11,湖北,华中师范大学第一附属中学
2011011872,11431028,屠节,男,材料科学与工程系,材11,湖南,雅礼中学
2011011873,11331042,董金峰,男,材料科学与工程系,材11,浙江,浙江萧山中学
2011011874,11361025,罗帅,男,材料科学与工程系,材11,江西,南昌二中
2011011875,11421035,骆宇,男,材料科学与工程系,材11,湖北,孝感高级中学
2011011876,11611038,杜兴逸,男,材料科学与工程系,材11,陕西,西铁一中
2011011877,11521012,彭永兴,男,材料科学与工程系,材11,贵州,贵阳市第一中学
2011011878,11321037,韩屹,男,材料科学与工程系,材11,江苏,江苏省西亭高级中学
2011011879,11511029,邹昌炜,男,材料科学与工程系,材11,四川,绵阳东辰国际学校
2011011880,11111078,张粟泓,男,材料科学与工程系,材12,北京,北京市顺义区第一中学
2011011881,11111076,门天路,男,材料科学与工程系,材12,北京,中央民族大学附属中学
2011011882,11121020,王硕,男,材料科学与工程系,材12,天津,宝坻一中
2011011883,11211037,于思琪,女,材料科学与工程系,材12,辽宁,朝阳市第二高级中学
2011011884,11221036,姜奕竹,女,材料科学与工程系,材12,吉林,长春市十一高中
2011011885,11231022,吕循岩,男,材料科学与工程系,材12,黑龙江,大庆市实验中学
2011011886,11321036,夏礼栋,男,材料科学与工程系,材12,江苏,江苏省姜堰中学
2011011887,11341017,吴纯,女,材料科学与工程系,材12,安徽,当涂县一中
2011011888,11371024,赵辰孜,女,材料科学与工程系,材12,山东,开发区致远中学
2011011889,11411102,谭召召,男,材料科学与工程系,材12,河南,新蔡县第一高级中学
2011011890,11431050,蒋梦蕾,女,材料科学与工程系,材12,湖南,长郡中学
2011011891,11441058,潘柏林,男,材料科学与工程系,材12,广东,华南师范大学附属中学
2011011892,11531003,杨淇耀,男,材料科学与工程系,材12,云南,昆明市第一中学
2011011893,11211018,杨尧,男,材料科学与工程系,材12,辽宁,辽宁省实验中学
2011011894,11211017,金鑫,男,材料科学与工程系,材12,辽宁,本溪市高级中学
2011011895,11311030,王泽昊,男,材料科学与工程系,材12,上海,华东师范大学第二附属中学
2011011896,11311007,余盛铭,男,材料科学与工程系,材12,上海,华东师范大学第二附属中学
2011011897,11321006,郑源华,男,材料科学与工程系,锡,江苏,省 锡 中
2011011898,11421025,王瑞,男,材料科学与工程系,材12,湖北,宜昌市夷陵中学
2011011899,11511028,刘帅,男,材料科学与工程系,材12,四川,四川省绵阳中学
2011011900,11511027,焦旭,男,材料科学与工程系,材12,四川,成都市第七中学
2011011901,11141022,张文帅,男,材料科学与工程系,材12,山西,临汾一中(应)
2011011902,11611040,齐一榕,女,材料科学与工程系,材12,陕西,临潼招办
2011011903,11621014,胡远东,男,材料科学与工程系,材12,甘肃,西北师大附属中学
2011011904,11331041,鲁毓钜,男,材料科学与工程系,材12,浙江,绍兴市第一中学
2011011905,11421027,石航,男,材料科学与工程系,材12,湖北,华中师范大学第一附属中学国际部
2011011906,11521010,杨宏,男,材料科学与工程系,材12,贵州,铜仁一中
2011011907,11341019,汤舒俊,男,材料科学与工程系,材12,安徽,马鞍山市民办中加双语学校
2011011908,11361024,李京平,男,材料科学与工程系,材12,江西,于都中学(应届)
2011011909,11111074,薛原,男,材料科学与工程系,材13,北京,北京市延庆县第一中学
2011011910,11141023,翟祎,男,材料科学与工程系,材13,山西,平定一中
2011011911,11221034,王畅,女,材料科学与工程系,材13,吉林,吉林油田高级中学
2011011912,11321040,周宇,男,材料科学与工程系,材13,江苏,江苏省六合高级中学
2011011913,11341018,黄雅洁,女,材料科学与工程系,材13,安徽,天长中学
2011011914,11371023,王秋莹,女,材料科学与工程系,材13,山东,威海一中
2011011915,11371022,崔扬,男,材料科学与工程系,材13,山东,广饶县第一中学
2011011916,11421036,但振康,男,材料科学与工程系,材13,湖北,武汉市黄陂区第一中学
2011011917,11521013,谢文升,男,材料科学与工程系,材13,贵州,遵义县第一中学
2011011918,11611039,张天翼,男,材料科学与工程系,材13,陕西,五七零二中学
2011011919,11121005,郝明茗,男,材料科学与工程系,材13,天津,新华中学
2011011920,11211019,阮航,男,材料科学与工程系,材13,辽宁,大连育明高中
2011011921,11311009,朱加宁,男,材料科学与工程系,材13,上海,华东师范大学第二附属中学
2011011922,11361016,陈贤哲,男,材料科学与工程系,材13,江西,景德镇第二中学
2011011923,11431029,陈子晏,男,材料科学与工程系,材13,湖南,长郡中学
2011011924,11431027,黄雅,女,材料科学与工程系,材13,湖南,长沙市南雅中学
2011011925,11211036,谢睿勋,男,材料科学与工程系,材13,辽宁,沈阳市第二中学
2011011926,11231021,王韩,男,材料科学与工程系,材13,黑龙江,大庆一中
2011011927,11321039,刘世法,男,材料科学与工程系,材13,江苏,江苏省赣榆高级中学
2011011928,11331038,殷谷帆,男,材料科学与工程系,材13,浙江,杭州第二中学
2011011929,11451021,肖舒劼,男,材料科学与工程系,材13,广西,广西柳州高级中学
2011011930,11511039,潘豪,男,材料科学与工程系,材13,四川,武胜中学
2011011931,11651014,王亚飞,男,材料科学与工程系,材13,新疆,哈密地区二中
2011011932,11221035,张竞文,女,材料科学与工程系,材13,吉林,东北师范大学附属实验学校
2011011933,11331039,黄斯寒,男,材料科学与工程系,材13,浙江,浙江省衢州第二中学
2011011934,11511038,王泽胤,男,材料科学与工程系,材13,四川,成都市树德中学
2011011935,11411034,贾兆年,男,材料科学与工程系,材13,河南,周口市郸城县一高
2011011936,11611022,尤阿妮,女,材料科学与工程系,材13,陕西,社会青年
2011011937,11211038,曹诗琦,男,材料科学与工程系,材13,辽宁,铁岭市西丰县高级中学
2011011938,11111270,薛炜同,男,数学科学系,数11,北京,北京市第四中学
2011011939,11111273,张雄翼,男,数学科学系,数11,北京,北京师范大学第二附属中学
2011011940,11151049,侯东博,男,数学科学系,数11,内蒙古,牙克石市林业一中
2011011941,11331098,项江铭,男,数学科学系,数11,浙江,浦江县浦江中学
2011011942,11351072,周培聪,男,数学科学系,数11,福建,厦门双十中学
2011011943,11371094,张晓晨,女,数学科学系,数11,山东,东营胜利第一中学
2011011944,11431103,高玺浩,男,数学科学系,数11,湖南,长沙市雅礼中学
2011011945,11441095,邱嘉明,男,数学科学系,数11,广东,深圳市深圳中学
2011011946,11461010,陈炫皓,男,数学科学系,数11,海南,乐东县黄流中学
2011011947,11521041,李雪雪,女,数学科学系,数11,贵州,盘县一中
2011011948,11611081,高若田,女,数学科学系,数11,陕西,高新一中
2011011949,11621040,刘建,男,数学科学系,数11,甘肃,嘉峪关市酒钢三中
2011011950,11121018,于浩成,男,数学科学系,数11,天津,南开中学
2011011951,11121012,李洪姗,女,数学科学系,数11,天津,实验中学
2011011952,11211013,李泽瀚,男,数学科学系,数11,辽宁,大连育明高中
2011011953,11221024,于涵,男,数学科学系,数11,吉林,东北师大附属中学
2011011954,11231017,李祺,男,数学科学系,数11,黑龙江,哈市师大附中
2011011955,11311025,孟澄,男,数学科学系,数11,上海,华东师范大学第二附属中学
2011011956,11311018,龚文妍,女,数学科学系,数11,上海,华东师范大学第二附属中学
2011011957,11311044,陈驰宇,男,数学科学系,数11,上海,华东师范大学第二附属中学
2011011958,11311034,董佳麒,男,数学科学系,数11,上海,上海市大同中学
2011011959,11321018,陈张弛,男,数学科学系,数11,江苏,江苏省苏州中学
2011011960,11321016,李茳淼,男,数学科学系,数11,江苏,南京外国语学校
2011011961,11331011,邱聪灵,男,数学科学系,数11,浙江,浙江省湖州中学
2011011962,11431005,孙奥,男,数学科学系,数11,湖南,湖南师大附中
2011011963,11521001,叶峪廷,男,数学科学系,数11,贵州,贵阳市第一中学
2011011964,11821005,陈逸基,男,数学科学系,数11,澳门,澳门劳工子弟学校
2011011965,11111272,邓文轩,女,数学科学系,数11,北京,北京市第四中学
2011011966,11311070,印佳,女,数学科学系,数11,上海,上海市上海中学
2011011967,11311057,徐侃,男,数学科学系,数11,上海,上海市实验学校
2011011968,11121060,韩建宇,男,数学科学系,数11,天津,一中
2011011969,11231071,关志达,男,数学科学系,数11,黑龙江,哈尔滨市三中
2011011970,11321119,蒋旃,男,数学科学系,数11,江苏,江苏省天一中学
2011011971,11411104,任大帅,男,数学科学系,数11,河南,信阳高中
2011011972,11501049,杨佳明,男,数学科学系,数11,重庆,重庆市南开中学
2011011973,11111271,刘默川,男,数学科学系,数12,北京,北京市东直门中学
2011011974,11141072,张静鹏,女,数学科学系,数12,山西,金谷中学(往)
2011011975,11321116,陈辉,男,数学科学系,数12,江苏,江苏省泰州中学
2011011976,11321118,顾雨琦,女,数学科学系,数12,江苏,江苏省南通中学
2011011977,11371093,姜荣建,男,数学科学系,数12,山东,聊城一中
2011011978,11411105,刘安宁,女,数学科学系,数12,河南,平顶山市第一中学
2011011979,11431100,李浩阳,男,数学科学系,数12,湖南,澧县一中
2011011980,11441093,朱吴越,男,数学科学系,数12,广东,中山纪念中学
2011011981,11511099,郑展,男,数学科学系,数12,四川,乐山一中
2011011982,11531028,丁孙浩,男,数学科学系,数12,云南,云南师范大学附属中学
2011011983,11111027,孙晓川,男,数学科学系,数12,北京,北京师范大学附属实验中学
2011011984,11121002,郭洸男,男,数学科学系,数12,天津,耀华中学
2011011985,11221029,陈晓东,男,数学科学系,数12,吉林,梅河口市五中
2011011986,11231005,张磊,男,数学科学系,数12,黑龙江,哈市师大附中
2011011987,11311024,曹沈愷,男,数学科学系,数12,上海,华东师范大学第二附属中学
2011011988,11311046,肖睿安,女,数学科学系,数12,上海,华东师范大学第二附属中学
2011011989,11311035,田明昊,男,数学科学系,数12,上海,华东师范大学第二附属中学
2011011990,11321017,陈泽,男,数学科学系,数12,江苏,如皋中学
2011011991,11331012,蔡书哲,男,数学科学系,数12,浙江,浙江省乐清中学
2011011992,11331002,毛涛韬,男,数学科学系,数12,浙江,温岭中学
2011011993,11611007,杨卓然,男,数学科学系,数12,陕西,西北工业大学附中
2011011994,11651002,吴靖,男,数学科学系,数12,新疆,塔城地区第一高级中学
2011011995,11110061,刘欣雨,女,数学科学系,数12,北京,清华大学附属中学
2011011996,11221081,姜瑛恺,男,数学科学系,数12,吉林,白山市第二中学
2011011997,11321117,姚雨凌,男,数学科学系,数12,江苏,常州市第一中学
2011011998,11431101,周天,男,数学科学系,数12,湖南,长沙市雅礼中学
2011011999,11451049,何依铭,女,数学科学系,数12,广西,广西柳州高级中学
2011012000,11611082,岳光祎,女,数学科学系,数12,陕西,西工大附中
2011012001,11131083,于喆,男,数学科学系,数12,河北,唐山市第一中学
2011012002,11211095,顾智翔,男,数学科学系,数12,辽宁,大连市第二十四中学
2011012003,11311059,张易,男,数学科学系,数12,上海,上海市南洋模范中学
2011012004,11321121,李剑,男,数学科学系,数12,江苏,江苏省新海高级中学
2011012005,11421102,涂羽成,男,数学科学系,数12,湖北,鄂州高级中学
2011012006,11111274,郑诗雨,女,数学科学系,数13,北京,北京市第八中学
2011012007,11211096,唐永欣,女,数学科学系,数13,辽宁,朝阳市第二高级中学
2011012008,11231070,刘弘辉,男,数学科学系,数13,黑龙江,哈尔滨市三中
2011012009,11311063,周冰,女,数学科学系,数13,上海,上海市上海中学
2011012010,11331097,林智恒,男,数学科学系,数13,浙江,永嘉县永嘉中学
2011012011,11341083,汪仁开,男,数学科学系,数13,安徽,合肥一中
2011012012,11421103,黄金枝,女,数学科学系,数13,湖北,随州市第二高级中学
2011012013,11441094,宋扬,男,数学科学系,数13,广东,南海区石门中学
2011012014,11501050,朱遨,男,数学科学系,数13,重庆,重庆市南开中学
2011012015,11641014,马伟,男,数学科学系,数13,宁夏,吴忠中学
2011012016,11111026,谭子涵,男,数学科学系,数13,北京,中国人民大学附属中学
2011012017,11111044,张潇,男,数学科学系,数13,北京,北京师范大学附属实验中学
2011012018,11121015,陈键,男,数学科学系,数13,天津,一中
2011012019,11211007,安子豪,男,数学科学系,数13,辽宁,大连育明高中
2011012020,11221028,邹昊轩,男,数学科学系,数13,吉林,东北师大附属中学
2011012021,11231004,赵鸣飞,男,数学科学系,数13,黑龙江,哈市师大附中
2011012022,11311022,张逸真,女,数学科学系,数13,上海,华东师范大学第二附属中学
2011012023,11311045,虞博雅,男,数学科学系,数13,上海,华东师范大学第二附属中学
2011012024,11321028,徐以阳,男,数学科学系,数13,江苏,江苏省镇江中学
2011012025,11321015,金沛阳,男,数学科学系,数13,江苏,江苏省天一中学
2011012026,11321014,滕志远,男,数学科学系,数13,江苏,江苏省华罗庚中学
2011012027,11421006,谷嘉文,男,数学科学系,数13,湖北,武汉市第二中学
2011012028,11451002,侯程,男,数学科学系,数13,广西,广西南宁市第二中学
2011012029,11511008,付文凯,男,数学科学系,数13,四川,荣县中学
2011012030,11821004,李文伟,男,数学科学系,数13,澳门,澳门镜平学校中学部
2011012031,11111269,杨雨晨,女,数学科学系,数13,北京,中国人民大学附属中学
2011012032,11141071,尚泽远,男,数学科学系,数13,山西,康杰中学
2011012033,11311108,闵一非,男,数学科学系,数13,上海,华东师范大学第二附属中学
2011012034,11311097,金秋江,男,数学科学系,数13,上海,上海市七宝中学
2011012035,11371092,闫志存,男,数学科学系,数13,山东,山东省济北中学
2011012036,11431102,熊威,男,数学科学系,数13,湖南,长沙市雅礼中学
2011012037,11531029,董肖俊,男,数学科学系,数13,云南,云南师范大学附属中学
2011012038,11321120,武筱,女,数学科学系,数13,江苏,南京师范大学附属中学
2011012039,11331099,黄震昊,男,数学科学系,数13,浙江,慈溪中学
2011012040,11111290,踪晴晴,女,物理系,物理11,北京,首都师范大学附属中学
2011012041,11151054,王亚彬,男,物理系,物理11,内蒙古,乌兰浩特市一中
2011012042,11231079,魏胜禹,男,物理系,物理11,黑龙江,齐市实验中学
2011012043,11341090,周海涵,男,物理系,物理11,安徽,马鞍山市民办中加双语学校
2011012044,11421108,尹天骄,男,物理系,物理11,湖北,黄冈中学
2011012045,11641019,马维东,男,物理系,物理11,宁夏,银川一中
2011012046,11651032,周曼桐,女,物理系,物理11,新疆,兵团二中
2011012047,11111019,李伟锋,男,物理系,物理11,北京,北京汇文中学
2011012048,11111037,宝尔金,男,物理系,物理11,北京,北京市第四中学
2011012049,11221008,金枭翰,男,物理系,物理11,吉林,吉林一中
2011012050,11311029,赵成浩,男,物理系,物理11,上海,华东师范大学第二附属中学
2011012051,11311027,王正安,男,物理系,物理11,上海,上海市格致中学
2011012052,11311006,林鑫,男,物理系,物理11,上海,华东师范大学第二附属中学
2011012053,11321012,季宇,男,物理系,物理11,江苏,无锡市一中
2011012054,11321011,蒋楠,女,物理系,物理11,江苏,南京师范大学附属中学江宁分校
2011012055,11331003,高凡,男,物理系,物理11,浙江,杭州学军中学
2011012056,11341001,魏昊明,男,物理系,物理11,安徽,合肥1中
2011012057,11361004,彭瑞光,男,物理系,物理11,江西,江西师大附中
2011012058,11421002,张阳,男,物理系,物理11,湖北,鄂州市高级中学
2011012059,11421001,郭晓觅,男,物理系,物理11,湖北,华中师范大学第一附属中学
2011012060,11501002,林犀,男,物理系,物理11,重庆,重庆市南开中学
2011012061,11511004,吴月忻,男,物理系,物理11,四川,成都市外国语学校
2011012062,11611006,方笑尘,男,物理系,物理11,陕西,西北工业大学附中
2011012063,11711010,谢睿程,男,物理系,物理11,台湾,台湾桃园县中坜高中
2011012064,11711009,徐启峻,男,物理系,物理11,台湾,台湾成功高中
2011012065,11111292,孙嘉懿,男,物理系,物理11,北京,北京师范大学附属中学
2011012066,11111295,颜子昂,男,物理系,物理11,北京,中央民族大学附属中学
2011012067,11321131,吴艳梅,女,物理系,物理11,江苏,江苏省靖江高级中学
2011012068,11331108,骆晨杰,男,物理系,物理11,浙江,浙江省诸暨中学
2011012069,11441103,胡骁龙,男,物理系,物理11,广东,鹤山市第一中学
2011012070,11451052,陆肖蓓,女,物理系,物理11,广西,广西南宁市第三中学
2011012071,11511108,杜浩东,男,物理系,物理11,四川,广元中学
2011012072,11111291,朱谦之,男,物理系,物理11,北京,首都师范大学附属中学
2011012073,11121066,陶奕,男,物理系,物理11,天津,实验中学
2011012074,11211105,吴宇楠,女,物理系,物理11,辽宁,本溪市高级中学
2011012075,11221087,刘心曲,女,物理系,物理11,吉林,农安实验中学
2011012076,11371102,郑诚,男,物理系,物理11,山东,枣庄三中
2011012077,11411108,赵君夫,男,物理系,物理11,河南,河南师大附中
2011012078,11501055,周唐,男,物理系,物理11,重庆,四川外语学院重庆第二外国语学校
2011012079,11531035,林秋帆,男,物理系,物理11,云南,云南师范大学附属中学
2011012080,11141076,杜磊,男,物理系,物理12,山西,芮城中学
2011012081,11231080,王宇佳,男,物理系,物理12,黑龙江,哈尔滨市三中
2011012082,11341093,熊士林,男,物理系,物理12,安徽,天长中学
2011012083,11341092,江云涛,男,物理系,物理12,安徽,科大附中
2011012084,11341091,李享,男,物理系,物理12,安徽,安庆一中
2011012085,11411107,孔令晗,男,物理系,物理12,河南,漯河高级中学
2011012086,11421109,李森,男,物理系,物理12,湖北,华中师范大学第一附属中学
2011012087,11431114,叶宇潇,男,物理系,物理12,湖南,芷江县一中
2011012088,11431113,周鹏,男,物理系,物理12,湖南,石门县第一中学
2011012089,11441105,黄河,男,物理系,物理12,广东,广东实验中学
2011012090,11451053,唐明嘉,男,物理系,物理12,广西,广西师范大学附属中学
2011012091,11501054,向丹凤,女,物理系,物理12,重庆,酉阳县第一中学
2011012092,11511107,李俊男,男,物理系,物理12,四川,德阳中学
2011012093,11521048,皇甫文沁,男,物理系,物理12,贵州,贵阳市第一中学
2011012094,11611091,张佩瑶,女,物理系,物理12,陕西,碑林招办
2011012095,11641020,吴明,男,物理系,物理12,宁夏,平罗中学
2011012096,11311026,侯佳芸,女,物理系,物理12,上海,华东师范大学第二附属中学
2011012097,11311010,沈武杰,男,物理系,物理12,上海,华东师范大学第二附属中学
2011012098,11321029,刘辰锦,男,物理系,物理12,江苏,南师大附中
2011012099,11331009,潘侠克,男,物理系,物理12,浙江,温州中学
2011012100,11331008,汤家楠,男,物理系,物理12,浙江,慈溪中学
2011012101,11361005,魏隽煜,男,物理系,物理12,江西,鹰潭市贵溪市第一中学
2011012102,11411005,马鹏宇,男,物理系,物理12,河南,河南师大附中
2011012103,11711004,蔡裕谦,男,物理系,物理12,台湾,台湾台中一中
2011012104,11811002,张凌峰,男,物理系,物理12,香港,香港东华三院李嘉诚中学
2011012105,11811001,刘涵,女,物理系,物理12,香港,香港圣保禄中学
2011012106,11111294,李文雄,男,物理系,物理12,北京,北京市第四中学
2011012107,11111293,宋亦潇,男,物理系,物理12,北京,北京师范大学附属实验中学
2011012108,11121067,张鹏飞,男,物理系,物理12,天津,大港一中
2011012109,11211104,李云鹏,男,物理系,物理12,辽宁,大连第八中学
2011012110,11311087,李成疏,男,物理系,物理12,上海,复旦大学附属中学
2011012111,11611092,刘源,男,物理系,物理12,陕西,返回原籍
2011012112,11131087,黄亚丽,女,物理系,物理12,河北,河北正定中学
2011012113,11221089,杨乔,女,物理系,物理12,吉林,东北师大附属中学
2011012114,11311082,曹胜熙,男,物理系,物理12,上海,上海市复兴高级中学
2011012115,11321132,于书尧,女,物理系,物理12,江苏,江苏省扬州中学
2011012116,11421107,沈靖翔,男,物理系,物理12,湖北,华中师范大学第一附属中学
2011012117,11501056,樊龙,男,物理系,物理12,重庆,重庆市南开中学
2011012118,11501053,陈瑞,男,物理系,物理12,重庆,万州第二高级中学
2011012119,11621047,袁哲,男,物理系,物理12,甘肃,西北师大附属中学
2011012120,11411106,雷德昌,男,物理系,基科11,河南,林州市第一中学
2011012121,11111024,赵佳杉,女,物理系,基科11,北京,北京市十一学校
2011012122,11111033,李海威,男,物理系,基科11,北京,北京市十一学校
2011012123,11221027,徐硕,男,物理系,基科11,吉林,吉林省实验中学
2011012124,11221005,李卓璐,女,物理系,基科11,吉林,东北师大附属中学
2011012125,11311037,卢涛,男,物理系,基科11,上海,上海市格致中学
2011012126,11321026,王逸飞,男,物理系,基科11,江苏,南师大附中
2011012127,11331016,蔡一常,男,物理系,基科11,浙江,温州中学
2011012128,11331013,金翔,男,物理系,基科11,浙江,金华市第一中学
2011012129,11351003,郑文勋,男,物理系,基科11,福建,福安市第一中学
2011012130,11421009,张旭,男,物理系,基科11,湖北,黄冈中学
2011012131,11421007,胡晓晓,男,物理系,基科11,湖北,武汉市第二中学
2011012132,11441006,萧子豪,男,物理系,基科11,广东,中山纪念中学
2011012133,11441005,李星河,男,物理系,基科11,广东,华南师范大学附属中学
2011012134,11511009,付子操,男,物理系,基科11,四川,都江堰外国语实验学校
2011012135,11611009,刘心宇,男,物理系,基科11,陕西,高新一中
2011012136,11621003,王弈冬,男,物理系,基科11,甘肃,西北师大附属中学
2011012137,11331110,童毅炜,男,物理系,基科11,浙江,浙江省富阳中学
2011012138,11441104,吴伟雄,男,物理系,基科12,广东,南海区石门中学
2011012139,11121016,李威剑,男,物理系,基科12,天津,新华中学
2011012140,11221026,刘莹,女,物理系,基科12,吉林,东北师大附属中学
2011012141,11221009,石竹均,女,物理系,基科12,吉林,东北师大附属中学
2011012142,11231013,刘赫,男,物理系,基科12,黑龙江,大庆市铁人中学
2011012143,11321027,谷樵,男,物理系,基科12,江苏,南京外国语学校
2011012144,11331015,吴宇恺,男,物理系,基科12,浙江,绍兴市第一中学
2011012145,11331014,彭震霆,男,物理系,基科12,浙江,富阳中学
2011012146,11331001,王雨晨,男,物理系,基科12,浙江,浙江省杭州第二中学
2011012147,11371002,韩乔,男,物理系,基科12,山东,山东省实验中学
2011012148,11421010,刘创,男,物理系,基科12,湖北,湖北省荆州中学
2011012149,11421008,孙占,男,物理系,基科12,湖北,武汉市第二中学
2011012150,11431006,黄一挥,男,物理系,基科12,湖南,长郡中学
2011012151,11501005,张宇兴,男,物理系,基科12,重庆,重庆市第一中学
2011012152,11611008,陈源,男,物理系,基科12,陕西,西北工业大学附中
2011012153,11821003,潘世猛,男,物理系,基科12,澳门,澳门培道中学
2011012154,11331109,唐佳琦,男,物理系,基科12,浙江,浙江省富阳中学
2011012155,11121040,刘霄,男,化学系,化学11,天津,铁厂二中
2011012156,11151032,要鹏飞,男,化学系,化学11,内蒙古,包钢一中
2011012157,11221055,陈章,男,化学系,化学11,吉林,四平市一中
2011012158,11371059,于洪德,男,化学系,化学11,山东,泰安一中
2011012159,11531013,张光星,男,化学系,化学11,云南,曲靖市第一中学
2011012160,11651018,李星鑫,男,化学系,化学11,新疆,哈密地区二中
2011012161,11111059,戴浩宇,男,化学系,化学11,北京,北京景山学校
2011012162,11121003,刘扬,男,化学系,化学11,天津,耀华中学
2011012163,11221023,田英琦,男,化学系,化学11,吉林,东北师大附属中学
2011012164,11221012,王昭,男,化学系,化学11,吉林,吉林一中
2011012165,11341013,王庭晗,男,化学系,化学11,安徽,合肥1中
2011012166,11351015,张伟奇,男,化学系,化学11,福建,长乐一中
2011012167,11351014,黄健超,男,化学系,化学11,福建,永安一中
2011012168,11361013,汪佳琪,男,化学系,化学11,江西,鹰潭市第一中学
2011012169,11411013,胡浩男,男,化学系,化学11,河南,信阳高中
2011012170,11431017,徐潇,男,化学系,化学11,湖南,长沙雅礼寄宿制中学
2011012171,11441017,肖滔,男,化学系,化学11,广东,广东省惠州市惠阳一中
2011012172,11451006,王梓林,男,化学系,化学11,广西,广西师大附属外国语学校
2011012173,11511017,周治宇,男,化学系,化学11,四川,绵阳东辰国际学校
2011012174,11611019,刘梓毅,男,化学系,化学11,陕西,西安市铁一中学
2011012175,11341052,曹天阳,女,化学系,化学11,安徽,合肥一中
2011012176,11111173,池腾,男,化学系,化学11,北京,首都师范大学附属中学
2011012177,11111170,刘宇鹏,男,化学系,化学11,北京,中国人民大学附属中学
2011012178,11231048,马文嘉,女,化学系,化学11,黑龙江,哈市师大附中
2011012179,11321073,黄晟,男,化学系,化学11,江苏,江苏省天一中学
2011012180,11331068,莘平宇,男,化学系,化学11,浙江,浙江省湖州中学
2011012181,11411109,王怡仙,女,化学系,化学11,河南,洛阳市第一高级中学
2011012182,11111171,黄秋实,男,化学系,化学12,北京,中国人民大学附属中学
2011012183,11121041,窦金鑫,男,化学系,化学12,天津,大港一中
2011012184,11341051,袁倩,女,化学系,化学12,安徽,黄山市屯溪一中
2011012185,11411110,白赟昊,男,化学系,化学12,河南,河南省实验中学
2011012186,11431070,刘强,男,化学系,化学12,湖南,桃源县一中
2011012187,11441074,梁嘉美,女,化学系,化学12,广东,信宜市信宜中学
2011012188,11611060,刘晨光,男,化学系,化学12,陕西,返回原籍
2011012189,11621028,罗刚,男,化学系,化学12,甘肃,武威第七中学
2011012190,11121010,常诚谊,男,化学系,化学12,天津,耀华中学
2011012191,11131032,赵重光,男,化学系,化学12,河北,河北衡水中学
2011012192,11151004,李天阳,男,化学系,化学12,内蒙古,鄂尔多斯市第一中学
2011012193,11311020,潘慨脉,男,化学系,化学12,上海,上海市晋元高级中学
2011012194,11361012,黄武根,男,化学系,化学12,江西,高安中学
2011012195,11411014,冯奕程,男,化学系,化学12,河南,郑州一中
2011012196,11451007,唐鑫,男,化学系,化学12,广西,广西南宁市第二中学
2011012197,11501009,邓黎,男,化学系,化学12,重庆,重庆鲁能巴蜀中学
2011012198,11651009,张旭,男,化学系,化学12,新疆,石河子市一中
2011012199,11111172,杨占略,男,化学系,化学12,北京,北京市十一学校
2011012200,11211066,张迪洋,男,化学系,化学12,辽宁,鞍山市第一中学
2011012201,11221056,施皓笙,男,化学系,化学12,吉林,吉化一中
2011012202,11331069,骆天晨,男,化学系,化学12,浙江,浙江省诸暨中学
2011012203,11331067,王瓒文,男,化学系,化学12,浙江,宁波市镇海区蛟川书院
2011012204,11331066,叶蓓,女,化学系,化学12,浙江,绍兴市第一中学
2011012205,11351045,吴俊杰,男,化学系,化学12,福建,宁化一中
2011012206,11351044,林俊杰,男,化学系,化学12,福建,安溪一中
2011012207,11421066,姚元俊,男,化学系,化学12,湖北,恩施州清江外国语学校
2011012208,11511065,李会平,男,化学系,化学12,四川,四川省巴中中学
2011012209,11111029,梁妍钰,女,化学系,基科13,北京,北京市第四中学
2011012210,11111007,张昊,男,化学系,基科13,北京,北京市十一学校
2011012211,11111055,曹雨晨,女,化学系,基科13,北京,北京市第四中学
2011012212,11111018,陈弘学,男,化学系,基科13,北京,北京市第四中学
2011012213,11111016,张梦浓,男,化学系,基科13,北京,清华大学附属中学
2011012214,11121007,要杰,女,化学系,基科13,天津,一中
2011012215,11211016,初祺,男,化学系,基科13,辽宁,辽河油田第一高级中学
2011012216,11341010,许伟东,男,化学系,基科13,安徽,合肥1中
2011012217,11441016,国晨星,男,化学系,基科13,广东,深圳中学
2011012218,11611018,肖博仁,男,化学系,基科13,陕西,西安交通大学附中
2011012219,11111305,王北南,男,生命科学学院,生17,北京,北京市门头沟区大峪街道
2011012220,11111304,申军岳,男,生命科学学院,生17,北京,北京市第五中学
2011012221,11111303,吴健晨,男,生命科学学院,生17,北京,清华大学附属中学
2011012222,11121068,高靖涛,男,生命科学学院,生17,天津,杨柳青一中
2011012223,11141064,孟庆庆,女,生命科学学院,生17,山西,省实验中学
2011012224,11151045,黄中钰,男,生命科学学院,生17,内蒙古,包头市九中
2011012225,11211089,庄喆,女,生命科学学院,生17,辽宁,普兰店市第二中学
2011012226,11221091,杨冠一,女,生命科学学院,生17,吉林,东北师大附属中学
2011012227,11221090,朴美玲,女,生命科学学院,生17,吉林,东北师大附属中学
2011012228,11231063,靳敬一,男,生命科学学院,生17,黑龙江,鹤岗市第一中学
2011012229,11351076,孙焜,男,生命科学学院,生17,福建,连江一中
2011012230,11431115,陈羿如,女,生命科学学院,生17,湖南,湖南师大附中
2011012231,11441106,杨舒敏,女,生命科学学院,生17,广东,珠海市第一中学
2011012232,11461009,韩梁,男,生命科学学院,生17,海南,海南中学
2011012233,11511109,宋洋,女,生命科学学院,生17,四川,西昌一中
2011012234,11521039,代光永,男,生命科学学院,生17,贵州,遵义县第一中学
2011012235,11521038,陆玮,女,生命科学学院,生17,贵州,惠水民族中学
2011012236,11611077,杨璐,女,生命科学学院,生17,陕西,蒲招办
2011012237,11631013,李佳桐,女,生命科学学院,生17,青海,陕西省中学
2011012238,11651024,古丽丹娜·沙艳,女,生命科学学院,生17,新疆,兵团二中
2011012239,11651023,陈艺婧,女,生命科学学院,生17,新疆,哈密地区二中
2011012240,11111017,史永明,男,生命科学学院,生17,北京,北京市第二十中学
2011012241,11121017,姚远,女,生命科学学院,生17,天津,南开中学
2011012242,11221002,邱枭男,女,生命科学学院,生17,吉林,长春市十一高中
2011012243,11231003,陈子元,男,生命科学学院,生17,黑龙江,哈市师大附中
2011012244,11311032,赵心怡,女,生命科学学院,生17,上海,延安中学
2011012245,11331007,王东锔,女,生命科学学院,生17,浙江,浙江省舟山中学
2011012246,11331006,金立超,男,生命科学学院,生17,浙江,杭州学军中学
2011012247,11351002,储彤悦,女,生命科学学院,生17,福建,厦门第一中学
2011012248,11411004,王萌,女,生命科学学院,生17,河南,河南省实验中学
2011012249,11411003,方元,女,生命科学学院,生17,河南,河南省实验中学
2011012250,11431003,陈岁,男,生命科学学院,生17,湖南,浏阳市一中
2011012251,11511003,章嵘,男,生命科学学院,生17,四川,成都市第七中学
2011012252,11611005,张叔阳,男,生命科学学院,生17,陕西,高新一中
2011012253,11811007,陈恺童,女,生命科学学院,生17,香港,香港沙田培英中学
2011012254,11811006,陈柏勋,男,生命科学学院,生17,香港,香港培正中学
2011012255,11311109,胡海林,男,生命科学学院,生17,上海,上海市育才中学
2011012256,11361061,周煜,男,生命科学学院,生17,江西,白鹭洲中学(应届)
2011012257,11531036,李思麒,女,生命科学学院,生17,云南,曲靖市第一中学
2011012258,11131088,杨浩宇,男,生命科学学院,生17,河北,河北正定中学
2011012259,11311092,陈安芝,女,生命科学学院,生17,上海,上海市上海中学
2011012260,11341094,鲍诚,男,生命科学学院,生17,安徽,枞阳县浮山中学
2011012261,11501057,叶兆丰,男,生命科学学院,生17,重庆,重庆市第一中学
2011012262,11111267,谢恒义,男,生命科学学院,生11,北京,北京市第八中学
2011012263,11111265,范宣子,女,生命科学学院,生11,北京,清华大学附属中学
2011012264,11111261,侯怡然,女,生命科学学院,生11,北京,北京汇文中学
2011012265,11121059,孙琳,女,生命科学学院,生11,天津,七中
2011012266,11141068,程歌,女,生命科学学院,生11,山西,山大附中
2011012267,11351071,黄兆杰,男,生命科学学院,生11,福建,厦门外国语学校
2011012268,11421097,荀慧仪,女,生命科学学院,生11,湖北,恩施土家族苗族自治州高级中学
2011012269,11441091,陆志毅,男,生命科学学院,生11,广东,佛山市第一中学
2011012270,11621038,张明晖,男,生命科学学院,生11,甘肃,西北师大附属中学
2011012271,11651026,张雨点,女,生命科学学院,生11,新疆,华山中学
2011012272,11131015,刘蔚煊,男,生命科学学院,生11,河北,河北衡水中学
2011012273,11320004,邓婉玲,女,生命科学学院,生11,江苏,南京外国语学校
2011012274,11331004,何钟磊,男,生命科学学院,生11,浙江,台州中学
2011012275,11411008,王尧天,男,生命科学学院,生11,河南,郑州一中
2011012276,11501006,邹林峰,男,生命科学学院,生11,重庆,重庆市育才中学
2011012277,11521002,陈怀庆,男,生命科学学院,生11,贵州,安顺市二中
2011012278,11711001,赖杨炎,男,生命科学学院,生11,台湾,台湾台北市立成功高级中学
2011012279,11141070,赵辉,男,生命科学学院,生11,山西,阳城一中
2011012280,11361066,吴璐芸,女,生命科学学院,生11,江西,南昌县莲塘一中
2011012281,11211092,苑雨辰,女,生命科学学院,生11,辽宁,辽宁省实验中学
2011012282,11311052,董晟成,女,生命科学学院,生11,上海,华东师范大学第二附属中学
2011012283,11311069,侯凌峰,男,生命科学学院,生11,上海,华东师范大学第二附属中学
2011012284,11361067,邱盛源,男,生命科学学院,生11,江西,万年中学
2011012285,11371090,刘松雷,男,生命科学学院,生11,山东,泰安一中
2011012286,11411114,李璞,男,生命科学学院,生11,河南,河南省实验中学
2011012287,11421095,叶昌杰,男,生命科学学院,生11,湖北,湖北省武昌实验中学
2011012288,11421100,王珣,女,生命科学学院,生11,湖北,武汉外国语学校
2011012289,11111268,张玄,女,生命科学学院,生12,北京,北京市第五中学
2011012290,11141069,郭润域,男,生命科学学院,生12,山西,省实验中学
2011012291,11221079,崔美英,女,生命科学学院,生12,吉林,社会
2011012292,11341080,陈爽,男,生命科学学院,生12,安徽,怀宁中学
2011012293,11411112,方言,女,生命科学学院,生12,河南,信阳高中
2011012294,11411116,黄雨申,男,生命科学学院,生12,河南,鹤壁高中（新校区）
2011012295,11131014,白冰,男,生命科学学院,生12,河北,河北衡水中学
2011012296,11141011,杨潜,女,生命科学学院,生12,山西,山大附中
2011012297,11151006,王维,男,生命科学学院,生12,内蒙古,松山区红旗中学
2011012298,11311021,徐迟馨,女,生命科学学院,生12,上海,上海市格致中学
2011012299,11341007,李粲,女,生命科学学院,生12,安徽,安徽师范大学附属中学
2011012300,11371003,谭翔天,男,生命科学学院,生12,山东,淄博第四中学
2011012301,11451003,陈楚,男,生命科学学院,生12,广西,桂林市桂林中学
2011012302,11621005,张超,男,生命科学学院,生12,甘肃,西北师大附属中学
2011012303,11641002,杨涛,男,生命科学学院,生12,宁夏,银川市唐徕回民中学
2011012304,11111264,张孟阳,男,生命科学学院,生12,北京,北京师范大学第二附属中学
2011012305,11111263,吉迎,女,生命科学学院,生12,北京,清华大学附属中学
2011012306,11111260,高瀛男,男,生命科学学院,生12,北京,中国人民大学附属中学
2011012307,11231067,吴美其,女,生命科学学院,生12,黑龙江,哈尔滨市三中
2011012308,11131082,刘桐,女,生命科学学院,生12,河北,邯郸市第一中学
2011012309,11321115,周文翰,男,生命科学学院,生12,江苏,江苏省新海高级中学
2011012310,11361068,刘志凯,男,生命科学学院,生12,江西,吉安一中(应届)
2011012311,11421099,柯鑫,男,生命科学学院,生12,湖北,鄂南高中
2011012312,11421096,杨阳,男,生命科学学院,生12,湖北,武汉市第二中学
2011012313,11501048,陈彦竹,女,生命科学学院,生12,重庆,四川外语学院附属外国语学校
2011012314,11511096,黎崎均,男,生命科学学院,生12,四川,阆中中学
2011012315,11611079,朱尧于,男,生命科学学院,生12,陕西,招生办
2011012316,11111266,杜晋,女,生命科学学院,生13,北京,北京市中关村中学
2011012317,11111262,刘玥,女,生命科学学院,生13,北京,中国人民大学附属中学
2011012318,11151048,李天一,男,生命科学学院,生13,内蒙古,鄂尔多斯市第一中学
2011012319,11231068,秦月,女,生命科学学院,生13,黑龙江,齐市实验中学
2011012320,11341079,李张强,男,生命科学学院,生13,安徽,庐江二中
2011012321,11411111,刘楠,男,生命科学学院,生13,河南,永城市高级中学
2011012322,11431098,黄生洪,男,生命科学学院,生13,湖南,澧县一中
2011012323,11511095,乔鹏飞,男,生命科学学院,生13,四川,攀枝花市第三高级中学校
2011012324,11621039,褚培睿,男,生命科学学院,生13,甘肃,嘉峪关市酒钢三中
2011012325,11651027,乃哥麦提·伊加提,男,生命科学学院,生13,新疆,八一中学
2011012326,11111058,杨林枫,男,生命科学学院,生13,北京,北京师范大学附属实验中学
2011012327,11211021,瞿佳润,女,生命科学学院,生13,辽宁,大连育明高中
2011012328,11211002,江中琦,男,生命科学学院,生13,辽宁,东北育才学校
2011012329,11461001,黄锴,男,生命科学学院,生13,海南,海南省农垦中学
2011012330,11641003,张梦芸,女,生命科学学院,生13,宁夏,银川一中
2011012331,11121058,宋博锴,男,生命科学学院,生13,天津,耀华中学
2011012332,11141066,杨沐臣,男,生命科学学院,生13,山西,太行中学(应)
2011012333,11141067,吕婉晴,女,生命科学学院,生13,山西,芮城中学
2011012334,11311080,何江海洋,女,生命科学学院,生13,上海,上海市晋元高级中学
2011012335,11321112,刘真,男,生命科学学院,生13,江苏,徐州市第一中学
2011012336,11351070,彭怡晴,女,生命科学学院,生13,福建,莆田一中
2011012337,11361065,徐承炜,男,生命科学学院,生13,江西,金溪县第一中学
2011012338,11411115,谢鹏阳,男,生命科学学院,生13,河南,北大附中河南分校
2011012339,11411113,李婕,女,生命科学学院,生13,河南,信阳高中
2011012340,11421098,卢新平,男,生命科学学院,生13,湖北,广水市第一高级中学
2011012341,11641013,魏逸凡,男,生命科学学院,生13,宁夏,银川一中
2011012342,11211093,王丝雨,女,生命科学学院,生13,辽宁,大连市第二十四中学
2011012343,11111201,殷和政,男,交叉信息研究院,计科10,北京,北京市第八中学
2011012344,11411078,谢远航,男,交叉信息研究院,计科10,河南,固始慈济高级中学
2011012345,11121014,徐一翀,男,交叉信息研究院,计科10,天津,实验中学
2011012346,11131023,邓士川,男,交叉信息研究院,计科10,河北,河北衡水中学
2011012347,11221011,李彤阳,男,交叉信息研究院,计科10,吉林,东北师大附属中学
2011012348,11221006,曲嘉楠,男,交叉信息研究院,计科10,吉林,东北师大附属中学
2011012349,11231011,滕依峰,男,交叉信息研究院,计科10,黑龙江,哈市师大附中
2011012350,11231009,巢睿,男,交叉信息研究院,计科10,黑龙江,哈市师大附中
2011012351,11231008,闫宇,男,交叉信息研究院,计科10,黑龙江,佳木斯第一中学
2011012352,11351010,吴旋,男,交叉信息研究院,计科10,福建,福建省福州市第一中学
2011012353,11421018,周绪仁,男,交叉信息研究院,计科10,湖北,襄樊市第四中学
2011012354,11431014,肖慎柯,男,交叉信息研究院,计科10,湖南,桃江县一中
2011012355,11511020,李沛伦,男,交叉信息研究院,计科10,四川,成都市外国语学校
2011012356,11111195,汪思为,男,交叉信息研究院,计科10,北京,中国人民大学附属中学
2011012357,11111194,邝仲弘,男,交叉信息研究院,计科10,北京,北京市第八中学
2011012358,11231056,黄甲辰,男,交叉信息研究院,计科10,黑龙江,大庆一中
2011012359,11321089,杨圣,男,交叉信息研究院,计科10,江苏,江苏省南通中学
2011012360,11411080,李轻飏,女,交叉信息研究院,计科10,河南,河南省淮阳第一高中
2011012361,11111306,盛健,男,交叉信息研究院,计科10,北京,中国人民大学附属中学
2011012362,11341054,殷鸣天,男,交叉信息研究院,计科10,安徽,安庆一中
2011012363,11110075,石雪薇,女,经济管理学院,经17,北京,清华附中
2011012364,11110074,张如鑫,女,经济管理学院,经17,北京,密云二中
2011012365,11110036,姚佳,女,经济管理学院,经17,北京,清华大学附属中学
2011012366,11110035,张雨晴,女,经济管理学院,经17,北京,清华大学附属中学
2011012367,11110034,李涛,男,经济管理学院,经17,北京,清华大学附属中学
2011012368,11150004,赵金龙,男,经济管理学院,经17,内蒙古,杭锦后旗奋斗中学
2011012369,11150003,赵红,女,经济管理学院,经17,内蒙古,杭锦后旗奋斗中学
2011012370,11211116,辛亚超,男,经济管理学院,经17,辽宁,凤城市第一中学
2011012371,11211115,李旭,男,经济管理学院,经17,辽宁,大连开发区第一高级中学
2011012372,11231044,周文,男,经济管理学院,经17,黑龙江,大庆市实验中学
2011012373,11371114,韩欣善,男,经济管理学院,经17,山东,滕州市第二中学
2011012374,11370014,康鸿超,男,经济管理学院,经17,山东,淄博市第十一中学
2011012375,11370013,李聪,男,经济管理学院,经17,山东,滕州市第一中学新校
2011012376,11370012,吕桂岩,男,经济管理学院,经17,山东,新泰一中
2011012377,11370011,郇志尊,男,经济管理学院,经17,山东,山东省临沭县实验中学
2011012378,11370010,李欣阳,男,经济管理学院,经17,山东,山东日照一中东校
2011012379,11371113,蔡镇泽,男,经济管理学院,经17,山东,滕州二中新校
2011012380,11431125,杨加洲,男,经济管理学院,经17,湖南,湘郡中学
2011012381,11431124,罗梦珍,女,经济管理学院,经17,湖南,嘉禾一中
2011012382,11441114,张宇,女,经济管理学院,经17,广东,东莞市光明中学
2011012383,11440010,金广祝,男,经济管理学院,经17,广东,东莞市光明中学
2011012384,11440005,杨展麟,男,经济管理学院,经17,广东,东莞市光明中学
2011012385,11120008,史卓滨,女,经济管理学院,经13,天津,南开中学
2011012386,11131075,张雅康,女,经济管理学院,经13,河北,石家庄市第二中学
2011012387,11130004,樊佳林,男,经济管理学院,经13,河北,衡水市滏阳中学
2011012388,11150005,杜萌,女,经济管理学院,经13,内蒙古,包头市九中
2011012389,11220005,黄赛南,女,经济管理学院,经13,吉林,吉林油田高级中学
2011012390,11231062,王梓淇,男,经济管理学院,经13,黑龙江,大庆一中
2011012391,11330019,张小语,女,经济管理学院,经13,浙江,浙江省上虞中学
2011012392,11351062,徐旻菲,女,经济管理学院,经13,福建,厦门外国语学校
2011012393,11361059,程振宇,男,经济管理学院,经13,江西,江西师大附中
2011012394,11360008,龙映雪,女,经济管理学院,经13,江西,临川明达教育培训中心
2011012395,11410027,尹西明,男,经济管理学院,经13,河南,平顶山市第一中学
2011012396,11421083,邵威,男,经济管理学院,经13,湖北,钟祥市第一中学
2011012397,11420011,辛南亿,女,经济管理学院,经13,湖北,黄冈中学
2011012398,11431089,彭拓嘉,男,经济管理学院,经13,湖南,石门县第一中学
2011012399,11500008,魏可佳,女,经济管理学院,经13,重庆,重庆市巴蜀中学
2011012400,11510011,周观平,女,经济管理学院,经13,四川,外国语学校
2011012401,11510010,郭修武,男,经济管理学院,经13,四川,四川省绵阳南山中学
2011012402,11521036,龙安琳,女,经济管理学院,经13,贵州,贵阳市第一中学
2011012403,11521035,刘昶,女,经济管理学院,经13,贵州,思南中学
2011012404,11531021,刘璐瑶,女,经济管理学院,经13,云南,云南师范大学附属中学
2011012405,11621035,宋叶青,女,经济管理学院,经13,甘肃,西北师大附属中学
2011012406,11641011,刘丰年,男,经济管理学院,经13,宁夏,吴忠中学
2011012407,11320008,周晟,男,经济管理学院,经13,江苏,南京外国语学校
2011012408,11111240,吴迪亚,男,经济管理学院,经13,北京,首都师范大学附属中学
2011012409,11111233,于洋,女,经济管理学院,经13,北京,北京市第四中学
2011012410,11111230,童卓,男,经济管理学院,经13,北京,中国人民大学附属中学
2011012411,11111224,李慕菲,女,经济管理学院,经13,北京,中国人民大学附属中学
2011012412,11211087,王译诺,男,经济管理学院,经13,辽宁,东港市第二中学
2011012413,11311068,余乐平,男,经济管理学院,经13,上海,上海市上海中学
2011012414,11310011,王文沁,女,经济管理学院,经13,上海,上海市建平中学
2011012415,11321100,孙映宁,女,经济管理学院,经13,江苏,江苏省泰兴中学
2011012416,11371081,崔逸超,女,经济管理学院,经13,山东,山东省平度第一中学
2011012417,11431090,陈泽航,男,经济管理学院,经13,湖南,长郡中学
2011012418,11501043,石啸天,男,经济管理学院,经13,重庆,重庆市第八中学
2011012419,11650004,牛婷丽,女,经济管理学院,经13,新疆,哈密地区二中
2011012420,11430033,贺力瑶,女,经济管理学院,经13,湖南,长郡中学
2011012421,11141063,曹泽华,男,经济管理学院,经14,山西,太谷中学
2011012422,11151044,刘晶晶,女,经济管理学院,经14,内蒙古,北重三中
2011012423,11230018,湛辉,女,经济管理学院,经14,黑龙江,大庆市第四中学
2011012424,11341072,宋浩男,男,经济管理学院,经14,安徽,168中学
2011012425,11351064,谢若嫣,女,经济管理学院,经14,福建,厦门外国语学校
2011012426,11360007,吴梦露,女,经济管理学院,经14,江西,南昌三中
2011012427,11371082,仇文婷,女,经济管理学院,经14,山东,山东枣庄新时代学校
2011012428,11440006,王乾禹,男,经济管理学院,经14,广东,广州市执信中学
2011012429,11501042,肖万礼,男,经济管理学院,经14,重庆,重庆市南开中学
2011012430,11521037,敖显奎,男,经济管理学院,经14,贵州,盘县二中
2011012431,11520004,唐雁寰,女,经济管理学院,经14,贵州,贵阳市第一中学
2011012432,11531022,玉琪宁,女,经济管理学院,经14,云南,云南师范大学附属中学
2011012433,11540001,袁梦,女,经济管理学院,经14,西藏,林芝地区区外高中应届毕业生
2011012434,11621034,南莎,女,经济管理学院,经14,甘肃,西北师大附属中学
2011012435,11620002,王吉斌,男,经济管理学院,经14,甘肃,民乐县第一中学
2011012436,11651022,张彻,男,经济管理学院,经14,新疆,华山中学
2011012437,11111001,游杨,男,经济管理学院,经14,北京,中国人民大学附属中学
2011012438,11111049,王千帆,男,经济管理学院,经14,北京,清华大学附属中学
2011012439,11231006,卢振鹏,男,经济管理学院,经14,黑龙江,哈尔滨市三中
2011012440,11311023,严奕,女,经济管理学院,经14,上海,上海市上海中学
2011012441,11410009,刘梦春秋,男,经济管理学院,经14,河南,郑州外国语学校
2011012442,11711002,戎奕瑄,女,经济管理学院,经14,台湾,台湾台北市立第一女子高级中学
2011012443,11111239,陈骏野,男,经济管理学院,经14,北京,北京景山学校
2011012444,11111234,杨佳琳,女,经济管理学院,经14,北京,北京师范大学附属实验中学
2011012445,11111227,朱一江,男,经济管理学院,经14,北京,中国人民大学附属中学
2011012446,11111226,冯小莺,女,经济管理学院,经14,北京,中国人民大学附属中学
2011012447,11110048,王一丹,女,经济管理学院,经14,北京,北京市十一学校
2011012448,11121052,曲钧如,女,经济管理学院,经14,天津,塘沽一中
2011012449,11330018,王天扬,女,经济管理学院,经14,浙江,浙江省新昌中学
2011012450,11330017,王子君,女,经济管理学院,经14,浙江,杭州第二中学
2011012451,11500009,罗诗语,女,经济管理学院,经14,重庆,重庆市巴蜀中学
2011012452,11511083,胡人允,男,经济管理学院,经14,四川,成都市外国语学校
2011012453,11321099,顾苏琦,男,经济管理学院,经14,江苏,江苏省丹阳高级中学
2011012454,11360010,刘馥亮,男,经济管理学院,经14,江西,南康中学(应届)
2011012455,11111231,阎境佳,女,经济管理学院,经15,北京,北京市第四中学
2011012456,11111228,延续,女,经济管理学院,经15,北京,中国人民大学附属中学
2011012457,11121053,刘琦,男,经济管理学院,经15,天津,蓟县一中
2011012458,11140006,杨亚楠,女,经济管理学院,经15,山西,同煤一中
2011012459,11151043,刘新宇,男,经济管理学院,经15,内蒙古,一机厂一中
2011012460,11151042,陈雅楠,女,经济管理学院,经15,内蒙古,包钢一中
2011012461,11221073,程子涵,男,经济管理学院,经15,吉林,舒兰社会青年
2011012462,11220004,方芳,女,经济管理学院,经15,吉林,延边一中
2011012463,11311060,林杰,男,经济管理学院,经15,上海,华东师范大学第二附属中学
2011012464,11340004,丁凤娟,女,经济管理学院,经15,安徽,太和中学
2011012465,11340003,吴志敏,男,经济管理学院,经15,安徽,天长中学
2011012466,11361058,龙源兴,男,经济管理学院,经15,江西,万载中学
2011012467,11441086,温仕宏,男,经济管理学院,经15,广东,深圳市深圳中学
2011012468,11451045,刘成城,男,经济管理学院,经15,广西,河池高级中学
2011012469,11510012,龙云露,女,经济管理学院,经15,四川,成都市石室中学
2011012470,11530003,王栩淳,女,经济管理学院,经15,云南,建水一中
2011012471,11611076,高宇婷,女,经济管理学院,经15,陕西,高新一中
2011012472,11631012,刘琳琳,女,经济管理学院,经15,青海,河南省中学
2011012473,11330001,张允宜,女,经济管理学院,经15,浙江,杭州外语学校
2011012474,11651006,穆昊,男,经济管理学院,经15,新疆,乌鲁木齐市一中
2011012475,11111238,徐瑜潇,男,经济管理学院,经15,北京,清华大学附属中学
2011012476,11111232,牛逢时,男,经济管理学院,经15,北京,北京师范大学第二附属中学
2011012477,11111229,夏晗旭,男,经济管理学院,经15,北京,中国人民大学附属中学
2011012478,11111225,郝思佳,女,经济管理学院,经15,北京,中国人民大学附属中学
2011012479,11121054,冯予,女,经济管理学院,经15,天津,一中
2011012480,11310021,史依蕾,女,经济管理学院,经15,上海,上海市上海中学
2011012481,11361060,王越,女,经济管理学院,经15,江西,鹰潭市第一中学
2011012482,11411119,卞方兴,男,经济管理学院,经15,河南,中原油田第一中学
2011012483,11451043,唐昱,女,经济管理学院,经15,广西,广西柳州高级中学
2011012484,11511080,王烨崧,男,经济管理学院,经15,四川,成都市外国语学校
2011012485,11621036,马家琪,男,经济管理学院,经15,甘肃,西北师大附属中学
2011012486,11210007,王晨睿,女,经济管理学院,经15,辽宁,辽河油田第一高级中学
2011012487,11321101,施芮嘉,男,经济管理学院,经15,江苏,江苏省海门中学
2011012488,11360011,杜小渝,女,经济管理学院,经15,江西,吉安一中(应届)
2011012489,11410028,董俊芳,女,经济管理学院,经15,河南,周口市郸城县一高
2011012490,11131074,王晗,男,经济管理学院,经16,河北,衡水市滏阳中学
2011012491,11221072,孙嘉木,男,经济管理学院,经16,吉林,通化社会
2011012492,11351063,王福议,男,经济管理学院,经16,福建,晋江子江中学
2011012493,11350004,林婧婷,女,经济管理学院,经16,福建,晋江第一中学
2011012494,11360009,刘珂,女,经济管理学院,经16,江西,临川第一中学
2011012495,11411120,陈骁汉,男,经济管理学院,经16,河南,漯河第五高级中学
2011012496,11420009,刘一迪,女,经济管理学院,经16,湖北,湖北省云梦县第一中学
2011012497,11451044,李依蔓,女,经济管理学院,经16,广西,恭城瑶族自治县恭城中学
2011012498,11461008,洪梅,女,经济管理学院,经16,海南,海南中学
2011012499,11460002,王星焘,男,经济管理学院,经16,海南,文昌市文昌中学
2011012500,11511081,谭智佳,女,经济管理学院,经16,四川,成都市外国语学校
2011012501,11530002,陈玥彤,女,经济管理学院,经16,云南,曲靖市第一中学
2011012502,11610003,段童琳,女,经济管理学院,经16,陕西,莲湖区教育考试管理中心报名点
2011012503,11640002,姜阳,女,经济管理学院,经16,宁夏,银川二中
2011012504,11111052,张伯璕,女,经济管理学院,经16,北京,中国人民大学附属中学
2011012505,11311038,华旻豪,男,经济管理学院,经16,上海,华东师范大学第二附属中学
2011012506,11811004,廖秉华,男,经济管理学院,经16,香港,香港保良局百周年李兆忠纪念中
2011012507,11111241,仝禹豪,男,经济管理学院,经16,北京,首都师范大学附属中学
2011012508,11111237,吕安安,女,经济管理学院,经16,北京,北京市第四中学
2011012509,11111236,祝青,女,经济管理学院,经16,北京,北京师范大学附属实验中学
2011012510,11111235,谷天佐,男,经济管理学院,经16,北京,北京师范大学附属实验中学
2011012511,11110047,万里,男,经济管理学院,经16,北京,中国人民大学附属中学
2011012512,11110046,米思宇,男,经济管理学院,经16,北京,中央民族大学附属中学
2011012513,11120007,刘辉,女,经济管理学院,经16,天津,静海一中
2011012514,11131076,王亚玉,女,经济管理学院,经16,河北,河北衡水中学
2011012515,11211088,李海石,男,经济管理学院,经16,辽宁,东北育才学校
2011012516,11310010,王芊,女,经济管理学院,经16,上海,华东师范大学第二附属中学
2011012517,11320024,朱逸煊,男,经济管理学院,经16,江苏,江苏省南通中学
2011012518,11320023,程雅韵,女,经济管理学院,经16,江苏,江苏省靖江高级中学
2011012519,11331085,陈玄璇,女,经济管理学院,经16,浙江,宁波市镇海中学
2011012520,11421084,王震霆,男,经济管理学院,经16,湖北,襄樊市第五中学
2011012521,11420010,程晨,女,经济管理学院,经16,湖北,钟祥市第一中学
2011012522,11511082,杨誉蜀,男,经济管理学院,经16,四川,成都市外国语学校
2011012523,11631011,狄凯,男,经济管理学院,经16,青海,敦煌基地中学
2011012524,11370003,张竞宇,女,经济管理学院,经16,山东,桓台一中
2011012525,11111158,张晓阳,男,经济管理学院,经11,北京,北京市顺义牛栏山第一中学
2011012526,11121035,刘欣怡,女,经济管理学院,经11,天津,静海一中
2011012527,11121034,靳晓旭,男,经济管理学院,经11,天津,静海一中
2011012528,11141042,王琦,女,经济管理学院,经11,山西,太原五中
2011012529,11231043,管悦,女,经济管理学院,经11,黑龙江,双鸭山市第一中学
2011012530,11311101,张喆灏,男,经济管理学院,经11,上海,上海大学附属中学
2011012531,11321066,蒋逸尘,女,经济管理学院,经11,江苏,江苏省靖江高级中学
2011012532,11351040,蔡宗智,男,经济管理学院,经11,福建,厦门市同安一中
2011012533,11361041,温容,女,经济管理学院,经11,江西,宜春中学
2011012534,11371054,许君茹,女,经济管理学院,经11,山东,枣庄八中南校
2011012535,11371053,董世霖,男,经济管理学院,经11,山东,诸城一中
2011012536,11411122,武怡,女,经济管理学院,经11,河南,漯河高级中学
2011012537,11411121,王博雅,女,经济管理学院,经11,河南,新郑二中
2011012538,11421057,曹陈怡霏,女,经济管理学院,经11,湖北,枣阳市第一中学
2011012539,11421056,陈玥,男,经济管理学院,经11,湖北,当阳市第一高级中学
2011012540,11451032,李盛,男,经济管理学院,经11,广西,贺州市桂梧高中
2011012541,11511062,洪翊,女,经济管理学院,经11,四川,成都市第七中学
2011012542,11611056,吕思瑶,女,经济管理学院,经11,陕西,高新一中
2011012543,11131031,刘涵一,男,经济管理学院,经11,河北,石家庄市第二中学
2011012544,11211025,宋崇,男,经济管理学院,经11,辽宁,鞍山市第一中学
2011012545,11211011,刘泓广,男,经济管理学院,经11,辽宁,辽宁省实验中学
2011012546,11311002,徐道晨,女,经济管理学院,经11,上海,上海复旦大学附属中学
2011012547,11361014,段勇倩,女,经济管理学院,经11,江西,白鹭洲中学
2011012548,11371011,阚鸿宇,男,经济管理学院,经11,山东,山东省青岛第二中学
2011012549,11651010,张梦润,女,经济管理学院,经11,新疆,乌鲁木齐市一中
2011012550,11111157,徐梦琦,男,经济管理学院,经11,北京,北京市顺义区第一中学
2011012551,11131060,安浩康,男,经济管理学院,经11,河北,石家庄市第一中学
2011012552,11211059,曾馨玥,女,经济管理学院,经11,辽宁,大连育明高中
2011012553,11221053,杨舒慧,女,经济管理学院,经11,吉林,吉林一中
2011012554,11221052,陈芳琳,女,经济管理学院,经11,吉林,榆树实验中学
2011012555,11431068,欧阳琦,女,经济管理学院,经11,湖南,长郡中学
2011012556,11311090,沈韵秋,女,经济管理学院,经11,上海,复旦大学附属中学
2011012557,11311050,杨晨玥,女,经济管理学院,经11,上海,上海市金山中学
2011012558,11331062,吴晶莹,女,经济管理学院,经11,浙江,浙江省奉化中学
2011012559,11501018,黄靓,女,经济管理学院,经11,重庆,重庆市第一中学
2011012560,11131059,迟方静,女,经济管理学院,经12,河北,河北衡水中学
2011012561,11130003,杨玉冰,女,经济管理学院,经12,河北,河北衡水中学
2011012562,11150002,陈晓敏,女,经济管理学院,经12,内蒙古,呼市二中
2011012563,11220003,朴昭妍,女,经济管理学院,经12,吉林,延边一中
2011012564,11230017,林博楠,男,经济管理学院,经12,黑龙江,哈市师大附中
2011012565,11230016,徐迅,女,经济管理学院,经12,黑龙江,大庆市实验中学
2011012566,11321065,杜晶晶,女,经济管理学院,经12,江苏,江苏省上冈高级中学
2011012567,11321064,吕佳颖,女,经济管理学院,经12,江苏,江苏省常州高级中学
2011012568,11331061,包逸达,男,经济管理学院,经12,浙江,浙江省永康市第一中学
2011012569,11331060,廖宁,女,经济管理学院,经12,浙江,浙江省长兴中学
2011012570,11351039,郑家仪,女,经济管理学院,经12,福建,罗源一中
2011012571,11351038,林杨睿,女,经济管理学院,经12,福建,福州一中
2011012572,11350003,孔辰,女,经济管理学院,经12,福建,福州一中
2011012573,11441071,欧泽羽,女,经济管理学院,经12,广东,广州市真光中学
2011012574,11510009,李岚欣,女,经济管理学院,经12,四川,成都市实验外语学校
2011012575,11520003,黄钦,男,经济管理学院,经12,贵州,遵义县第一中学
2011012576,11520002,欧阳宗善,男,经济管理学院,经12,贵州,贵阳六中学
2011012577,11530001,海依琳,女,经济管理学院,经12,云南,曲靖市第一中学
2011012578,11111046,李思维,女,经济管理学院,经12,北京,中国人民大学附属中学
2011012579,11111042,杜金岳,男,经济管理学院,经12,北京,中国人民大学附属中学
2011012580,11311014,史元亭,女,经济管理学院,经12,上海,华东师范大学第二附属中学
2011012581,11320010,刘晓璠,女,经济管理学院,经12,江苏,南京外国语学校
2011012582,11320009,郑凌旗,女,经济管理学院,经12,江苏,南京外国语学校
2011012583,11330008,陈诗慧,女,经济管理学院,经12,浙江,杭州外语学校
2011012584,11441019,王宁远,男,经济管理学院,经12,广东,深圳中学
2011012585,11821007,甘达恒,男,经济管理学院,经12,澳门,澳门濠江中学
2011012586,11111156,黄婉琪,女,经济管理学院,经12,北京,北京市十一学校
2011012587,11111155,黄澄,女,经济管理学院,经12,北京,北京市第四中学
2011012588,11111154,罗瀛华,男,经济管理学院,经12,北京,清华大学附属中学
2011012589,11111153,李天歌,女,经济管理学院,经12,北京,中国人民大学附属中学
2011012590,11110045,张筱,女,经济管理学院,经12,北京,北京市第一０一中学
2011012591,11110044,柏杨,女,经济管理学院,经12,北京,北京师范大学第二附属中学
2011012592,11341045,吴凡,女,经济管理学院,经12,安徽,全椒中学
2011012593,11510008,夏李欣泽,男,经济管理学院,经12,四川,成都市外国语学校
2011012594,11510007,刘晓旎,女,经济管理学院,经12,四川,成都市外国语学校
2011012595,11500007,张阳云路,女,经济管理学院,经12,重庆,重庆市巴蜀中学
2011012596,11120009,王婧雅,女,人文社会科学学院,人文1,天津,外大附校
2011012597,11330021,汪一帆,女,人文社会科学学院,人文1,浙江,浦江县浦江中学
2011012598,11140001,温馨,女,人文社会科学学院,人文1,山西,太原市外国语学校
2011012599,11310007,李倚天,女,人文社会科学学院,人文1,上海,上海外国语大学附属外国语学校
2011012600,11320014,章泽天,女,人文社会科学学院,人文1,江苏,南京外国语学校
2011012601,11320006,李姝慧,女,人文社会科学学院,人文1,江苏,南京外国语学校
2011012602,11350001,陈晓姝,女,人文社会科学学院,人文1,福建,厦门外国语学校
2011012603,11360003,程思瑶,女,人文社会科学学院,人文1,江西,南昌外国语学校
2011012604,11360002,阎昱昊,男,人文社会科学学院,人文1,江西,南昌外国语学校
2011012605,11360001,魏姗,女,人文社会科学学院,人文1,江西,南昌外国语学校
2011012606,11370002,赵博囡,女,人文社会科学学院,人文1,山东,济南市外国语学校
2011012607,11370001,史可鉴,男,人文社会科学学院,人文1,山东,济南市外国语学校
2011012608,11410008,范梓腾,男,人文社会科学学院,人文1,河南,郑州外国语学校
2011012609,11421011,涂梦纯,女,人文社会科学学院,人文1,湖北,武汉市第二中学
2011012610,11420002,党文洁,女,人文社会科学学院,人文1,湖北,武汉外国语学校
2011012611,11420001,黄蓓,女,人文社会科学学院,人文1,湖北,武汉外国语学校
2011012612,11440002,刘丛琪,女,人文社会科学学院,人文1,广东,深圳外国语学校
2011012613,11500004,罗兰,女,人文社会科学学院,人文1,重庆,川外附属外语学校
2011012614,11500003,王睿怡,女,人文社会科学学院,人文1,重庆,重庆市巴蜀中学
2011012615,11110052,孙可佳,女,人文社会科学学院,人文1,北京,北京市八一中学
2011012616,11371048,李潇,男,人文社会科学学院,人文1,山东,滕州市第一中学新校
2011012617,11440007,刘丽婷,女,人文社会科学学院,人文1,广东,东莞市东华高级中学
2011012618,11110051,曾璐,女,人文社会科学学院,人文1,北京,北京市第八中学
2011012619,11130005,马佳宁,女,人文社会科学学院,人文1,河北,石家庄市第二中学
2011012620,11210009,和云汉,男,人文社会科学学院,人文1,辽宁,东北育才学校
2011012621,11210008,范文嘉,女,人文社会科学学院,人文1,辽宁,本溪市高级中学
2011012622,11230020,马景峰,男,人文社会科学学院,人文1,黑龙江,哈尔滨振华高中
2011012623,11310022,郑紫薇,女,人文社会科学学院,人文1,上海,复旦大学附属中学
2011012624,11320026,李叶鹏,男,人文社会科学学院,人文1,江苏,江苏省海门中学
2011012625,11320025,胡骁,男,人文社会科学学院,人文1,江苏,江苏省淮阴中学
2011012626,11330022,葛栩婷,女,人文社会科学学院,人文1,浙江,浙江省春晖中学
2011012627,11330020,高倩栏,女,人文社会科学学院,人文1,浙江,浙江省舟山中学
2011012628,11340005,吕婷,女,人文社会科学学院,人文1,安徽,宣城中学
2011012629,11350005,林声巧,男,人文社会科学学院,人文1,福建,厦门双十中学
2011012630,11370004,綦晋,男,人文社会科学学院,人文1,山东,莱州一中
2011012631,11420012,王晨凤,女,人文社会科学学院,人文1,湖北,武汉外国语学校
2011012632,11430034,曹天江,女,人文社会科学学院,人文1,湖南,怀化市三中
2011012633,11510014,徐瑞钰,女,人文社会科学学院,人文1,四川,成都市外国语学校
2011012634,11510013,黄琼琳,女,人文社会科学学院,人文1,四川,成都市实验外语学校
2011012635,11610005,李欣弥,女,人文社会科学学院,人文1,陕西,高新一中
2011012636,11640003,高洋洋,女,人文社会科学学院,人文1,宁夏,银川二中
2011012637,11230019,陈月,女,人文社会科学学院,人文1,黑龙江,大庆市实验中学
2011012638,11500005,廖媛苑,女,人文社会科学学院,人文1,重庆,重庆市巴蜀中学
2011012639,11610004,赵藤子,女,人文社会科学学院,人文1,陕西,雁塔招办
2011012640,11110050,马澄澄,女,人文社会科学学院,人文1,北京,北京市西城区教育考试中心北区(
2011012641,11110049,赫芳格,女,人文社会科学学院,人文1,北京,北京市西城区教育考试中心北区(
2011012642,11150001,金盈辰,女,人文社会科学学院,社科1,内蒙古,乌兰浩特市一中
2011012643,11321114,马翔宇,男,人文社会科学学院,社科1,江苏,江苏省昆山中学
2011012644,11320029,焦玲玲,女,人文社会科学学院,社科1,江苏,江苏省东海高级中学
2011012645,11320028,孙琳杰,女,人文社会科学学院,社科1,江苏,盐城景山中学
2011012646,11350006,岳媛,女,人文社会科学学院,社科1,福建,三明二中
2011012647,11370006,刘且依,女,人文社会科学学院,社科1,山东,山东师大附中
2011012648,11420014,夏津京,女,人文社会科学学院,社科1,湖北,湖北省宜昌市第一中学
2011012649,11430036,刘然然,女,人文社会科学学院,社科1,湖南,新田一中
2011012650,11430035,吴薇,女,人文社会科学学院,社科1,湖南,自治州民族中学
2011012651,11630002,谢玉璇,女,人文社会科学学院,社科1,青海,湟川中学
2011012652,11630001,李积明,男,人文社会科学学院,社科1,青海,湟川中学
2011012653,11111006,刘璟宇,男,人文社会科学学院,社科1,北京,北京师范大学附属实验中学
2011012654,11320005,卞在山,男,人文社会科学学院,社科1,江苏,南京外国语学校
2011012655,11331017,顾心悦,女,人文社会科学学院,社科1,浙江,杭州外语学校
2011012656,11330007,施文,女,人文社会科学学院,社科1,浙江,杭州外语学校
2011012657,11330006,俞辰灏,男,人文社会科学学院,社科1,浙江,杭州外语学校
2011012658,11410007,朱子勰,男,人文社会科学学院,社科1,河南,郑州外国语学校
2011012659,11410006,宋碧玮,女,人文社会科学学院,社科1,河南,郑州外国语学校
2011012660,11410005,原茵,女,人文社会科学学院,社科1,河南,郑州外国语学校
2011012661,11410004,邱之梦,女,人文社会科学学院,社科1,河南,郑州外国语学校
2011012662,11441008,李宇琼,女,人文社会科学学院,社科1,广东,深圳外国语学校
2011012663,11111298,王喻晓,男,人文社会科学学院,社科1,北京,首都师范大学附属中学
2011012664,11110058,孙易,女,人文社会科学学院,社科1,北京,北京市第一０一中学
2011012665,11110053,梁梦爽,女,人文社会科学学院,社科1,北京,北京师范大学第二附属中学
2011012666,11210011,张硕,女,人文社会科学学院,社科1,辽宁,辽宁省实验中学
2011012667,11210010,刘玥,女,人文社会科学学院,社科1,辽宁,本溪市高级中学
2011012668,11311048,张耀艺,男,人文社会科学学院,社科1,上海,上海市进才中学
2011012669,11310012,孟诗怡,女,人文社会科学学院,社科1,上海,上海外国语大学附属浦东外国语学
2011012670,11320032,陆亿佳,女,人文社会科学学院,社科1,江苏,江苏省苏州中学校
2011012671,11320031,王书言,女,人文社会科学学院,社科1,江苏,江苏省新海高级中学
2011012672,11320030,钟瑞洁,女,人文社会科学学院,社科1,江苏,江苏省苏州中学校
2011012673,11320027,眭砚青,女,人文社会科学学院,社科1,江苏,江苏省镇江中学
2011012674,11410029,王盼,女,人文社会科学学院,社科1,河南,开封高中
2011012675,11610006,郭晴,女,人文社会科学学院,社科1,陕西,新城区招生办
2011012676,11620003,陈俊彦,女,人文社会科学学院,社科1,甘肃,兰州第一中学
2011012677,11110073,马骥东,男,人文社会科学学院,社科1,北京,北京师范大学第二附属中学
2011012678,11110059,郑文然,女,人文社会科学学院,社科1,北京,北京市十一学校
2011012679,11110054,高方喆,女,人文社会科学学院,社科1,北京,北京师范大学第二附属中学
2011012680,11120010,刘一唱,男,人文社会科学学院,社科1,天津,南开中学
2011012681,11130006,宋琦,女,人文社会科学学院,社科1,河北,唐山市第一中学
2011012682,11220006,陈聪颖,女,人文社会科学学院,社科1,吉林,东北师大附属中学
2011012683,11310028,吴奕珺,女,人文社会科学学院,社科1,上海,上海市上海中学
2011012684,11310023,谢隽悠,女,人文社会科学学院,社科1,上海,上海外国语大学附属外国语学校
2011012685,11310020,陈帆,女,人文社会科学学院,社科1,上海,上海市崇明中学
2011012686,11330024,吕想,女,人文社会科学学院,社科1,浙江,金华市第一中学
2011012687,11420013,黄馨蝶,女,人文社会科学学院,社科1,湖北,襄樊市第五中学
2011012688,11440008,黄倩殷,女,人文社会科学学院,社科1,广东,中山市第一中学
2011012689,11530004,舒蔚明,女,人文社会科学学院,社科1,云南,云南师范大学附属中学
2011012690,11110057,叶紫祎,女,人文社会科学学院,社科1,北京,北京市第一０一中学
2011012691,11110056,李雨婷,女,人文社会科学学院,社科1,北京,北京大学附属中学
2011012692,11110055,陈沨桦,女,人文社会科学学院,社科1,北京,北京大学附属中学
2011012693,11140007,张少颖,女,人文社会科学学院,社科1,山西,迎泽区往届生
2011012694,11210016,吴雪菲,女,人文社会科学学院,社科1,辽宁,大连市第二十四中学
2011012695,11210017,佟璐,女,人文社会科学学院,社科1,辽宁,辽宁省实验中学
2011012696,11111296,李天晴,女,人文社会科学学院,心理1,北京,北京市广渠门中学
2011012697,11371103,陈虹羽,女,人文社会科学学院,心理1,山东,荣成市第一中学
2011012698,11510016,冯侃訚,女,人文社会科学学院,心理1,四川,成都市石室中学
2011012699,11111005,李星煜,女,人文社会科学学院,心理1,北京,北京汇文中学
2011012700,11330004,李佳蔚,女,人文社会科学学院,心理1,浙江,杭州外语学校
2011012701,11110060,栾墨,女,人文社会科学学院,心理1,北京,北京市朝阳外国语学校
2011012702,11330025,王从余,女,人文社会科学学院,心理1,浙江,绍兴县鲁迅中学
2011012703,11120011,王新洋,女,人文社会科学学院,心理1,天津,杨村一中
2011012704,11311081,张允达,女,人文社会科学学院,心理1,上海,上海市上海中学
2011012705,11311062,徐庆琪,女,人文社会科学学院,心理1,上海,鲁中冶金矿业集团公司第一中学
2011012706,11311051,洪玉希,男,人文社会科学学院,心理1,上海,华东师范大学第二附属中学
2011012707,11310027,夏祯毅,男,人文社会科学学院,心理1,上海,上海市上海中学
2011012708,11310026,郁力凡,女,人文社会科学学院,心理1,上海,华东师范大学第二附属中学
2011012709,11310015,魏君帆,女,人文社会科学学院,心理1,上海,上海市七宝中学
2011012710,11331111,徐依宁,女,人文社会科学学院,心理1,浙江,慈溪中学
2011012711,11500011,袁婧雅,女,人文社会科学学院,心理1,重庆,重庆市第一中学
2011012712,11111297,郑岸青,女,人文社会科学学院,心理1,北京,清华大学附属中学
2011012713,11110062,沈雨曈,女,人文社会科学学院,心理1,北京,北京市十一学校
2011012714,11320035,周星艺,男,外国语言文学系,英11,江苏,江苏省镇江第一中学
2011012715,11510019,郭恬妮,女,外国语言文学系,英11,四川,成都市第十二中学
2011012716,11120001,齐譞,女,外国语言文学系,英11,天津,天津开发区一中
2011012717,11310008,张涵奇,男,外国语言文学系,英11,上海,上海外国语大学附属外国语学校
2011012718,11310003,黄凯伦,女,外国语言文学系,英11,上海,上海外国语大学附属外国语学校
2011012719,11310001,曹雨晨,女,外国语言文学系,英11,上海,上海外国语大学附属外国语学校
2011012720,11320002,陶曼丽,女,外国语言文学系,英11,江苏,南京外国语学校
2011012721,11411002,周祎馨,女,外国语言文学系,英11,河南,郑州外国语学校
2011012722,11410001,杨妍然,女,外国语言文学系,英11,河南,郑州外国语学校
2011012723,11420006,向婧婷,女,外国语言文学系,英11,湖北,武汉外国语学校
2011012724,11420004,杨诗颖,女,外国语言文学系,英11,湖北,武汉外国语学校
2011012725,11420003,马依娜,女,外国语言文学系,英11,湖北,武汉外国语学校
2011012726,11440001,邹碧瑶,女,外国语言文学系,英11,广东,广州市广外附设外语学校
2011012727,11500001,郭浩嘉,男,外国语言文学系,英11,重庆,川外附属外语学校
2011012728,11510001,游诗惠,女,外国语言文学系,英11,四川,成都市外国语学校
2011012729,11110072,温寓桐,女,外国语言文学系,英11,北京,北京市十一学校
2011012730,11110071,李昦晗,男,外国语言文学系,英11,北京,北京师范大学附属实验中学
2011012731,11210013,宝莹然,女,外国语言文学系,英11,辽宁,辽河油田第一高级中学
2011012732,11320041,席刘畅,女,外国语言文学系,英11,江苏,江苏省如皋中学
2011012733,11320040,范潇晓,女,外国语言文学系,英11,江苏,徐州市第一中学
2011012734,11320036,殷思瑶,女,外国语言文学系,英11,江苏,盐城景山中学
2011012735,11330029,葛恬,女,外国语言文学系,英11,浙江,浙江省台州中学
2011012736,11340007,章淼,女,外国语言文学系,英11,安徽,宣城中学
2011012737,11430038,左茹嫣,女,外国语言文学系,英11,湖南,湘乡一中北校区
2011012738,11230022,苑潇宁,女,外国语言文学系,英11,黑龙江,大庆市第四中学
2011012739,11320037,郭易如,女,外国语言文学系,英11,江苏,江苏省盐城中学
2011012740,11610012,王英翀,女,外国语言文学系,英11,陕西,西安市第二中学
2011012741,11440009,程颖璇,女,外国语言文学系,英12,广东,广东仲元中学
2011012742,11120002,李晓旭,女,外国语言文学系,英12,天津,杨村一中
2011012743,11220001,赵天晴,女,外国语言文学系,英12,吉林,长春外国语学校
2011012744,11310005,薛皓,女,外国语言文学系,英12,上海,浦东外国语学校
2011012745,11310004,沈亦凝,男,外国语言文学系,英12,上海,上海外国语大学附属外国语学校
2011012746,11310002,郎梦晨,女,外国语言文学系,英12,上海,上海外国语大学附属外国语学校
2011012747,11320013,魏慜慧,女,外国语言文学系,英12,江苏,南京外国语学校
2011012748,11320001,沈悠,女,外国语言文学系,英12,江苏,南京外国语学校
2011012749,11330003,尹思雨,女,外国语言文学系,英12,浙江,杭州外语学校
2011012750,11410002,李林烨,女,外国语言文学系,英12,河南,郑州外国语学校
2011012751,11420005,何滢,女,外国语言文学系,英12,湖北,武汉外国语学校
2011012752,11500002,罗曼,女,外国语言文学系,英12,重庆,川外附属外语学校
2011012753,11510002,夏书菲,女,外国语言文学系,英12,四川,成都市外国语学校
2011012754,11320039,赵舒颜,女,外国语言文学系,英12,江苏,江苏省新海高级中学
2011012755,11120014,邱馨远,女,外国语言文学系,英12,天津,塘沽一中
2011012756,11220007,陈昱璇,女,外国语言文学系,英12,吉林,毓文中学
2011012757,11320042,韩婷羽,女,外国语言文学系,英12,江苏,徐州市第一中学
2011012758,11320038,吴瑶,女,外国语言文学系,英12,江苏,江苏省淮阴中学
2011012759,11330030,余磊斌,男,外国语言文学系,英12,浙江,慈溪中学
2011012760,11340006,宋冉冉,女,外国语言文学系,英12,安徽,淮南二中
2011012761,11360013,张佳丽,女,外国语言文学系,英12,江西,临川第一中学
2011012762,11420015,闵馨,女,外国语言文学系,英12,湖北,华中师范大学第一附属中学
2011012763,11430037,张耀丹,女,外国语言文学系,英12,湖南,浏阳市田家炳中学
2011012764,11610011,沈琦,女,外国语言文学系,英12,陕西,镇安中学
2011012765,11610010,周奕杉,女,外国语言文学系,英12,陕西,彩虹中学
2011012766,11111072,彭永胜,男,外国语言文学系,英12,北京,北京市西城区教育考试中心北区(
2011012767,11111065,刘千惠,女,外国语言文学系,日1,北京,北京市通州区潞河中学
2011012768,11111064,梁恩泽,男,外国语言文学系,日1,北京,北京市第九中学
2011012769,11111063,邓文婷,女,外国语言文学系,日1,北京,北京市第一０一中学
2011012770,11110003,刘愔,女,外国语言文学系,日1,北京,北京师范大学第二附属中学
2011012771,11110002,常兆睿,女,外国语言文学系,日1,北京,北京市第十二中学
2011012772,11110001,朱晓婉,女,外国语言文学系,日1,北京,中央民族大学附属中学
2011012773,11120005,杨楠,女,外国语言文学系,日1,天津,芦台一中
2011012774,11140002,霍婕,女,外国语言文学系,日1,山西,长治市一中(应)
2011012775,11210001,梁颖华,女,外国语言文学系,日1,辽宁,瓦房店市高级中学
2011012776,11220002,陈硕,女,外国语言文学系,日1,吉林,白山市第二中学
2011012777,11230001,郭心悦,女,外国语言文学系,日1,黑龙江,牡丹江市第一高级中学
2011012778,11330012,李圆圆,女,外国语言文学系,日1,浙江,宁波市北仑中学
2011012779,11500010,谭立,女,外国语言文学系,日1,重庆,重庆市巴蜀中学
2011012780,11610002,张瑛,女,外国语言文学系,日1,陕西,宜川朝阳中学
2011012781,11610001,柳林,男,外国语言文学系,日1,陕西,莲湖区教育考试管理中心报名点
2011012782,11130001,任可欣,女,外国语言文学系,日1,河北,裕华区石家庄外国语学校
2011012783,11140004,杨姝,女,外国语言文学系,日1,山西,山大附中
2011012784,11330023,杨扬,女,外国语言文学系,日1,浙江,宁波市镇海中学
2011012785,11510015,秦子妍,女,外国语言文学系,日1,四川,成都市外国语学校
2011012786,11210006,韩础伊,女,法学院,法11,辽宁,朝阳市第一高级中学
2011012787,11221088,周玲珑,男,法学院,法11,吉林,社会青年
2011012788,11320018,段秀丽,女,法学院,法11,江苏,淮安市新马高级中学
2011012789,11360006,陈绍祥,男,法学院,法11,江西,南康中学(应届)
2011012790,11410025,高扬,女,法学院,法11,河南,安阳市第一中学
2011012791,11430032,易忠云,女,法学院,法11,湖南,冷水江市第一中学
2011012792,11541005,雪雯,女,法学院,法11,西藏,山西大学附属中学
2011012793,11651037,阿布都热依木江·阿布,男,法学院,法11,新疆,上海市金山中学
2011012794,11111028,郑岩,男,法学院,法11,北京,北京师范大学附属实验中学
2011012795,11320012,张若皓,女,法学院,法11,江苏,南京外国语学校
2011012796,11330011,孟凯元,男,法学院,法11,浙江,杭州外语学校
2011012797,11330010,姜周澜,女,法学院,法11,浙江,杭州外语学校
2011012798,11351017,阮神裕,男,法学院,法11,福建,德化一中
2011012799,11440003,吴佳炜,女,法学院,法11,广东,深圳外国语学校
2011012800,11110038,张芃芃,女,法学院,法11,北京,北京师范大学附属实验中学
2011012801,11210004,刘远,女,法学院,法11,辽宁,本溪市第一中学
2011012802,11320015,丁洁,女,法学院,法11,江苏,江苏省靖江高级中学
2011012803,11330016,朱佳慧,男,法学院,法11,浙江,绍兴县柯桥中学
2011012804,11330015,赵天宇,女,法学院,法11,浙江,台州市第一中学
2011012805,11110042,赵岩,男,法学院,法11,北京,中国人民大学附属中学
2011012806,11110041,曲和亿,女,法学院,法11,北京,中国人民大学附属中学
2011012807,11110039,张子玉,女,法学院,法11,北京,北京市第二中学
2011012808,11110037,彭丹,女,法学院,法11,北京,北京师范大学第二附属中学
2011012809,11130002,赵日,女,法学院,法11,河北,衡水市滏阳中学
2011012810,11310025,晋柠,女,法学院,法11,上海,上海市晋元高级中学
2011012811,11310018,陆思佳,女,法学院,法11,上海,上海市上海中学
2011012812,11320017,张竹新,女,法学院,法11,江苏,翔宇教育集团宝应县中学
2011012813,11320016,王浩,男,法学院,法11,江苏,常州市第一中学
2011012814,11340002,张璐,女,法学院,法11,安徽,安庆一中
2011012815,11360005,席茜,女,法学院,法11,江西,南昌二中
2011012816,11410026,王哲,女,法学院,法11,河南,驻马店市第一高级中学
2011012817,11510005,唐淼,女,法学院,法11,四川,成都市外国语学校
2011012818,11510004,程若曦,女,法学院,法11,四川,成都市实验外语学校
2011012819,11640001,马文静,女,法学院,法11,宁夏,银川一中
2011012820,11650003,王亮,男,法学院,法11,新疆,乌鲁木齐市八中
2011012821,11650001,马瑙,女,法学院,法11,新疆,乌鲁木齐市一中
2011012822,11230014,张潇宇,女,法学院,法11,黑龙江,大庆市铁人中学
2011012823,11440004,秦梓奕,女,法学院,法11,广东,深圳市深圳中学
2011012824,11210015,王美舒,女,法学院,法11,辽宁,辽宁省实验中学
2011012825,11120006,张腾月,女,法学院,法12,天津,宝坻一中
2011012826,11320021,陶倩瑛琦,女,法学院,法12,江苏,张家港市外国语学校
2011012827,11330013,孙颖,女,法学院,法12,浙江,瓯海中学
2011012828,11350002,廖东磊,男,法学院,法12,福建,厦门外国语学校
2011012829,11620001,盛燕杰,女,法学院,法12,甘肃,甘肃省武威第二中学
2011012830,11650002,张嘉城,女,法学院,法12,新疆,乌鲁木齐市八中
2011012831,11320011,李若愚,女,法学院,法12,江苏,南京外国语学校
2011012832,11331027,陈翀翊,男,法学院,法12,浙江,温岭中学
2011012833,11330009,叶简剑,男,法学院,法12,浙江,杭州外语学校
2011012834,11410010,谢慕霆,女,法学院,法12,河南,郑州外国语学校
2011012835,11441021,彭博雅,女,法学院,法12,广东,深圳外国语学校
2011012836,11811005,陈玥楠,女,法学院,法12,香港,香港民生书院
2011012837,11820001,杨志坤,男,法学院,法12,澳门,澳门濠江中学
2011012838,11230015,刘畅,女,法学院,法12,黑龙江,大庆市铁人中学
2011012839,11311104,张依然,女,法学院,法12,上海,上海市延安中学
2011012840,11310024,刘丹妮,女,法学院,法12,上海,上海市曹杨第二中学
2011012841,11320019,王佳汇,女,法学院,法12,江苏,江苏省淮阴中学
2011012842,11330014,颜佳莉,女,法学院,法12,浙江,温州中学
2011012843,11340001,朱雨辰,女,法学院,法12,安徽,六安一中
2011012844,11110040,杨立,女,法学院,法12,北京,中国人民大学附属中学
2011012845,11140005,刘璐,女,法学院,法12,山西,康杰中学
2011012846,11210005,周逸群,女,法学院,法12,辽宁,本溪市高级中学
2011012847,11310019,张久悦,女,法学院,法12,上海,上海市七宝中学
2011012848,11320022,徐向妤,女,法学院,法12,江苏,江苏省前黄高级中学
2011012849,11320020,曹守正,男,法学院,法12,江苏,江苏省淮阴中学
2011012850,11360004,彭川珊,女,法学院,法12,江西,新余市第四中学
2011012851,11420008,曹立坤,女,法学院,法12,湖北,武汉市第一中学
2011012852,11451028,罗慧洁,女,法学院,法12,广西,广西宾阳中学
2011012853,11451027,韦宇臻,女,法学院,法12,广西,柳州铁一中学
2011012854,11520001,吴雪瑶,女,法学院,法12,贵州,安顺市二中
2011012855,11110043,赵允恒,男,法学院,法12,北京,北京市十一学校
2011012856,11141034,廉威,男,法学院,法12,山西,省实验中学
2011012857,11210003,王笑君,女,法学院,法12,辽宁,大连市金州高级中学
2011012858,11210002,王禾青,女,法学院,法12,辽宁,辽宁省实验中学中外友好合作学校
2011012859,11230013,乔丹,男,法学院,法12,黑龙江,大庆市铁人中学
2011012860,11410024,李煜华夏,男,法学院,法12,河南,南阳市第一中学
2011012861,11510006,罗韵悠,女,法学院,法12,四川,成都市实验外语学校
2011012862,11341101,段昆明,男,法学院,法13,安徽,界首一中
2011012863,11351019,蓝学友,男,法学院,法13,福建,漳州实验中学
2011012864,11410011,栗新,男,法学院,法13,河南,安阳县第二中学
2011012865,11131034,于晓腾,男,法学院,法13,河北,衡水市故城县郑口中学
2011012866,11111301,张博,男,新闻与传播学院,新闻11,北京,北京市西城区王码文化培训学校
2011012867,11331112,张涵影,女,新闻与传播学院,新闻11,浙江,温岭中学
2011012868,11630003,毛雯芝,女,新闻与传播学院,新闻11,青海,湟中一中
2011012869,11141007,杨可,女,新闻与传播学院,新闻11,山西,山大附中
2011012870,11310006,张思涵,女,新闻与传播学院,新闻11,上海,上海外国语大学附属外国语学校
2011012871,11320003,崔恒旭,女,新闻与传播学院,新闻11,江苏,南京外国语学校
2011012872,11330002,朱昱炫,女,新闻与传播学院,新闻11,浙江,杭州外语学校
2011012873,11410003,黄斐,女,新闻与传播学院,新闻11,河南,郑州外国语学校
2011012874,11631001,姜婷婷,女,新闻与传播学院,新闻11,青海,湟川中学
2011012875,11110067,郭木容,女,新闻与传播学院,新闻11,北京,中国人民大学附属中学
2011012876,11110066,张唯,女,新闻与传播学院,新闻11,北京,首都师范大学附属中学
2011012877,11330027,施文荻,女,新闻与传播学院,新闻11,浙江,慈溪中学
2011012878,11370005,马安琪,女,新闻与传播学院,新闻11,山东,寿光现代中学
2011012879,11111299,刘威辰,男,新闻与传播学院,新闻11,北京,北京市第八中学
2011012880,11110069,李浚,女,新闻与传播学院,新闻11,北京,北京市十一学校
2011012881,11110068,陈竹君,女,新闻与传播学院,新闻11,北京,清华大学附属中学
2011012882,11110063,王丛,女,新闻与传播学院,新闻11,北京,北京师范大学第二附属中学
2011012883,11120013,王馨逸,女,新闻与传播学院,新闻11,天津,一中
2011012884,11310016,姜亦乐,男,新闻与传播学院,新闻11,上海,上海市七宝中学
2011012885,11310014,王静,女,新闻与传播学院,新闻11,上海,华东师范大学第二附属中学
2011012886,11350007,李桐,女,新闻与传播学院,新闻11,福建,厦门外国语学校
2011012887,11510017,陈天,女,新闻与传播学院,新闻11,四川,四川省绵阳南山中学
2011012888,11610007,孙梦璠,女,新闻与传播学院,新闻11,陕西,高新一中
2011012889,11500006,李璨岑,女,新闻与传播学院,新闻11,重庆,重庆市巴蜀中学
2011012890,11230021,刁彩潇,女,新闻与传播学院,新闻11,黑龙江,大庆市第四中学
2011012891,11120012,寇玉丽,女,新闻与传播学院,新闻12,天津,塘沽一中
2011012892,11330028,孙宇萱,女,新闻与传播学院,新闻12,浙江,浙江省富阳中学
2011012893,11360012,裴晓微,女,新闻与传播学院,新闻12,江西,吉安县县立中学(应届)
2011012894,11540002,杨艾琳,女,新闻与传播学院,新闻12,西藏,拉萨市区外高中应届毕业生
2011012895,11650005,唐琪,女,新闻与传播学院,新闻12,新疆,乌鲁木齐市一中
2011012896,11310009,史心莹,女,新闻与传播学院,新闻12,上海,上海外国语大学附属外国语学校
2011012897,11330005,倪慧柳倩,女,新闻与传播学院,新闻12,浙江,杭州外语学校
2011012898,11420007,邓歆怡,女,新闻与传播学院,新闻12,湖北,武汉外国语学校
2011012899,11111300,吴婉莹,女,新闻与传播学院,新闻12,北京,中国人民大学附属中学
2011012900,11110065,卢樱丹,女,新闻与传播学院,新闻12,北京,首都师范大学附属中学
2011012901,11320033,鲍涵,女,新闻与传播学院,新闻12,江苏,江苏省如东高级中学
2011012902,11370009,赵文韬,女,新闻与传播学院,新闻12,山东,寿光现代中学
2011012903,11130007,郑小艺,女,新闻与传播学院,新闻12,河北,河北衡水中学
2011012904,11210012,姜雯桐,女,新闻与传播学院,新闻12,辽宁,营口开发区第一高中
2011012905,11310017,陈嘉林,男,新闻与传播学院,新闻12,上海,上海市上海中学
2011012906,11310013,徐思羽,女,新闻与传播学院,新闻12,上海,华东师范大学第二附属中学
2011012907,11320034,程文青,女,新闻与传播学院,新闻12,江苏,徐州市第一中学
2011012908,11330026,周佳晶,女,新闻与传播学院,新闻12,浙江,宁波市镇海中学
2011012909,11510018,杨光,女,新闻与传播学院,新闻12,四川,成都市石室中学
2011012910,11630004,王媛媛,女,新闻与传播学院,新闻12,青海,湟川中学
2011012911,11111302,田扶摇,男,新闻与传播学院,新闻12,北京,北京市海淀实验中学
2011012912,11610008,程雁,女,新闻与传播学院,新闻12,陕西,交大附中
2011012913,11110070,李璐,女,新闻与传播学院,新闻12,北京,北京市东直门中学
2011012914,11110064,许志宇,女,新闻与传播学院,新闻12,北京,北京市西城区教育考试中心北区(
2011012915,11131037,王竞帆,男,新闻与传播学院,新闻13,河北,石家庄市第二中学
2011012916,11140003,杨臻臻,男,新闻与传播学院,新闻13,山西,晋城一中
2011012917,11211032,原冰,男,新闻与传播学院,新闻13,辽宁,康平县高级中学
2011012918,11340010,孔令全,男,新闻与传播学院,新闻13,安徽,太和中学
2011012919,11370008,王静,女,新闻与传播学院,新闻13,山东,高密一中
2011012920,11410012,聂宗琦,男,新闻与传播学院,新闻13,河南,内黄县第一中学
2011012921,11430002,李琼,男,新闻与传播学院,新闻13,湖南,湘阴一中
2011012922,11370007,韩国强,男,新闻与传播学院,新闻13,山东,安丘一中
2011012923,11411024,王建瑞,男,新闻与传播学院,新闻13,河南,内黄县第一中学
2011012924,11110006,徐凡城,男,美术学院,美113,北京,中央音乐学院附属中学
2011012925,11110005,刘禾阳,男,美术学院,美113,北京,北京市第五十中学
2011012926,11110004,李佳桐,女,美术学院,美113,北京,中央工艺美术学院附中
2011012927,11133001,许德豪,男,美术学院,美113,河北,保定市美术中学
2011012928,11143001,顾金,女,美术学院,美113,山西,杏花岭往届生
2011012929,11213003,陈博贤,男,美术学院,美113,辽宁,抚顺市第二高级中学
2011012930,11213001,张薇,女,美术学院,美113,辽宁,大连市第十五中学
2011012931,11230003,周全,女,美术学院,美113,黑龙江,哈市国联学校
2011012932,11230002,周昕瞳,女,美术学院,美113,黑龙江,大庆石油高中
2011012933,11373002,郑成伟,男,美术学院,美113,山东,诸城一中
2011012934,11410016,赵志豪,男,美术学院,美113,河南,巩义市第六高中
2011012935,11410014,张泽端,男,美术学院,美113,河南,通许县扬坤中学
2011012936,11430005,邓建军,男,美术学院,美113,湖南,开源中学
2011012937,11430003,陈乘,女,美术学院,美113,湖南,明德中学
2011012938,11441028,黄国锋,男,美术学院,美113,广东,阳明中学
2011012939,11111066,李毅方,男,美术学院,美114,北京,北京市第六十六中学
2011012940,11110009,王涵,女,美术学院,美114,北京,清华大学附属中学
2011012941,11110007,卢江枫,女,美术学院,美114,北京,北京市清华志清中学
2011012942,11133004,赵展,男,美术学院,美114,河北,保定市定州中学
2011012943,11133002,周朝昭,男,美术学院,美114,河北,河北祖冲之中学
2011012944,11213006,吕翰民,男,美术学院,美114,辽宁,大连市第十五中学
2011012945,11213005,杨桓,女,美术学院,美114,辽宁,沈阳市大东区往届生
2011012946,11213004,仇墨娇,女,美术学院,美114,辽宁,大连市第十五中学
2011012947,11213002,苗艺霖,女,美术学院,美114,辽宁,大连市中山区高中往届生
2011012948,11230005,李沐梓,女,美术学院,美114,黑龙江,外省学籍本省考生
2011012949,11230004,曹长浩,男,美术学院,美114,黑龙江,外省学籍本省考生
2011012950,11363001,李超,男,美术学院,美114,江西,江西省西山国际学校
2011012951,11410018,任科维,男,美术学院,美114,河南,上蔡县第一高级中学
2011012952,11410015,周鑫,男,美术学院,美114,河南,驻马店高级中学
2011012953,11513001,杨凡,男,美术学院,美114,四川,达县三中
2011012954,11110008,何鑫,男,美术学院,美115,北京,清华大学附属中学
2011012955,11133007,段怡强,男,美术学院,美115,河北,石家庄市第二中学
2011012956,11133006,邱慕冰,男,美术学院,美115,河北,石家庄市第六中学
2011012957,11133005,梁保华,男,美术学院,美115,河北,栾城县艺术职业学校
2011012958,11133003,王冠一,男,美术学院,美115,河北,衡水市第二中学
2011012959,11213007,段凯川,男,美术学院,美115,辽宁,盘锦市高级中学
2011012960,11333001,杨云浩,男,美术学院,美115,浙江,海宁市高级中学
2011012961,11373003,孔金鑫,女,美术学院,美115,山东,其他
2011012962,11373001,卢森,男,美术学院,美115,山东,滕州市高考补习学校南校区
2011012963,11410017,刘传彪,男,美术学院,美115,河南,虞城县春来高中
2011012964,11410013,闫宇,男,美术学院,美115,河南,漯河第四高级中学
2011012965,11430007,向武,男,美术学院,美115,湖南,冷水滩区培训学校
2011012966,11430006,李月,女,美术学院,美115,湖南,怀化市三中
2011012967,11430004,黄威,男,美术学院,美115,湖南,湘阴罗城中学
2011012968,11441029,周锦耀,男,美术学院,美115,广东,深圳市西乡中学
2011012969,11441027,赖俊杰,男,美术学院,美115,广东,博罗县高级中学
2011012970,11441026,林熙,男,美术学院,美115,广东,博罗县博罗中学
2011012971,11111071,赵禹焜,男,美术学院,美18,北京,北京市海淀区精华培训学校
2011012972,11110031,耿乐乐,男,美术学院,美18,北京,北京市通州区教育考试中心高招办
2011012973,11133016,张志强,男,美术学院,美18,河北,河北易县中学
2011012974,11133013,何珂,女,美术学院,美18,河北,河北中西艺术设计中等专业学校
2011012975,11373019,孙雪娇,女,美术学院,美18,山东,昌邑市第一中学
2011012976,11373018,侯佩佚,男,美术学院,美18,山东,寿光现代中学
2011012977,11411039,杨柯,男,美术学院,美18,河南,南阳市第一中学
2011012978,11410019,尹嘉,男,美术学院,美18,河南,漯河第四高级中学
2011012979,11423001,江冬竹,女,美术学院,美18,湖北,丹江口市均州中学
2011012980,11430027,奉亚楚,男,美术学院,美18,湖南,邵阳市二中
2011012981,11430010,王昕馨,女,美术学院,美18,湖南,株洲北师大附校报名站
2011012982,11430009,邓子豪,女,美术学院,美18,湖南,醴陵市英才补习学校
2011012983,11441055,麦龙辉,男,美术学院,美18,广东,中山市华侨中学
2011012984,11451018,覃千航,女,美术学院,美18,广西,平南县中学
2011012985,11503006,黄晶,女,美术学院,美18,重庆,涪陵实验中学
2011012986,11110026,薛珂,女,美术学院,美19,北京,中央美术学院附属中等美术学校
2011012987,11110020,张琦婧,女,美术学院,美19,北京,北京市石景山区八角街道
2011012988,11133018,李沛珣,女,美术学院,美19,河北,河北省高碑店市高碑店一中
2011012989,11133012,崔雨洁,女,美术学院,美19,河北,邯郸市第一中学
2011012990,11133010,蒋晓萌,女,美术学院,美19,河北,石家庄市第二中学
2011012991,11213019,孙茜茜,女,美术学院,美19,辽宁,大连市第十五中学
2011012992,11213016,孙晨晨,女,美术学院,美19,辽宁,大连市第十五中学
2011012993,11213014,滕程程,女,美术学院,美19,辽宁,大连市第十五中学
2011012994,11230009,王一翔,男,美术学院,美19,黑龙江,黑龙江省实验中学
2011012995,11230008,唐茜,女,美术学院,美19,黑龙江,黑龙江省实验中学
2011012996,11323001,罗欢琳,女,美术学院,美19,江苏,南京市金陵中学
2011012997,11373011,王彬,男,美术学院,美19,山东,滕州市高考补习学校南校区
2011012998,11373009,孙东东,男,美术学院,美19,山东,滕州市高考补习学校南校区
2011012999,11431046,洪玮瑢,女,美术学院,美19,湖南,湖南长沙同升湖实验学校
2011013000,11430026,李章誉,男,美术学院,美19,湖南,武冈二中
2011013001,11110033,郑昕宇,男,美术学院,美116,北京,中央民族大学附属中学
2011013002,11123003,杨志俊,女,美术学院,美116,天津,杨村一中
2011013003,11123002,周子昕,女,美术学院,美116,天津,杨村一中
2011013004,11310029,凌晨,女,美术学院,美116,上海,上海市市西中学
2011013005,11323003,陈思静,女,美术学院,美116,江苏,江苏省滨海中学
2011013006,11333004,宓轶倩,女,美术学院,美116,浙江,绍兴县柯桥中学
2011013007,11373027,陈於建,男,美术学院,美116,山东,山东省青州市第二中学
2011013008,11373026,张玉萍,女,美术学院,美116,山东,莱芜一中
2011013009,11373025,李秋红,女,美术学院,美116,山东,山东省昌乐二中
2011013010,11410023,刘珍,女,美术学院,美116,河南,商丘市二高
2011013011,11441057,相宛升,女,美术学院,美116,广东,阳春市第一中学
2011013012,11503009,李思奇,女,美术学院,美116,重庆,重庆市求精中学
2011013013,11503008,田曼玲,女,美术学院,美116,重庆,四川外语学院重庆第二外国语学校
2011013014,11503007,谌雪蕊,女,美术学院,美116,重庆,四川外语学院重庆第二外国语学校
2011013015,11613004,王炜仪,女,美术学院,美116,陕西,八十五中
2011013016,11110030,梁济蕾,女,美术学院,美16,北京,中央工艺美术学院附中
2011013017,11110027,邓斐斐,女,美术学院,美16,北京,中央美术学院附属中等美术学校
2011013018,11143002,赵嘉曦,女,美术学院,美16,山西,小店区往届生
2011013019,11213020,曲倩颖,女,美术学院,美16,辽宁,大连市第十五中学
2011013020,11223002,黄博,女,美术学院,美16,吉林,德惠实验中学
2011013021,11223001,明杨,女,美术学院,美16,吉林,德惠一中
2011013022,11230006,石湘子,男,美术学院,美16,黑龙江,鸡西市第十九中学
2011013023,11333003,黄琮晏,女,美术学院,美16,浙江,浙江省义乌中学
2011013024,11373014,张浩,男,美术学院,美16,山东,诸城市超然学校
2011013025,11373006,胡钰铭,男,美术学院,美16,山东,滨州市邹平县第一中学
2011013026,11430028,李超哲,男,美术学院,美16,湖南,麓山国际实验学校
2011013027,11430012,罗震云,女,美术学院,美16,湖南,汝城县招办
2011013028,11441040,黄志强,男,美术学院,美16,广东,肇庆市大旺区大旺中学
2011013029,11441033,杨嘉惠,女,美术学院,美16,广东,深圳市南头中学
2011013030,11653001,樊婧宇,女,美术学院,美16,新疆,乌鲁木齐市一中
2011013031,11110018,何宽,男,美术学院,美17,北京,清华大学附属中学
2011013032,11110017,康雪晨,男,美术学院,美17,北京,清华大学附属中学
2011013033,11133020,周雪娇,女,美术学院,美17,河北,廊坊市第一中学
2011013034,11133014,陈志丹,男,美术学院,美17,河北,河北中西艺术设计中等专业学校
2011013035,11230012,付濠铭,男,美术学院,美17,黑龙江,省海城中学
2011013036,11353002,余光,男,美术学院,美17,福建,福清三中
2011013037,11373023,张馨予,女,美术学院,美17,山东,日照第一中学
2011013038,11373022,刘泽琦,女,美术学院,美17,山东,日照实验高级中学
2011013039,11373012,刘宇翀,男,美术学院,美17,山东,枣庄薛城舜耕中学
2011013040,11373005,袁伟权,男,美术学院,美17,山东,淄博一中
2011013041,11430015,魏芳,女,美术学院,美17,湖南,临湘市二中
2011013042,11430014,柏思宇,女,美术学院,美17,湖南,麓山国际实验学校
2011013043,11441052,黎珠,女,美术学院,美17,广东,珠海市斗门区第一中学
2011013044,11441047,孟梓,女,美术学院,美17,广东,深圳市翠园中学
2011013045,11513002,朱云帆,男,美术学院,美17,四川,资中县第二中学
2011013046,11111069,刘莹畅,女,美术学院,美110,北京,北京市密云县第二中学
2011013047,11110025,赵淼,女,美术学院,美110,北京,清华大学附属中学
2011013048,11110022,隋伊丹,女,美术学院,美110,北京,清华大学附属中学
2011013049,11133008,王鹏,男,美术学院,美110,河北,唐山市开滦第一中学
2011013050,11213009,王思慧,女,美术学院,美110,辽宁,大连市中山区高中往届生
2011013051,11373024,徐楚童,男,美术学院,美110,山东,山东省实验中学
2011013052,11373008,王滕祥,男,美术学院,美110,山东,滕州市高考补习学校南校区
2011013053,11431049,刘峥,女,美术学院,美110,湖南,湘潭县一中
2011013054,11430031,尹辉,男,美术学院,美110,湖南,怀化市一中
2011013055,11430030,肖思林,男,美术学院,美110,湖南,湘郡中学
2011013056,11430022,李志华,男,美术学院,美110,湖南,常德淮阳中学
2011013057,11430020,裴维维,女,美术学院,美110,湖南,常德市一中
2011013058,11430011,谭意妮,女,美术学院,美110,湖南,湘乡一中北校区
2011013059,11441049,谢小也,男,美术学院,美110,广东,陆丰市龙山中学
2011013060,11613002,汪润东,男,美术学院,美110,陕西,雁塔招办
2011013061,11111070,高莹,女,美术学院,美111,北京,北京市西城区教育考试中心北区(
2011013062,11213017,李灵璐,女,美术学院,美111,辽宁,大连市第十五中学
2011013063,11213013,王瀚铭,男,美术学院,美111,辽宁,辽阳市白塔区往届生
2011013064,11373016,田翊睿,女,美术学院,美111,山东,枣庄八中北校
2011013065,11411040,葛金风,男,美术学院,美111,河南,河南省襄城高中
2011013066,11411037,丁雪雅,女,美术学院,美111,河南,郑州一中
2011013067,11430017,叶栋,男,美术学院,美111,湖南,宁乡云帆学校玉潭校区
2011013068,11430008,唐韬然,男,美术学院,美111,湖南,湖南长沙同升湖实验学校
2011013069,11441046,苏安琪,女,美术学院,美111,广东,深圳市南头中学
2011013070,11441045,林浩然,男,美术学院,美111,广东,龙门县龙门中学
2011013071,11441044,赖炜炜,女,美术学院,美111,广东,高要市第一中学
2011013072,11441037,黄磊,男,美术学院,美111,广东,深圳市沙头角中学
2011013073,11503005,陈倩,女,美术学院,美111,重庆,重庆市字水中学校
2011013074,11503004,赵小芸,女,美术学院,美111,重庆,重庆市南开中学
2011013075,11521009,王思越,女,美术学院,美111,贵州,三都县民族中学
2011013076,11111067,方笑晗,女,美术学院,美112,北京,北京市中关村中学
2011013077,11110029,付少雄,男,美术学院,美112,北京,中央美术学院附属中等美术学校
2011013078,11110016,付馨蕊,女,美术学院,美112,北京,中央音乐学院附属中学
2011013079,11123001,刘姝,女,美术学院,美112,天津,耀华中学
2011013080,11133017,高尚,男,美术学院,美112,河北,承德市双滦区实验中学
2011013081,11133015,何强,男,美术学院,美112,河北,唐山市第二中学
2011013082,11133009,孙秋爽,男,美术学院,美112,河北,唐山市第一中学
2011013083,11151008,奥格蒙岱,男,美术学院,美112,内蒙古,包头市二中
2011013084,11213023,杨新浩,女,美术学院,美112,辽宁,东北育才学校
2011013085,11213018,王雪莹,女,美术学院,美112,辽宁,大连市第十五中学
2011013086,11213008,李旻豪,男,美术学院,美112,辽宁,大连市第十五中学
2011013087,11373017,邓丽男,女,美术学院,美112,山东,寿光圣都中学
2011013088,11423004,刘唯芳,女,美术学院,美112,湖北,武汉市第十七中学
2011013089,11423003,喻思洋,男,美术学院,美112,湖北,应城市第一高级中学
2011013090,11430024,刘怀龙,男,美术学院,美112,湖南,汉寿县龙池中学
2011013091,11430021,陈睿,男,美术学院,美112,湖南,常德市七中
2011013092,11430016,吴羽飞,男,美术学院,美112,湖南,岳阳市第十五中学
2011013093,11441054,林宇琪,女,美术学院,美112,广东,中山市第一中学
2011013094,11441043,张军,男,美术学院,美112,广东,茂名市第一中学
2011013095,11503002,黄锐,男,美术学院,美112,重庆,永川中学
2011013096,11110032,梁之茵,女,美术学院,美11,北京,中央工艺美术学院附中
2011013097,11133011,王邵华,男,美术学院,美11,河北,邢台市河北南宫中学
2011013098,11323002,耿立嘉,女,美术学院,美11,江苏,南京师范大学附属中学
2011013099,11333002,杨蕙忆,女,美术学院,美11,浙江,黄岩中学
2011013100,11373021,郭亦家,男,美术学院,美11,山东,山东省青岛第十七中学
2011013101,11373004,孟瓒,女,美术学院,美11,山东,滕州市第一中学新校
2011013102,11411038,原瑞琪,女,美术学院,美11,河南,沁阳一中分校
2011013103,11410022,徐雅馨,女,美术学院,美11,河南,虞城县春来高中
2011013104,11441056,林蔚蔚,女,美术学院,美11,广东,揭阳第一中学
2011013105,11441048,黎光辉,男,美术学院,美11,广东,龙门县龙门中学
2011013106,11441035,蓝姿,女,美术学院,美11,广东,深圳市第二高级中学
2011013107,11441032,黄丹红,女,美术学院,美11,广东,广州市第四中学
2011013108,11503003,王飞赟,男,美术学院,美11,重庆,重庆市第八中学
2011013109,11503001,邓崇阳,男,美术学院,美11,重庆,重庆市求精中学
2011013110,11513003,贺欣悦,女,美术学院,美11,四川,江油中学
2011013111,11111068,莫子维,女,美术学院,美12,北京,北京师范大学附属中学
2011013112,11110023,姜希嘉,女,美术学院,美12,北京,北京市京源学校
2011013113,11110021,王文祺,女,美术学院,美12,北京,北京市西城区教育考试中心南区(
2011013114,11110019,肖榕,女,美术学院,美12,北京,清华大学附属中学
2011013115,11110015,林汨,女,美术学院,美12,北京,清华大学附属中学
2011013116,11110013,白鸽,女,美术学院,美12,北京,北京市三里屯一中
2011013117,11133021,纪玲玉,女,美术学院,美12,河北,遵化市高级中学
2011013118,11430025,邓云,女,美术学院,美12,湖南,桃江县四中
2011013119,11430023,蒋佳妮,女,美术学院,美12,湖南,宁乡一中
2011013120,11430019,葛伟,男,美术学院,美12,湖南,岳阳市一中
2011013121,11441053,彭小和,女,美术学院,美12,广东,东莞市第一中学
2011013122,11441051,余明伟,男,美术学院,美12,广东,阳江市第一中学
2011013123,11441050,周栩缇,女,美术学院,美12,广东,广州市第六中学
2011013124,11441038,陈冠宇,男,美术学院,美12,广东,深圳市深圳中学
2011013125,11441030,张宪君,女,美术学院,美12,广东,深圳市清华实验学校
2011013126,11110028,刘慕君,女,美术学院,美13,北京,中国人民大学附属中学培训中心
2011013127,11110010,苏航,女,美术学院,美13,北京,中央美术学院附属中等美术学校
2011013128,11133019,张宇,男,美术学院,美13,河北,南皮县第一中学
2011013129,11213021,张艺琼,女,美术学院,美13,辽宁,大连市第十五中学
2011013130,11343001,江雪莹,女,美术学院,美13,安徽,安庆二中
2011013131,11353001,张空野,男,美术学院,美13,福建,厦门双十中学
2011013132,11373015,张钰稳,男,美术学院,美13,山东,滕州高考补习学校
2011013133,11373010,王朔,女,美术学院,美13,山东,金乡一中
2011013134,11431047,陶庆,女,美术学院,美13,湖南,宁乡云帆学校煤炭坝校区
2011013135,11430013,胡莹莹,女,美术学院,美13,湖南,长沙市第三十七中学
2011013136,11110024,张金,女,美术学院,美14,北京,清华大学附属中学
2011013137,11110012,付嘉维,男,美术学院,美14,北京,中央工艺美术学院附中
2011013138,11133022,李琳,女,美术学院,美14,河北,石家庄市美术职业实验学校
2011013139,11213022,王玥琪,女,美术学院,美14,辽宁,大连市第十五中学
2011013140,11213015,姜文,女,美术学院,美14,辽宁,大连市第十五中学
2011013141,11213010,范浉霖,女,美术学院,美14,辽宁,辽宁省实验中学
2011013142,11230010,尤添翼,男,美术学院,美14,黑龙江,大庆市第四中学
2011013143,11373020,辛畅,女,美术学院,美14,山东,济宁市育才中学
2011013144,11410020,侯宁,女,美术学院,美14,河南,周口市第一高级中学
2011013145,11423002,赵放之,男,美术学院,美14,湖北,湖北省宜昌市第一中学
2011013146,11430029,王珍琦,女,美术学院,美14,湖南,湘郡中学
2011013147,11441042,黄茂桂,男,美术学院,美14,广东,湛江实验中学
2011013148,11441039,刘几凡,男,美术学院,美14,广东,汕头市聿怀中学
2011013149,11441034,董昊然,男,美术学院,美14,广东,深圳市行知职校(A)
2011013150,11613001,柯棽元,女,美术学院,美14,陕西,雁塔招办
2011013151,11110014,欧阳梦伊,女,美术学院,美15,北京,清华大学附属中学
2011013152,11110011,张玥,女,美术学院,美15,北京,北京市陈经纶中学
2011013153,11213012,马小涵,女,美术学院,美15,辽宁,大连市第十五中学
2011013154,11213011,芦紫云,女,美术学院,美15,辽宁,大连市第十五中学
2011013155,11230011,李子慕,男,美术学院,美15,黑龙江,伊春市一中
2011013156,11230007,阮佳楠,女,美术学院,美15,黑龙江,大庆市二十三中学
2011013157,11373013,徐瑞,男,美术学院,美15,山东,牟平育英艺术中学
2011013158,11373007,刘伟,男,美术学院,美15,山东,枣庄八中南校
2011013159,11410021,李云龙,男,美术学院,美15,河南,北大附中河南分校
2011013160,11431048,王颖,女,美术学院,美15,湖南,安乡县一中
2011013161,11430018,张洁野,女,美术学院,美15,湖南,岳阳市一中
2011013162,11441041,关淑欣,女,美术学院,美15,广东,佛山市第一中学
2011013163,11441036,吴进旺,男,美术学院,美15,广东,深圳市观澜中学
2011013164,11441031,盛恬子,女,美术学院,美15,广东,广州美术学院附属中等美术专业学
2011013165,11613003,加乔,女,美术学院,美15,陕西,子洲社青
2011013166,11121048,纪文杰,女,建筑技术科学系,建环1,天津,蓟县一中
2011013167,11151038,耿阳,男,建筑技术科学系,建环1,内蒙古,通辽五中
2011013168,11211083,房钰航,女,建筑技术科学系,建环1,辽宁,本溪市高级中学
2011013169,11321092,张立,男,建筑技术科学系,建环1,江苏,江苏省常州高级中学
2011013170,11341066,施天明,男,建筑技术科学系,建环1,安徽,南陵中学
2011013171,11411043,王莹,女,建筑技术科学系,建环1,河南,濮阳市第一高级中学
2011013172,11421080,石润南,男,建筑技术科学系,建环1,湖北,黄梅一中
2011013173,11451040,黄太阳,男,建筑技术科学系,建环1,广西,广西南宁市第二中学
2011013174,11511076,张春晖,男,建筑技术科学系,建环1,四川,四川省成都市新都一中
2011013175,11151007,周恩永,男,建筑技术科学系,建环1,内蒙古,一机厂一中
2011013176,11361010,项翔坚,男,建筑技术科学系,建环1,江西,万年中学
2011013177,11361009,柳珺,女,建筑技术科学系,建环1,江西,江西省景德镇一中
2011013178,11421013,胡景童,男,建筑技术科学系,建环1,湖北,华中师范大学第一附属中学
2011013179,11521004,罗家俊,男,建筑技术科学系,建环1,贵州,贵阳市第一中学
2011013180,11111208,张宇,男,建筑技术科学系,建环1,北京,中国人民大学附属中学
2011013181,11231059,杨月婷,女,建筑技术科学系,建环1,黑龙江,大庆市实验中学
2011013182,11451047,刘畅,男,建筑技术科学系,建环1,广西,北海市北海中学
2011013183,11141062,赵越,女,建筑技术科学系,建环1,山西,山大附中
2011013184,11221069,汤雨桥,女,建筑技术科学系,建环1,吉林,东北师大附属中学
2011013185,11321093,陈锦阳,男,建筑技术科学系,建环1,江苏,江苏省盐城中学
2011013186,11331083,陈姚波,男,建筑技术科学系,建环1,浙江,慈溪中学
2011013187,11331082,邬蒙可,女,建筑技术科学系,建环1,浙江,浙江省奉化中学
2011013188,11351060,陈建泉,男,建筑技术科学系,建环1,福建,安溪一中
2011013189,11371077,郭浩然,男,建筑技术科学系,建环1,山东,枣庄三中
2011013190,11431085,胡天乐,男,建筑技术科学系,建环1,湖南,湘潭县一中
2011013191,11431084,禹果,女,建筑技术科学系,建环1,湖南,长沙市雅礼中学
2011013192,11611072,唐巩,女,建筑技术科学系,建环1,陕西,商洛中学
2011013193,11231060,潘文彪,男,建筑技术科学系,建环1,黑龙江,哈市师大附中
2011013194,11501019,赵真,女,建筑技术科学系,建环1,重庆,重庆市第一中学
2011013195,11221080,林雪,女,生物医学工程系,生医1,吉林,延边一中
2011013196,11431099,蒋书萌,男,生物医学工程系,生医1,湖南,临湘市一中
2011013197,11441092,蔡创坚,男,生物医学工程系,生医1,广东,珠海市第一中学
2011013198,11451048,刘劼楠,男,生物医学工程系,生医1,广西,桂林市第十八中学
2011013199,11511098,林聚,男,生物医学工程系,生医1,四川,成都市树德中学
2011013200,11111013,周子鉴,男,生物医学工程系,生医1,北京,北京市第四中学
2011013201,11121006,龙秋合,男,生物医学工程系,生医1,天津,耀华中学
2011013202,11141002,李侗,男,生物医学工程系,生医1,山西,山大附中
2011013203,11221010,申伦豪,男,生物医学工程系,生医1,吉林,延边一中
2011013204,11351004,谢钧,男,生物医学工程系,生医1,福建,厦门双十中学
2011013205,11411007,徐珂,女,生物医学工程系,生医1,河南,郑州一中
2011013206,11441007,朱文杰,男,生物医学工程系,生医1,广东,中山市第一中学
2011013207,11611010,张健豪,男,生物医学工程系,生医1,陕西,西北工业大学附中
2011013208,11621004,叶子,女,生物医学工程系,生医1,甘肃,兰州第一中学
2011013209,11211094,张宇,男,生物医学工程系,生医1,辽宁,铁岭市高级中学
2011013210,11231069,王小乐,女,生物医学工程系,生医1,黑龙江,大庆市实验中学
2011013211,11331096,黄天琪,男,生物医学工程系,生医1,浙江,宁波市镇海中学
2011013212,11331095,戚雨霁,女,生物医学工程系,生医1,浙江,杭州外国语学校
2011013213,11331094,戈弋,男,生物医学工程系,生医1,浙江,平阳中学
2011013214,11341082,高晗,男,生物医学工程系,生医1,安徽,铜陵市第一中学
2011013215,11341081,胡张选,男,生物医学工程系,生医1,安徽,池州一中
2011013216,11371091,葛琳,女,生物医学工程系,生医1,山东,莒南一中
2011013217,11411136,胡予鑫,男,生物医学工程系,生医1,河南,睢县高级中学
2011013218,11421101,郭慧珊,女,生物医学工程系,生医1,湖北,黄石市第二中学
2011013219,11511097,陈菁菁,女,生物医学工程系,生医1,四川,四川省绵阳南山中学
2011013220,11611080,李帛洋,男,生物医学工程系,生医1,陕西,莲湖区教育考试管理中心报名点
2011013221,11501015,刘雨岑,女,生物医学工程系,生医1,重庆,重庆市育才中学
2011013222,11141059,雒飞,男,软件学院,软件11,山西,省实验中学
2011013223,11221066,肖剑楠,男,软件学院,软件11,吉林,乾安县第七中学
2011013224,11341064,高鹏,男,软件学院,软件11,安徽,津河中学
2011013225,11341063,储超群,男,软件学院,软件11,安徽,168中学
2011013226,11351059,黄雅冠,男,软件学院,软件11,福建,惠安一中
2011013227,11351058,张世钱,男,软件学院,软件11,福建,龙岩一中
2011013228,11421078,黄曦,男,软件学院,软件11,湖北,巴东县第一高级中学
2011013229,11441084,郑灿彬,男,软件学院,软件11,广东,潮州市金山中学
2011013230,11121001,邱实,男,软件学院,软件11,天津,耀华中学
2011013231,11141004,康荣,男,软件学院,软件11,山西,山大附中
2011013232,11211009,陈琛,女,软件学院,软件11,辽宁,大连育明高中
2011013233,11321024,潘天翔,男,软件学院,软件11,江苏,江苏省丹阳高级中学
2011013234,11321022,黄经纬,男,软件学院,软件11,江苏,南师大附中
2011013235,11331019,陆宏磊,男,软件学院,软件11,浙江,金华市第一中学
2011013236,11351007,陈华榕,男,软件学院,软件11,福建,漳平一中
2011013237,11361011,袁灏,男,软件学院,软件11,江西,新余市第一中学
2011013238,11371020,王聪,男,软件学院,软件11,山东,潍坊一中
2011013239,11430001,文庆福,男,软件学院,软件11,湖南,长郡中学
2011013240,11521005,陈泽曦,男,软件学院,软件11,贵州,贵阳市第一中学
2011013241,11621007,王韬,男,软件学院,软件11,甘肃,兰州第一中学
2011013242,11111207,刘谦,男,软件学院,软件11,北京,北京市第八中学
2011013243,11111205,张舒彤,女,软件学院,软件11,北京,中国人民大学附属中学
2011013244,11211080,杨植,男,软件学院,软件11,辽宁,本溪市高级中学
2011013245,11211079,王思伦,男,软件学院,软件11,辽宁,辽宁省实验中学
2011013246,11351057,庄晨帆,女,软件学院,软件11,福建,厦门双十中学
2011013247,11221067,阎裕康,男,软件学院,软件11,吉林,东北师大附属中学
2011013248,11411085,王需,男,软件学院,软件11,河南,上蔡县第一高级中学
2011013249,11421079,陈璐,女,软件学院,软件11,湖北,武汉市第二中学
2011013250,11431083,欧阳方昕,女,软件学院,软件11,湖南,怀化市三中
2011013251,11221068,吕婉琪,女,软件学院,软件11,吉林,东北师大附属中学
2011013252,11111206,王学成,男,软件学院,软件12,北京,北京市第八十中学
2011013253,11141060,程磊,男,软件学院,软件12,山西,山大附中
2011013254,11151037,方鑫,男,软件学院,软件12,内蒙古,乌兰浩特市一中
2011013255,11341065,宫大汉,男,软件学院,软件12,安徽,太和一中
2011013256,11351056,杨磊,男,软件学院,软件12,福建,龙岩一中
2011013257,11371076,曹晔,男,软件学院,软件12,山东,高密一中
2011013258,11431082,胡小强,男,软件学院,软件12,湖南,岳阳市一中
2011013259,11711014,邱泓钧,男,软件学院,软件12,台湾,蒋王中学
2011013260,11111009,洪宇,男,软件学院,软件12,北京,北京市第五中学
2011013261,11321023,王苎圻,男,软件学院,软件12,江苏,盐城中学
2011013262,11331018,汪至诚,男,软件学院,软件12,浙江,绍兴市第一中学
2011013263,11341008,刘申,男,软件学院,软件12,安徽,安庆一中
2011013264,11351006,黄怀毅,男,软件学院,软件12,福建,泉州第五中学
2011013265,11411009,闫家宝,男,软件学院,软件12,河南,开封市河大附中
2011013266,11421014,刘汝圣,男,软件学院,软件12,湖北,华中师范大学第一附属中学
2011013267,11141061,贾尚坤,男,软件学院,软件12,山西,山大附中
2011013268,11211081,宋艺博,男,软件学院,软件12,辽宁,葫芦岛市第一高级中学
2011013269,11231058,李洋,男,软件学院,软件12,黑龙江,佳木斯第一中学
2011013270,11361056,江林楠,男,软件学院,软件12,江西,婺源县天佑中学
2011013271,11121047,蔺可,女,软件学院,软件12,天津,一中
2011013272,11211082,王常旭,女,软件学院,软件12,辽宁,抚顺市第二高级中学
2011013273,11321091,王肖佑,女,软件学院,软件12,江苏,苏州外国语学校
2011013274,11321090,唐志伟,男,软件学院,软件12,江苏,江苏省靖江高级中学
2011013275,11371075,刘梦瑶,女,软件学院,软件12,山东,临朐一中
2011013276,11421077,段瑞琦,女,软件学院,软件12,湖北,武汉市第二中学
2011013277,11511075,陈鹏飞,男,软件学院,软件12,四川,成都市外国语学校
2011013278,11611071,马英伦,男,软件学院,软件12,陕西,西铁一中
2011013279,11631009,肖超玮,男,软件学院,软件12,青海,湟川中学
2011013280,11211117,丁一,男,软件学院,软件12,辽宁,辽宁省实验中学中外友好合作学校
2011030001,11111250,费凯伦,男,生命科学学院,生14,北京,北京师范大学第二附属中学
2011030002,11111248,徐天畅,女,生命科学学院,生14,北京,北京市第四中学
2011030003,11131078,计苏圆,女,生命科学学院,生14,河北,河北衡水中学
2011030004,11321106,潘异,女,生命科学学院,生14,江苏,江苏省姜堰中学
2011030005,11321102,高俊义,男,生命科学学院,生14,江苏,江苏省溧水高级中学
2011030006,11351067,曾大通,男,生命科学学院,生14,福建,惠安一中
2011030007,11371084,周云灿,女,生命科学学院,生14,山东,海阳市中英文学校
2011030008,11411118,王朝阳,男,生命科学学院,生14,河南,郑州一中
2011030009,11431092,戴好,女,生命科学学院,生14,湖南,益阳市第一中学
2011030010,11501045,王远玭,女,生命科学学院,生14,重庆,重庆市第一中学
2011030011,11501044,甘雨来,男,生命科学学院,生14,重庆,重庆市南开中学
2011030012,11511087,周小玉,女,生命科学学院,生14,四川,乐山一中
2011030013,11511084,朱杰,男,生命科学学院,生14,四川,自贡市蜀光中学
2011030014,11111253,宋予晴,女,生命科学学院,生14,北京,北京师范大学附属实验中学
2011030015,11111247,赵浩,女,生命科学学院,生14,北京,清华大学附属中学
2011030016,11111255,马嘉阳,女,生命科学学院,生14,北京,首都师范大学附属中学
2011030017,11121055,阎鹏光,男,生命科学学院,生14,天津,静海一中
2011030018,11321108,陈曼云,女,生命科学学院,生14,江苏,江苏省丹阳高级中学
2011030019,11331088,田啸,男,生命科学学院,生14,浙江,余杭高级中学
2011030020,11331090,张家康,男,生命科学学院,生14,浙江,杭州学军中学
2011030021,11331089,王瑶,女,生命科学学院,生14,浙江,浙江省衢州第二中学
2011030022,11421086,徐至研,女,生命科学学院,生14,湖北,大冶市第一中学
2011030023,11441088,王洛琳,女,生命科学学院,生14,广东,深圳市实验学校高中部
2011030024,11111245,李媛,女,生命科学学院,生15,北京,北京市第四中学
2011030025,11221075,孙雪松,男,生命科学学院,生15,吉林,长春市十一高中
2011030026,11321105,尹晶晶,女,生命科学学院,生15,江苏,江苏省淮阴中学
2011030027,11331091,石丽丹,女,生命科学学院,生15,浙江,浙江省诸暨中学
2011030028,11341074,桑铭辰,男,生命科学学院,生15,安徽,蚌埠市第二中学
2011030029,11351066,张凯希,男,生命科学学院,生15,福建,厦门双十中学
2011030030,11371083,荆凡辉,女,生命科学学院,生15,山东,莒县第二中学
2011030031,11421085,何琪,女,生命科学学院,生15,湖北,荆门市龙泉中学
2011030032,11431094,郭泽浩,男,生命科学学院,生15,湖南,长郡中学
2011030033,11441090,徐银燕,女,生命科学学院,生15,广东,佛山市第一中学
2011030034,11511089,高彬洋,女,生命科学学院,生15,四川,四川省绵阳中学
2011030035,11531025,崔健维,男,生命科学学院,生15,云南,云南师范大学附属中学
2011030036,11531023,赵梦芸,女,生命科学学院,生15,云南,云南师范大学附属中学
2011030037,11111251,解晓月,女,生命科学学院,生15,北京,北京师范大学附属实验中学
2011030038,11111249,朱熙杰,男,生命科学学院,生15,北京,北京师范大学第二附属中学
2011030039,11111242,于心怡,女,生命科学学院,生15,北京,中国人民大学附属中学
2011030040,11321107,虞凡,女,生命科学学院,生15,江苏,南京师范大学附属中学
2011030041,11131077,赵鹤,女,生命科学学院,生15,河北,河北辛集中学
2011030042,11321109,章放,男,生命科学学院,生15,江苏,江苏省沭阳高级中学
2011030043,11331086,朱恩伟,男,生命科学学院,生15,浙江,嘉善县高级中学
2011030044,11441089,周晴,女,生命科学学院,生15,广东,顺德国华纪念中学
2011030045,11501047,宋坤男,男,生命科学学院,生15,重庆,重庆市南开中学
2011030046,11511088,林蔚,女,生命科学学院,生15,四川,成都市第七中学
2011030047,11111254,惠敏,女,生命科学学院,生16,北京,中国人民大学附属中学培训中心
2011030048,11111252,孙思进,男,生命科学学院,生16,北京,北京市第一七一中学
2011030049,11111244,赵彧墨,女,生命科学学院,生16,北京,北京市东城区招生考试中心南区(
2011030050,11111243,卞弘飞,女,生命科学学院,生16,北京,北京市朝阳区劲松街道
2011030051,11321104,尹珺,女,生命科学学院,生16,江苏,江苏省淮阴中学
2011030052,11331087,朱心雨,女,生命科学学院,生16,浙江,乐清市乐成公立寄宿学校
2011030053,11371085,孙翰,男,生命科学学院,生16,山东,东营胜利第一中学
2011030054,11411117,赵瑞杰,女,生命科学学院,生16,河南,漯河高级中学
2011030055,11431093,朱慧伊,女,生命科学学院,生16,湖南,长郡中学
2011030056,11441087,廖颖,女,生命科学学院,生16,广东,梅州市梅县东山中学
2011030057,11511086,贺渝淼,女,生命科学学院,生16,四川,达州市一中
2011030058,11511085,谌佳琪,男,生命科学学院,生16,四川,资阳中学
2011030059,11531026,徐昊鹏,男,生命科学学院,生16,云南,云南师范大学附属中学
2011030060,11531024,杨曦玥,女,生命科学学院,生16,云南,云县第一中学
2011030061,11221074,王欣,女,生命科学学院,生16,吉林,辽源市第五中学
2011030062,11351065,江南,女,生命科学学院,生16,福建,莆田一中
2011030063,11111246,田伊,女,生命科学学院,生16,北京,中国人民大学附属中学
2011030064,11311055,朱诚,男,生命科学学院,生16,上海,上海南汇中学
2011030065,11321103,唐思,男,生命科学学院,生16,江苏,江苏省盐城中学
2011030066,11331092,王狄梁,男,生命科学学院,生16,浙江,绍兴县柯桥中学
2011030067,11341073,吴云鹏,男,生命科学学院,生16,安徽,黄山市屯溪一中
2011030068,11431091,尹韬,男,生命科学学院,生16,湖南,长沙市南雅中学
2011030069,11501046,康爽,女,生命科学学院,生16,重庆,重庆市巴蜀中学
2011040001,11121074,张竹安,女,建筑系,建12,天津,天津市耀华中学
2011040002,11340009,邵玥,女,建筑系,建12,安徽,安徽省宿城第一中学
2011040003,11210014,王赢,女,建筑系,建13,辽宁,辽宁省实验中学
2011040004,11431126,杨倩,女,建筑系,建13,湖南,同升湖实验学校
2011040005,11510003,诸宇歌,女,建筑系,建13,四川,成都外国语学校
2011040006,11221096,李俊男,男,电子工程系,无14,吉林,东北师大附中
2011040007,11311111,孔慈航,女,电子工程系,无19,上海,上海中学
2011040008,11501060,韩文博,男,数学科学系,数12,重庆,重庆南开中学
2011040009,11111326,孙晓宇,男,经济管理学院,经13,北京,北京市第十二中学
2011040010,11111325,马思佳,女,经济管理学院,经13,北京,北京汇文中学
2011040011,11141086,张子昱,女,经济管理学院,经14,山西,陕西省西安中学
2011040012,11221097,何卓人,男,经济管理学院,经14,吉林,东北师范大学附属中学
2011040013,11421121,李健,女,经济管理学院,经14,湖北,武汉外国语学校
2011040014,11440013,汤洁俊,女,经济管理学院,经14,广东,珠海市第一中学
2011040015,11231086,宿可,女,经济管理学院,经15,黑龙江,大庆市铁人中学
2011040016,11421120,田园,女,经济管理学院,经15,湖北,武汉外国语学校
2011040017,11141087,田静怡,女,经济管理学院,经16,山西,西北工业大学附属中学
2011040018,11221098,邹玥,女,经济管理学院,经16,吉林,东北师范大学附属中学
2011040019,11111324,严肖依,女,经济管理学院,经12,北京,首都师范大学附属中学
2011040020,11340008,丁洁,女,经济管理学院,经12,安徽,安徽省淮北市第一中学
2011040021,11440012,张婧潇,女,经济管理学院,经12,广东,广州市执信中学
2011040022,11450001,朱艺琳,女,经济管理学院,经12,广西,广西师范大学附属外国语学
2011040023,11440011,劉俊宇,女,法学院,法12,广东,廣東省佛山市第一中學