名次,考号,姓名,性别,初中学校,录取高中,计划形式,文化成绩
1,31105407,李璐,女,一中,一中,统招,663
2,31100609,刘禹驰,男,三十六中,铁人中学,统招,657
3,31114714,关天下,女,一中,一中,统招,656
4,61102621,崔潇,女,五十一中,实验中学,统招,655
5,21107430,魏征,男,十三中,实验中学,统招,654
5,61101919,姜冰,女,五十一中,实验中学,统招,654
7,31100614,王亦然,女,一中,一中,统招,652
8,31102715,狄昊,男,十四中,铁人中学,统招,650
9,31101122,迟妍玮,女,三十六中,铁人中学,统招,649
9,61104917,黄鹤,女,六十一中,铁人中学,统招,649
11,31110424,李璇,女,一中,一中,统招,648
11,21104303,李梦然,女,六十九中,实验中学,统招,648
13,31109302,刘佳茜,女,一中,一中,统招,647
13,21105520,刘景睿,男,六十九中,实验中学,统招,647
13,21104913,王洛奇,男,六十九中,铁人中学,统招,647
16,31101309,张洪谋,男,一中,一中,统招,646
16,31106822,孙勇,男,三十六中,铁人中学,统招,646
16,31108430,丁甍,女,景园中学,铁人中学,统招,646
16,41101510,王孟阳,男,六十五中,铁人中学,统招,646
16,61100804,王锐,女,十九中学,铁人中学,统招,646
21,31100816,刘安东,男,一中,一中,统招,645
21,31102712,孙默,女,一中,一中,统招,645
21,21100126,吴迪,男,五十五中,实验中学,统招,645
21,41101004,苑仁峰,女,四十二中,实验中学,统招,645
21,61105523,范思旭,男,五十一中,实验中学,统招,645
21,31106214,付磊,男,四十六中,铁人中学,统招,645
27,31106007,杜宇寰,男,一中,一中,统招,644
27,31114105,薛丽,女,一中,一中,统招,644
27,91100101,鲍慊,女,杜蒙初中,一中,统招,644
27,61105619,麻钰,女,五十一中,实验中学,统招,644
27,41104816,姜含宇,男,十六中,铁人中学,统招,644
32,31108802,夏梦宇,女,一中,一中,统招,643
32,21106304,韦凌潇,男,六十九中,实验中学,统招,643
32,21107201,高原,男,六十九中,实验中学,统招,643
32,21107418,周思齐,女,四十四中,实验中学,统招,643
32,21107429,张玮珊,女,五十五中,实验中学,统招,643
32,31105607,石月,女,一中,实验中学,统招,643
32,21107701,刘赫男,男,八中,铁人中学,统招,643
32,31111313,王立言,男,三十六中,铁人中学,统招,643
40,31107609,王金鑫,男,一中,一中,统招,642
40,31108207,蒋莉,女,一中,一中,统招,642
40,21101017,崔敬一,女,六十九中,实验中学,统招,642
40,61105225,赵扬,男,六十一中,实验中学,统招,642
40,61103926,李美娇,女,十九中学,铁人中学,统招,642
45,31113318,张琳,女,一中,一中,统招,641
45,21100210,王天吉,男,六十九中,实验中学,统招,641
45,21101416,徐宁,男,十三中,实验中学,统招,641
45,21104628,张巳龙,男,六十九中,实验中学,统招,641
45,21107422,王皓沿,男,六十九中,实验中学,统招,641
45,41105611,邵迪,男,四十二中,实验中学,统招,641
45,31114129,刘松宇,男,三十六中,铁人中学,统招,641
52,31109615,段研頔,男,一中,一中,统招,640
52,21103529,刘喆倩,女,八中,实验中学,统招,640
52,41101023,赵阳洋,女,二十七中,实验中学,统招,640
52,61104027,刘小诗,女,五十一中,实验中学,统招,640
52,91100118,朱剑楠,男,杜蒙初中,实验中学,统招,640
52,21103921,刘洋,男,四十中,铁人中学,统招,640
52,31107522,杨帆,女,二十四中,铁人中学,统招,640
52,41100219,马天宇,女,四十二中,铁人中学,统招,640
52,61100503,张睿,男,十九中学,铁人中学,统招,640
61,31101702,王惠西,女,一中,一中,统招,639
61,31102909,张亦楠,女,一中,一中,统招,639
61,31106002,胡洁琼,女,一中,一中,统招,639
61,31102518,王浩宇,男,一中,中学,统招,639
61,21107602,曲嘉宝,女,六十九中,实验中学,统招,639
61,31104310,赵士强,男,一中,实验中学,统招,639
61,31104517,刘凤娇,女,一中,实验中学,统招,639
61,01100410,张智源,男,林甸初中,铁人中学,统招,639
61,31105228,毕野,男,四十六中,铁人中学,统招,639
61,31108329,鹿昊,男,十四中,铁人中学,统招,639
61,61101025,于航,女,五十一中,铁人中学,统招,639
61,61104805,郑秀明,男,五十一中,铁人中学,统招,639
73,31102426,曹琪,女,一中,一中,统招,638
73,31107918,刘世勋,男,一中,一中,统招,638
73,31108717,曹沂,女,一中,一中,统招,638
73,31108812,顾超一,女,一中,一中,统招,638
73,21100201,许莹莹,女,六十九中,实验中学,统招,638
73,21102711,李铭洋,女,六十九中,实验中学,统招,638
73,21103322,赵海洋,女,六十九中,实验中学,统招,638
73,21104329,王洋,男,六十九中,实验中学,统招,638
73,31106606,张执慧,女,景园中学,实验中学,统招,638
73,41100706,曲晗,女,四十二中,实验中学,统招,638
73,61100129,许晶,女,六十一中,实验中学,统招,638
73,61100805,王帅,男,五十一中,实验中学,统招,638
73,21106326,方悦,女,六十九中,铁人中学,统招,638
73,31105304,杨翘楚,男,三十六中,铁人中学,统招,638
73,31113326,季林,女,五十八中,铁人中学,统招,638
73,61102307,郑妍,女,五十一中,铁人中学,统招,638
89,31102124,王筱添,女,一中,一中,统招,637
89,31104428,任帅,男,一中,一中,统招,637
89,31106017,张宁宇,女,一中,一中,统招,637
89,21107017,吕文菁,女,五十五中,实验中学,统招,637
89,31103416,张安琪,女,一中,实验中学,统招,637
89,31104803,朱琳,女,景园中学,实验中学,统招,637
89,31105623,肖聪,男,一中,实验中学,统招,637
89,31104615,刘梦园,女,四十六中,铁人中学,统招,637
89,31106113,张梦然,男,二十五中,铁人中学,统招,637
89,61101429,朱丹,女,五十七中,铁人中学,统招,637
89,61105603,王悦,女,五十一中,铁人中学,统招,637
100,31103918,唐建超,男,一中,一中,统招,636
100,31108311,赵志锟,男,一中,一中,统招,636
100,31108920,潘哲,女,一中,一中,统招,636
100,21103310,万泉,男,六十九中,实验中学,统招,636
100,21106729,刘一茗,女,六十九中,实验中学,统招,636
100,31102901,梁骁,男,一中,实验中学,统招,636
100,31106105,郭雨微,女,景园中学,实验中学,统招,636
100,31109625,刘畅,女,一中,实验中学,统招,636
100,31110421,辛莅祚,女,三十六中,实验中学,统招,636
100,61101211,郑舒婷,女,六十一中,实验中学,统招,636
100,21107613,魏祎,女,八中,铁人中学,统招,636
100,31104304,赵妍,女,三十六中,铁人中学,统招,636
100,31107106,孙悦,女,二十八中,铁人中学,统招,636
100,31111005,宋木,女,景园中学,铁人中学,统招,636
100,31113306,洪旭,女,二十五中,铁人中学,统招,636
100,41100111,韩静,女,四十二中,铁人中学,统招,636
116,31110129,孟月,女,一中,一中,统招,635
116,31111325,乔宏薇,女,一中,一中,统招,635
116,21102204,卢湦,女,六十九中,实验中学,统招,635
116,21104511,钱鑫,男,六十九中,实验中学,统招,635
116,31103313,尹伊,女,一中,实验中学,统招,635
116,31104524,王博,男,一中,实验中学,统招,635
116,61100727,张莹,女,五十一中,实验中学,统招,635
116,61102219,吴桐,女,五十一中,实验中学,统招,635
116,31100412,王雪松,女,三十六中,铁人中学,统招,635
116,41101418,高睿,女,十六中,铁人中学,统招,635
116,41105327,马枭,男,四十二中,铁人中学,统招,635
116,41105405,脱淞元,男,四十二中,铁人中学,统招,635
116,41105722,马跃,女,十七中,铁人中学,统招,635
116,61104601,杜松瑶,女,六十一中,铁人中学,统招,635
130,31102614,陈川,女,一中,一中,统招,634
130,31105923,赵中义,男,一中,一中,统招,634
130,31109306,宫志佳,女,十四中,一中,统招,634
130,31113817,梁轶,男,一中,一中,统招,634
130,21102211,吕顺,女,六十九中,实验中学,统招,634
130,21105325,刘文佳,男,八中,实验中学,统招,634
130,21105724,刘畅,女,六十九中,实验中学,统招,634
130,31103518,于梦尧,女,一中,实验中学,统招,634
130,51100913,黄小哲,女,三十二中,实验中学,统招,634
130,31107211,李婧,女,二十五中,铁人中学,统招,634
130,31108702,马悦,女,三十六中,铁人中学,统招,634
130,31111710,陈光,男,五十八中,铁人中学,统招,634
142,31104011,孙楠,女,一中,一中,统招,633
142,31111926,符迪,男,一中,一中,统招,633
142,31112801,郭天琪,男,一中,一中,统招,633
142,61101006,戴思远,女,五十一中,四中,统招,633
142,61103029,张悦,女,六十一中,四中,统招,633
142,21109413,于光锐,男,六十九中,实验中学,统招,633
142,31102330,刘开洋,男,一中,实验中学,统招,633
142,31109510,王新格,女,一中,实验中学,统招,633
142,31114919,柳慧泉,男,五十八中,实验中学,统招,633
142,31115205,王传龙,男,二十八中,实验中学,统招,633
142,61104921,赵祎含,男,六十一中,实验中学,统招,633
142,31101430,焦龙,男,四十六中,铁人中学,统招,633
142,31107904,李金迪,女,三十六中,铁人中学,统招,633
142,31108118,陈华伟,男,二十五中,铁人中学,统招,633
142,31110523,朴文翰,男,一中,铁人中学,统招,633
142,31110524,刘万清,男,十四中,铁人中学,统招,633
142,31111315,吴昊天,男,三十六中,铁人中学,统招,633
142,31111728,冀朝旭,男,三十六中,铁人中学,统招,633
142,61100724,聂森,男,五十一中,铁人中学,统招,633
142,91100107,张明睿,男,杜蒙初中,铁人中学,统招,633
162,31107621,郭洋,女,一中,一中,统招,632
162,31110511,王若伊,男,一中,一中,统招,632
162,21103114,姜姗,女,四十四中,实验中学,统招,632
162,21107105,马英强,男,六十九中,实验中学,统招,632
162,21108625,马啸,女,祥阁学校,实验中学,统招,632
162,51100421,朱丹墨,女,三十七中,实验中学,统招,632
162,61104413,关昭,女,五十一中,实验中学,统招,632
162,31106213,赵世功,男,景园中学,铁人中学,统招,632
162,31107024,姜世鑫,男,三十中,铁人中学,统招,632
162,31109730,刘婧,女,三十六中,铁人中学,统招,632
162,31112918,薛靓,女,二十四中,铁人中学,统招,632
162,31113407,陆原鹏,男,三十六中,铁人中学,统招,632
162,41102629,宛明哲,女,四十二中,铁人中学,统招,632
162,61102916,于珊,女,五十一中,铁人中学,统招,632
176,61101013,栾翔宇,男,三十一中,四中,统招,631
176,21102005,张朔,男,六十九中,实验中学,统招,631
176,31103906,程宇微,女,景园中学,实验中学,统招,631
176,31104730,宋芃,男,一中,实验中学,统招,631
176,21105730,潘玉龙,男,八中,铁人中学,统招,631
176,21108606,胡潇,男,四十中,铁人中学,统招,631
176,31101704,艾萌,女,一中,铁人中学,统招,631
176,31104620,王迪,男,二十四中,铁人中学,统招,631
176,31111401,张琳,女,三十六中,铁人中学,统招,631
176,31114822,郭琳,女,二十八中,铁人中学,统招,631
176,41100303,隋文健,男,四十二中,铁人中学,统招,631
176,41100405,李谡,男,四十二中,铁人中学,统招,631
176,41103508,李宇华,男,四十二中,铁人中学,统招,631
189,31101427,秦源,女,一中,一中,统招,630
189,31101710,史英男,女,一中,一中,统招,630
189,31111427,张婕妤,女,一中,一中,统招,630
189,31113205,牛雨军,男,一中,一中,统招,630
189,31115211,张晨,女,一中,一中,统招,630
189,31114522,张人戈,男,三十六中,中学,统招,630
189,21100710,陈娜,女,二十三中,实验中学,统招,630
189,21101512,李旭妍,女,六十九中,实验中学,统招,630
189,21103229,邱哲人,男,六十九中,实验中学,统招,630
189,21104004,唐滨琪,男,六十九中,实验中学,统招,630
189,21104613,姜博曦,男,六十九中,实验中学,统招,630
189,21105330,李源,男,六十九中,实验中学,统招,630
189,21105717,赵迪,女,五十五中,实验中学,统招,630
189,21106130,张兆鑫,男,四十四中,实验中学,统招,630
189,21107209,宋劲冲,男,五十五中,实验中学,统招,630
189,21108307,王继伟,男,六十九中,实验中学,统招,630
189,21109222,相楠,女,六十九中,实验中学,统招,630
189,31108626,王馨伟,女,一中,实验中学,统招,630
189,51102607,于海良,男,三十三中,实验中学,统招,630
189,21109414,孙春书,女,八中,铁人中学,统招,630
189,31101104,李鹏程,男,三十六中,铁人中学,统招,630
189,31101405,胡寅龙,男,三十六中,铁人中学,统招,630
189,31102907,李传锐,男,一中,铁人中学,统招,630
189,31109314,孙源,女,二十四中,铁人中学,统招,630
189,31111511,张鑫,男,三十六中,铁人中学,统招,630
189,31115227,李春昱,女,十四中,铁人中学,统招,630
189,31115426,吴阚,女,三十六中,铁人中学,统招,630
189,51101701,李昊,女,五十六中,铁人中学,统招,630
189,61100928,于傲雪,女,十九中学,铁人中学,统招,630
189,61104320,郭磊,男,五十七中,铁人中学,统招,630
189,61105601,谷乐,女,六十一中,铁人中学,统招,630
220,31102216,权文琪,女,一中,一中,统招,629
220,31104103,王宇,女,一中,一中,统招,629
220,21103002,李鹏,男,八中,实验中学,统招,629
220,21104811,刘超,男,六十九中,实验中学,统招,629
220,21105526,曹喻,女,六十九中,实验中学,统招,629
220,21109410,闫志,男,六十九中,实验中学,统招,629
220,31109206,王舒,女,一中,实验中学,统招,629
220,61104415,李晗,女,五十一中,实验中学,统招,629
220,71100102,徐尚,女,肇州初中,实验中学,统招,629
220,91100123,王宇,女,杜蒙初中,实验中学,统招,629
220,31100419,於鑫,女,二十四中,铁人中学,统招,629
220,31102604,高晗,女,一中,铁人中学,统招,629
220,31108913,赵晨旭,女,三十六中,铁人中学,统招,629
220,31115707,沈茜雯,女,四十六中,铁人中学,统招,629
220,41103226,李岩,男,四十二中,铁人中学,统招,629
220,61101016,陈茁,女,五十七中,铁人中学,统招,629
220,61101309,程碧松,女,五十一中,铁人中学,统招,629
237,31106706,祖峤,女,一中,一中,统招,628
237,31108007,冯聪,男,一中,一中,统招,628
237,21103613,张赢,女,六十九中,实验中学,统招,628
237,21106226,吴晓楠,女,六十九中,实验中学,统招,628
237,31113004,唐宇,男,十四中,实验中学,统招,628
237,31100525,于向南,女,二十四中,铁人中学,统招,628
237,31106010,武佳文,男,三十六中,铁人中学,统招,628
237,31112813,戴飞,女,三中,铁人中学,统招,628
237,31115021,刘畅,女,三十六中,铁人中学,统招,628
237,41102023,衡畅,男,四十二中,铁人中学,统招,628
237,41104601,李琪,男,四十二中,铁人中学,统招,628
248,31101402,王为,女,一中,一中,统招,627
248,31104117,顾超,男,一中,一中,统招,627
248,31112316,马天骁,女,一中,一中,统招,627
248,31100715,蔡昊,男,三十六中,中学,统招,627
248,21101925,王蔚,男,六十九中,实验中学,统招,627
248,21103318,陈晴,女,五十五中,实验中学,统招,627
248,21104222,张婷婷,女,六十九中,实验中学,统招,627
248,21104406,杨亚勋,女,十三中,实验中学,统招,627
248,21106028,王绍程,男,四十四中,实验中学,统招,627
248,21107020,魏玉爽,女,六十九中,实验中学,统招,627
248,21107406,周莹,女,六十九中,实验中学,统招,627
248,21108225,王哲,女,五十五中,实验中学,统招,627
248,41101506,吴超,女,杏树岗中,实验中学,统招,627
248,41105906,李莹,女,六十五中,实验中学,统招,627
248,61100301,王爽心,女,四十三中,实验中学,统招,627
248,61102007,陈研硕,男,四十三中,实验中学,统招,627
248,61102921,孔繁玺,男,四十三中,实验中学,统招,627
248,61104625,宋仁杰,男,十九中学,实验中学,统招,627
248,21106815,王帆,男,十三中,铁人中学,统招,627
248,21107608,方浩,男,四十中,铁人中学,统招,627
248,31101923,赵安琪,女,一中,铁人中学,统招,627
248,31109219,田鑫,男,二十八中,铁人中学,统招,627
248,31110515,滕筱璠,女,五十八中,铁人中学,统招,627
248,61106021,刘婧雅,女,六十一中,铁人中学,统招,627
272,31101714,李海旭,男,一中,一中,统招,626
272,31102204,秦旗,女,一中,一中,统招,626
272,31102228,苏飞帆,女,一中,一中,统招,626
272,31105418,刘静,女,一中,一中,统招,626
272,31113622,张丽娜,女,三十中,一中,统招,626
272,61103908,王璐,女,三十一中,四中,统招,626
272,31102723,刘思维,女,三十中,实验中学,统招,626
272,61103110,姜辰,女,六十一中,实验中学,统招,626
272,61103204,李越,女,四十九中,实验中学,统招,626
272,21108822,闫树堃,男,二十三中,铁人中学,统招,626
272,31103006,崔振兴,男,一中,铁人中学,统招,626
272,31110912,刘硕,女,一中,铁人中学,统招,626
272,31113002,张建勋,男,三十六中,铁人中学,统招,626
272,31114011,刘仲茜,女,四十六中,铁人中学,统招,626
272,41102005,葛婧瑜,女,六十五中,铁人中学,统招,626
272,61102523,孙宪明,女,三十一中,铁人中学,统招,626
272,61104310,吕洋,女,六十一中,铁人中学,统招,626
272,61105317,黄之燊,男,十九中学,铁人中学,统招,626
272,81100107,赵得伟,男,肇源初中,铁人中学,统招,626
291,31100717,王羽,男,一中,一中,统招,625
291,31101917,周卫群,男,一中,一中,统招,625
291,31102710,杨赫,男,一中,一中,统招,625
291,31106609,李朋翰,男,一中,一中,统招,625
291,31108907,王晶,女,一中,一中,统招,625
291,31113925,张晨,女,一中,一中,统招,625
291,31114321,曹明阳,男,一中,一中,统招,625
291,31114821,种敏琪,男,一中,一中,统招,625
291,31103612,姜瀚,男,三十六中,中学,统招,625
291,31106317,王浩羽,男,三十六中,中学,统招,625
291,61105517,李岩,女,龙镇一中,四中,统招,625
291,21100928,刘姚,男,四十四中,实验中学,统招,625
291,21102926,应頔,女,二十三中,实验中学,统招,625
291,21103919,陈楠,女,六十九中,实验中学,统招,625
291,21108920,金碧,女,东三初中,实验中学,统招,625
291,31103315,张泽宇,男,一中,实验中学,统招,625
291,31105606,李孟姣,女,二十八中,实验中学,统招,625
291,31107328,姜杉,女,二十八中,实验中学,统招,625
291,31111419,程思杰,女,喇镇中学,实验中学,统招,625
291,31111705,朱璇,女,三十六中,实验中学,统招,625
291,41100218,陈灵,女,十六中,实验中学,统招,625
291,41100718,乔千芳,女,四十二中,实验中学,统招,625
291,41100906,赵雪,女,四十二中,实验中学,统招,625
291,41104006,赵疆江,男,四十二中,实验中学,统招,625
291,61101913,谭悦祎,女,十九中学,实验中学,统招,625
291,61102518,孟宪熙,男,五十一中,实验中学,统招,625
291,61102812,冯源,男,五十一中,实验中学,统招,625
291,61104717,田明佳,女,五十一中,实验中学,统招,625
291,61104719,李龙鸣,男,四十三中,实验中学,统招,625
291,31104206,季奇,女,五十八中,铁人中学,统招,625
291,31108112,曹育铭,男,三十六中,铁人中学,统招,625
291,31108209,隋昊,男,十四中,铁人中学,统招,625
291,31109614,姜增哲,男,四十六中,铁人中学,统招,625
291,31114427,王超群,男,一中,铁人中学,统招,625
291,41104407,王庆龙,男,四十二中,铁人中学,统招,625
291,61101917,宫健峰,男,五十一中,铁人中学,统招,625
291,61102130,于鑫垚,男,十九中学,铁人中学,统招,625
291,61103813,宫婉璐,女,五十一中,铁人中学,统招,625
329,31100402,李岩松,男,一中,一中,统招,624
329,31102622,运超,男,一中,一中,统招,624
329,31103130,徐鸿博,男,一中,一中,统招,624
329,31106019,于加睿,男,一中,一中,统招,624
329,31107512,吕秀娟,女,一中,一中,统招,624
329,01100221,刘泽宇,男,林甸初中,实验中学,统招,624
329,21101126,徐哲,男,六十九中,实验中学,统招,624
329,21103601,邵森,男,六十九中,实验中学,统招,624
329,21104207,兰丛博,女,四十四中,实验中学,统招,624
329,31104018,刘昊,男,二十八中,实验中学,统招,624
329,31113909,陈莹,女,二十八中,实验中学,统招,624
329,31115611,焦旭光,男,二十五中,实验中学,统招,624
329,41104020,王晶楠,男,五十二中,实验中学,统招,624
329,61101320,王梦瑶,女,五十七中,实验中学,统招,624
329,61106108,刘翯,女,六十一中,实验中学,统招,624
329,31101111,曹玉伟,男,一中,铁人中学,统招,624
329,31101305,李鹤,男,三十六中,铁人中学,统招,624
329,31101815,段聿舟,女,十四中,铁人中学,统招,624
329,31112003,齐闻,男,六十四中,铁人中学,统招,624
329,31112215,师喆,女,二十五中,铁人中学,统招,624
329,31112629,李冶方,男,四十六中,铁人中学,统招,624
329,41103102,覃黎曼,女,十六中,铁人中学,统招,624
329,41104214,马天骄,女,四十二中,铁人中学,统招,624
329,61101206,纪鹰昊,男,五十一中,铁人中学,统招,624
329,61102929,王京,女,五十一中,铁人中学,统招,624
354,31101728,于燕池,女,一中,一中,统招,623
354,31106308,张畅,女,一中,一中,统招,623
354,41102303,朱旭,女,十中,一中,统招,623
354,21101204,姜会欣,女,六十九中,实验中学,统招,623
354,21103415,范碧云,女,六十六中,实验中学,统招,623
354,21104726,张月,女,六十九中,实验中学,统招,623
354,21105118,郭帅,男,四十四中,实验中学,统招,623
354,21106323,卢薇,女,六十九中,实验中学,统招,623
354,21106710,李慧川,女,六十九中,实验中学,统招,623
354,31107003,吕箫,女,一中,实验中学,统招,623
354,31108417,王黎,女,一中,实验中学,统招,623
354,31113116,张铃珠,女,三十六中,实验中学,统招,623
354,61100122,郑鹏飞,男,五十一中,实验中学,统招,623
354,01100314,李若昕,男,林甸初中,铁人中学,统招,623
354,31105012,侯博文,女,十四中,铁人中学,统招,623
354,31107324,王璐,女,三十中,铁人中学,统招,623
354,31108519,李楠,男,十四中,铁人中学,统招,623
354,31110012,朱梦元,女,景园中学,铁人中学,统招,623
354,31112305,王鑫,男,景园中学,铁人中学,统招,623
354,31112906,韩东博,男,一中,铁人中学,统招,623
354,31113429,王月明,女,四十六中,铁人中学,统招,623
354,41100412,赵浩宇,女,四十二中,铁人中学,统招,623
354,41102322,高扬,男,四十二中,铁人中学,统招,623
354,41105629,邢悦,女,十中,铁人中学,统招,623
354,61100228,刘倩竹,女,五十一中,铁人中学,统招,623
354,61102905,王楠竹,女,五十一中,铁人中学,统招,623
354,61105719,安诗玉,女,五十一中,铁人中学,统招,623
381,31101808,顾舒然,男,一中,一中,统招,622
381,31105515,李秋稷,男,一中,一中,统招,622
381,61102123,韩旭,男,五十七中,四中,统招,622
381,21101802,赵越,女,十三中,实验中学,统招,622
381,21101819,张畅,男,六十九中,实验中学,统招,622
381,21103822,伊曼璐,女,六十九中,实验中学,统招,622
381,21104027,石格菲,女,六十九中,实验中学,统招,622
381,21106215,单松,男,十三中,实验中学,统招,622
381,21106509,姚文宇,男,六十九中,实验中学,统招,622
381,21107109,武发明,男,六十九中,实验中学,统招,622
381,31107507,沈泽坤,女,一中,实验中学,统招,622
381,31108427,刘鑫,女,一中,实验中学,统招,622
381,31111328,邵轶群,女,一中,实验中学,统招,622
381,41101907,姜骁楠,女,四十七中,实验中学,统招,622
381,21108522,许立三,男,二十一中,铁人中学,统招,622
381,31100418,苏秋硕,女,三十六中,铁人中学,统招,622
381,31105507,陈中慧,女,四十六中,铁人中学,统招,622
381,31106125,任航,男,三十六中,铁人中学,统招,622
381,31115115,张诗敏,女,四十六中,铁人中学,统招,622
381,41105512,郇滢,女,十六中,铁人中学,统招,622
381,61101230,张睿,女,十九中学,铁人中学,统招,622
381,61101417,张云龙,男,五十一中,铁人中学,统招,622
381,61102501,丁一铭,男,五十七中,铁人中学,统招,622
381,61102904,曾瑶,女,五十七中,铁人中学,统招,622
381,61104803,林旭光,男,十九中学,铁人中学,统招,622
381,61104910,那连强,男,五十一中,铁人中学,统招,622
407,31102224,张龙天,男,一中,一中,统招,621
407,31107624,沈琳,女,一中,一中,统招,621
407,31109605,杜航,男,一中,一中,统招,621
407,31110908,牛江男,男,一中,一中,统招,621
407,21100419,张一鸣,男,五十五中,东风中学,统招,621
407,61100319,李松谕,女,十九中学,东风中学,统招,621
407,31103015,黄久锐,男,三十六中,中学,统招,621
407,01100323,孙超,男,林甸初中,实验中学,统招,621
407,01100327,张奇夫,男,林甸初中,实验中学,统招,621
407,21102907,姚金南,女,十三中,实验中学,统招,621
407,21106704,梁雨微,女,六十九中,实验中学,统招,621
407,21107607,贺明珠,女,六十九中,实验中学,统招,621
407,21107609,屠先明,女,六十九中,实验中学,统招,621
407,21109423,王婉琳,女,六十九中,实验中学,统招,621
407,61101408,侯迪,女,五十七中,实验中学,统招,621
407,61102006,王喆,男,十九中学,实验中学,统招,621
407,61103915,汪宁,女,十九中学,实验中学,统招,621
407,61105126,东阳,男,五十一中,实验中学,统招,621
407,81100106,史月,男,肇源初中,实验中学,统招,621
407,91100103,程然,女,杜蒙初中,实验中学,统招,621
407,91100105,卞旭,女,杜蒙初中,实验中学,统招,621
407,91100125,杨欢,女,杜蒙初中,实验中学,统招,621
407,21100526,严禹明,男,五十五中,铁人中学,统招,621
407,21109406,李冰洋,男,四十中,铁人中学,统招,621
407,31103414,朱岩,男,二十五中,铁人中学,统招,621
407,31103802,马跃,女,四十六中,铁人中学,统招,621
407,31104513,田金鑫,女,六十四中,铁人中学,统招,621
407,31113126,杜景醒,男,十四中,铁人中学,统招,621
407,31113222,龙隆,女,三十六中,铁人中学,统招,621
407,31115129,李笑宇,男,三十中,铁人中学,统招,621
407,41101720,潘丁一,女,四十二中,铁人中学,统招,621
407,61101423,康龙,男,五十一中,铁人中学,统招,621
407,61103706,张想,男,五十一中,铁人中学,统招,621
407,61104305,宣文静,女,五十一中,铁人中学,统招,621
407,61105004,孙宇,男,六十一中,铁人中学,统招,621
442,31100621,张斌弛,女,一中,一中,统招,620
442,31101322,任聪,男,一中,一中,统招,620
442,31113910,高峰,男,一中,一中,统招,620
442,31101015,孙宇,女,三十六中,中学,统招,620
442,31109317,许富强,男,三十六中,中学,统招,620
442,21102318,徐若曦,女,六十九中,实验中学,统招,620
442,21103406,高见,男,十三中,实验中学,统招,620
442,21103710,郭睿,女,四十四中,实验中学,统招,620
442,21103717,夏思阳,男,六十九中,实验中学,统招,620
442,21104228,冯崧祥,男,六十九中,实验中学,统招,620
442,21104230,王天舒,男,五十五中,实验中学,统招,620
442,21105317,杨雪冰,女,六十九中,实验中学,统招,620
442,21105925,刘昶,男,五十五中,实验中学,统招,620
442,21106006,梁兆玉,男,二十三中,实验中学,统招,620
442,21109014,吕毅,女,十三中,实验中学,统招,620
442,31106029,许万超,男,一中,实验中学,统招,620
442,31107913,徐云龙,男,二十八中,实验中学,统招,620
442,41101817,叶超,男,四十七中,实验中学,统招,620
442,51102321,张晨晨,女,三十七中,实验中学,统招,620
442,51103503,侯锐,女,三十七中,实验中学,统招,620
442,61102020,王樱录,女,五十一中,实验中学,统招,620
442,61104828,连漪,女,六十一中,实验中学,统招,620
442,61105613,刘子滔,男,六十一中,实验中学,统招,620
442,21106728,刘龙,男,二十三中,铁人中学,统招,620
442,21108003,孙梦婷,女,十三中,铁人中学,统招,620
442,21108409,张蕾,女,四十中,铁人中学,统招,620
442,31103203,张竞豪,男,二十四中,铁人中学,统招,620
442,31103511,董哲,女,景园中学,铁人中学,统招,620
442,31106004,刘扬,男,四十六中,铁人中学,统招,620
442,31107526,苏旭,男,三十六中,铁人中学,统招,620
442,31112016,董一,女,二十四中,铁人中学,统招,620
442,31113826,宁宇婧,女,二十八中,铁人中学,统招,620
442,31114706,马无缰,男,景园中学,铁人中学,统招,620
442,51100621,贾博文,男,新华中学,铁人中学,统招,620
442,61100515,范长白,男,六十一中,铁人中学,统招,620
442,61102608,陈曦,男,五十一中,铁人中学,统招,620
442,61105414,梁梦蕾,女,六十一中,铁人中学,统招,620
442,61105919,宋沅孟,女,五十一中,铁人中学,统招,620
480,31102016,兰海龙,男,一中,一中,统招,619
480,31104301,邢宇航,男,一中,一中,统招,619
480,31105811,陈希,男,一中,一中,统招,619
480,31104223,谢萌,女,三十六中,中学,统招,619
480,31108923,韩飞,女,三十六中,中学,统招,619
480,01100412,李艳燕,女,林甸初中,实验中学,统招,619
480,21101901,刘明曈,女,六十九中,实验中学,统招,619
480,21101928,王欢,女,六十九中,实验中学,统招,619
480,21103122,顾啸辰,男,八中,实验中学,统招,619
480,21104011,鞠阳,男,二十三中,实验中学,统招,619
480,21105508,陈凤娇,女,六十九中,实验中学,统招,619
480,21107715,陶立峰,男,六十九中,实验中学,统招,619
480,21109117,邢思宇,女,四十中,实验中学,统招,619
480,31112411,雷懿夫,男,三十六中,实验中学,统招,619
480,41103704,韩沛辰,男,二十七中,实验中学,统招,619
480,41104629,张天一,男,四十二中,实验中学,统招,619
480,61104810,倪红,女,五十一中,实验中学,统招,619
480,61105020,苏靖淞,男,五十七中,实验中学,统招,619
480,71100103,闫松麒,男,肇州初中,实验中学,统招,619
480,21102702,刘胜楠,女,四十一中,铁人中学,统招,619
480,21105511,李博,女,五十五中,铁人中学,统招,619
480,31104427,唐旭,男,三十六中,铁人中学,统招,619
480,31106419,雷月,女,五十八中,铁人中学,统招,619
480,31108130,王基辰,女,十四中,铁人中学,统招,619
480,31109122,何平,男,二十二中,铁人中学,统招,619
480,31110107,黄鑫,男,景园中学,铁人中学,统招,619
480,31112216,李昂,女,十四中,铁人中学,统招,619
480,31113915,刘焱泽,女,四十六中,铁人中学,统招,619
480,31115507,赵丹阳,男,三十六中,铁人中学,统招,619
480,61101526,安慧峰,男,四十三中,铁人中学,统招,619
480,61102405,张剑,男,五十一中,铁人中学,统招,619
480,61103012,韩硕,男,五十一中,铁人中学,统招,619
480,61103330,杨威,女,四十九中,铁人中学,统招,619
480,61103615,于圆圆,女,五十一中,铁人中学,统招,619
480,61103916,蔡岫颖,女,五十一中,铁人中学,统招,619
480,61106120,魏达琳,女,五十中学,铁人中学,统招,619
516,31102310,陈默,女,一中,一中,统招,618
516,31103512,马卿,女,一中,一中,统招,618
516,31108513,刘悦,女,一中,一中,统招,618
516,31112211,李城达,男,一中,一中,统招,618
516,31112529,陈麒,男,一中,一中,统招,618
516,31113316,朱梓璇,女,一中,一中,统招,618
516,31114407,宣扬,女,一中,一中,统招,618
516,31100523,曹梦雅,女,三十六中,中学,统招,618
516,21100827,杨思凡,女,六十九中,实验中学,统招,618
516,21102511,李唯源,女,祥阁学校,实验中学,统招,618
516,21105402,武威,男,四十四中,实验中学,统招,618
516,21105514,于其明,男,六十九中,实验中学,统招,618
516,21108519,孔醍,男,六十九中,实验中学,统招,618
516,31100505,方鑫,女,三十六中,实验中学,统招,618
516,31103104,张家墅,男,六十四中,实验中学,统招,618
516,41103522,耿一凯,男,二十七中,实验中学,统招,618
516,51100420,于志会,男,高台中学,实验中学,统招,618
516,51103221,刘宝,女,三十三中,实验中学,统招,618
516,61102014,张海轩,女,十九中学,实验中学,统招,618
516,61103023,佟欣欣,男,五十一中,实验中学,统招,618
516,31104230,洪德智,男,二十八中,铁人中学,统招,618
516,31110004,李硕,男,三十中,铁人中学,统招,618
516,41103817,倪潇巍,男,十中,铁人中学,统招,618
516,41105521,解潇伊,女,十中,铁人中学,统招,618
516,61100901,杜重,男,六十一中,铁人中学,统招,618
516,61101202,李石,男,五十七中,铁人中学,统招,618
542,31101505,马旭,男,一中,一中,统招,617
542,31101829,陈飞,男,一中,一中,统招,617
542,31102804,邢超,男,一中,一中,统招,617
542,31105029,王丹,女,一中,一中,统招,617
542,31107123,段天宇,男,一中,一中,统招,617
542,31111520,司文,女,一中,一中,统招,617
542,01100130,姚瑶,女,林甸初中,实验中学,统招,617
542,01100322,王哲,男,林甸初中,实验中学,统招,617
542,21100219,池杨,女,二十三中,实验中学,统招,617
542,21104619,潘熙,女,六十九中,实验中学,统招,617
542,21106415,孔宪薇,女,六十九中,实验中学,统招,617
542,21107006,程思梦,女,六十九中,实验中学,统招,617
542,21107310,张龙泽,男,六十九中,实验中学,统招,617
542,21107311,李源,男,五十五中,实验中学,统招,617
542,21108216,谭谈,男,六十九中,实验中学,统招,617
542,21108417,张碧琳,女,六十九中,实验中学,统招,617
542,31112429,肖丽丽,女,二十八中,实验中学,统招,617
542,31113507,范昊,男,景园中学,实验中学,统招,617
542,61100303,靳琪,女,五十一中,实验中学,统招,617
542,61100618,李跃甲,男,六十一中,实验中学,统招,617
542,61102322,李娜,女,四十九中,实验中学,统招,617
542,61103306,宁圣清,男,五十七中,实验中学,统招,617
542,61104510,刘慧,女,六十一中,实验中学,统招,617
542,31104614,李龙,男,二十五中,铁人中学,统招,617
542,31105005,魏爽,女,十四中,铁人中学,统招,617
542,31108004,王楠,男,一中,铁人中学,统招,617
542,31108714,任革,男,景园中学,铁人中学,统招,617
542,31111805,刘博,男,五十八中,铁人中学,统招,617
542,41101002,马庆,男,六十五中,铁人中学,统招,617
542,41104910,刘泽钰,女,四十二中,铁人中学,统招,617
542,61103709,邵天宇,男,五十一中,铁人中学,统招,617
573,31101821,孟霄,女,一中,一中,统招,616
573,31101827,桑田,男,一中,一中,统招,616
573,31110015,刘璐,女,一中,一中,统招,616
573,61100116,魏兴,男,十九中学,东风中学,统招,616
573,21100627,历晓曼,女,五十五中,四中,统招,616
573,21100708,贾一石,女,四十中,实验中学,统招,616
573,21100709,周婧昭,女,六十九中,实验中学,统招,616
573,21101923,耿时玉,女,八中,实验中学,统招,616
573,21105123,张斯文,女,四十四中,实验中学,统招,616
573,21109107,张馨元,女,六十九中,实验中学,统招,616
573,31111414,李硕,女,景园中学,实验中学,统招,616
573,01100325,王丽娟,女,林甸初中,铁人中学,统招,616
573,21104310,袁瑞聪,男,四十中,铁人中学,统招,616
573,21105716,冯晓庆,女,二十三中,铁人中学,统招,616
573,21107023,栗国斌,男,十三中,铁人中学,统招,616
573,31106508,于辰光,女,二十四中,铁人中学,统招,616
573,31107301,张楠楠,女,三十中,铁人中学,统招,616
573,31108512,刘轩宇,女,四十六中,铁人中学,统招,616
573,31109228,刘星辰,女,一中,铁人中学,统招,616
573,31109416,刘丽,女,一中,铁人中学,统招,616
573,31109525,李梦含,女,四十六中,铁人中学,统招,616
573,31110229,李雨蒙,女,四十六中,铁人中学,统招,616
573,31110917,吴广健,男,四十六中,铁人中学,统招,616
573,31112014,段文晶,女,三十六中,铁人中学,统招,616
573,31112030,吕楠,女,三十六中,铁人中学,统招,616
573,41100402,陈晨,女,四十二中,铁人中学,统招,616
573,41101604,高崇龙,男,四十二中,铁人中学,统招,616
573,41102405,张建映,男,四十二中,铁人中学,统招,616
573,41104207,刘一男,男,四十二中,铁人中学,统招,616
573,41105308,高飞,男,十六中,铁人中学,统招,616
573,41105618,袁蓓,女,六十五中,铁人中学,统招,616
573,61102407,张博,女,五十一中,铁人中学,统招,616
573,61102622,郝月明,女,六十一中,铁人中学,统招,616
573,61104816,赵冰欣,女,六十一中,铁人中学,统招,616
573,61105802,刘雷,男,四十九中,铁人中学,统招,616
573,61105811,于振兴,男,十九中学,铁人中学,统招,616
609,31101605,赵晓丹,女,一中,一中,统招,615
609,31106006,郝英男,男,三十六中,一中,统招,615
609,31107415,韩业强,男,一中,一中,统招,615
609,31110611,殷实,女,一中,一中,统招,615
609,31111418,陶硕,女,一中,一中,统招,615
609,31112312,付瑶,女,一中,一中,统招,615
609,31112911,张爽,女,二十四中,一中,统招,615
609,31113908,丛克昂,男,一中,一中,统招,615
609,31114622,宋金泽,男,景园中学,一中,统招,615
609,91100127,杨超,男,杜蒙初中,一中,统招,615
609,31109515,张晶睿,女,三十六中,中学,统招,615
609,31115316,冉令霏,男,三十六中,中学,统招,615
609,21100404,石榴,女,十三中,实验中学,统招,615
609,21100829,李寅赫,男,五十五中,实验中学,统招,615
609,21101222,周健,男,六十九中,实验中学,统招,615
609,21101502,边佶,男,六十九中,实验中学,统招,615
609,21103628,刘畅,男,六十九中,实验中学,统招,615
609,21103814,周潇,男,十三中,实验中学,统招,615
609,21105005,吕晨,女,八中,实验中学,统招,615
609,21106602,王瑞琦,女,六十九中,实验中学,统招,615
609,21106917,于俊磊,男,八中,实验中学,统招,615
609,21108212,尤文汇,女,四十四中,实验中学,统招,615
609,21108306,吴天,女,十三中,实验中学,统招,615
609,21108403,马婉璐,女,六十九中,实验中学,统招,615
609,31101926,孙婷婷,女,二十八中,实验中学,统招,615
609,31111411,毕凯,男,三十六中,实验中学,统招,615
609,31113506,李月,女,二十八中,实验中学,统招,615
609,51102021,张有为,男,太阳升中,实验中学,统招,615
609,61103201,冯阳,男,五十一中,实验中学,统招,615
609,61103227,徐靖凯,男,五十七中,实验中学,统招,615
609,81100113,崔洋,女,肇源初中,实验中学,统招,615
609,81100118,梁海龙,男,肇源初中,实验中学,统招,615
609,21101705,唐喜庆,男,二十三中,铁人中学,统招,615
609,21105308,张诗阳,男,五十五中,铁人中学,统招,615
609,21108120,毕伟,男,二十三中,铁人中学,统招,615
609,31100623,张璇,女,三十六中,铁人中学,统招,615
609,31100926,谢剑豪,男,三十六中,铁人中学,统招,615
609,31101826,张远洋,男,四十六中,铁人中学,统招,615
609,31103405,刘凯昆,男,二十五中,铁人中学,统招,615
609,31103718,陈思雨,女,十四中,铁人中学,统招,615
609,31105908,温如月,女,二十五中,铁人中学,统招,615
609,31106323,胡庆波,男,四十六中,铁人中学,统招,615
609,31107426,肖熙,男,四十六中,铁人中学,统招,615
609,31111823,陈颖倩,女,二十八中,铁人中学,统招,615
609,31113726,杨钏钗,女,一中,铁人中学,统招,615
609,31115303,李磊,男,二十四中,铁人中学,统招,615
609,41100617,李冠群,男,十七中,铁人中学,统招,615
609,41103024,周宁,男,四十二中,铁人中学,统招,615
609,41104019,惠翰斌,男,十中,铁人中学,统招,615
609,51103321,蔡蕾,女,三十七中,铁人中学,统招,615
609,51104922,王鹏菲,男,三十二中,铁人中学,统招,615
609,61105926,郭丰强,男,六十一中,铁人中学,统招,615
609,61106024,龚瑞璇,女,五十一中,铁人中学,统招,615
662,31102606,郭兴博,男,一中,一中,统招,614
662,31107915,雷宇,男,一中,一中,统招,614
662,31109813,王默凝,男,一中,一中,统招,614
662,31114010,蔡畅,女,一中,一中,统招,614
662,31115014,彭薇,女,一中,一中,统招,614
662,21105625,高寒,男,六十九中,东风中学,统招,614
662,31108621,蔡俣,男,三十六中,中学,统招,614
662,61105113,王天哲,男,五十七中,四中,统招,614
662,21100906,高林,男,六十九中,实验中学,统招,614
662,21103111,姜婷,女,八中,实验中学,统招,614
662,21103430,秦潇,女,十三中,实验中学,统招,614
662,21104626,王龙,男,六十六中,实验中学,统招,614
662,21104823,丁冠琦,男,五十五中,实验中学,统招,614
662,21105411,李文聪,男,六十九中,实验中学,统招,614
662,21106408,侯圣昱,女,祥阁学校,实验中学,统招,614
662,21107302,李梁禹,男,四十四中,实验中学,统招,614
662,21107811,孙琳,女,八中,实验中学,统招,614
662,31108516,王帅,女,一中,实验中学,统招,614
662,41102407,梁起,男,四十七中,实验中学,统招,614
662,41105520,李丰,男,四十七中,实验中学,统招,614
662,61101001,张莹烁,女,十九中学,实验中学,统招,614
662,61101603,赫喆,男,五十一中,实验中学,统招,614
662,61102822,邵翔宇,男,五十一中,实验中学,统招,614
662,61104123,王悦洋,男,四十九中,实验中学,统招,614
662,21101422,杨睿,男,八中,铁人中学,统招,614
662,31103603,刘辘维,男,景园中学,铁人中学,统招,614
662,31103725,雷婕,女,二十四中,铁人中学,统招,614
662,31104416,刘畅达,男,二十四中,铁人中学,统招,614
662,31109304,吴琼,女,一中,铁人中学,统招,614
662,31110006,邹继思,男,一中,铁人中学,统招,614
662,31112212,张驰,女,二十五中,铁人中学,统招,614
662,31112526,王硕,女,一中,铁人中学,统招,614
662,31115518,陈熹,男,十四中,铁人中学,统招,614
662,41104926,王珊珊,女,十七中,铁人中学,统招,614
662,51102609,姜天航,男,三十三中,铁人中学,统招,614
662,61103223,尤佳,女,五十一中,铁人中学,统招,614
662,61104111,高春瑾,女,四十九中,铁人中学,统招,614
699,21102607,孟志昊,男,六十六中,一中,统招,613
699,31100924,赵焕宇,男,一中,一中,统招,613
699,31101903,邬心白,男,一中,一中,统招,613
699,31102304,王江南,女,一中,一中,统招,613
699,31105126,汪滢,女,一中,一中,统招,613
699,31105319,陶沅,女,一中,一中,统招,613
699,31110813,邢小林,男,一中,一中,统招,613
699,31111527,刘天泽,男,一中,一中,统招,613
699,31113403,陈鹏宇,男,一中,一中,统招,613
699,51104627,刘春影,女,高台中学,一中,统招,613
699,21100910,李媛,女,五十五中,实验中学,统招,613
699,21101028,李超鹏,男,六十九中,实验中学,统招,613
699,21103510,刘悦,女,六十九中,实验中学,统招,613
699,21105922,马境,女,四十四中,实验中学,统招,613
699,21108828,卢渴新,男,五十五中,实验中学,统招,613
699,31102421,田媛,女,三十六中,实验中学,统招,613
699,41100511,张慧琳,女,四十二中,实验中学,统招,613
699,41103905,孙哲,女,十七中,实验中学,统招,613
699,51101201,乔丹,女,五十六中,实验中学,统招,613
699,61103122,国维纳,女,五十一中,实验中学,统招,613
699,61106102,冷欣,女,十九中学,实验中学,统招,613
699,21108603,郭长庆,男,二十三中,铁人中学,统招,613
699,31101127,王博,男,四十六中,铁人中学,统招,613
699,31101723,余江宁,女,二十八中,铁人中学,统招,613
699,31105209,王锦泽,男,二十八中,铁人中学,统招,613
699,31110512,王明刚,男,四十六中,铁人中学,统招,613
699,31111417,张新月,女,三十中,铁人中学,统招,613
699,31113118,付琪,女,三十六中,铁人中学,统招,613
699,31114718,郭宇健,男,二十四中,铁人中学,统招,613
699,41102006,谷静,女,十七中,铁人中学,统招,613
699,41103504,温湛波,男,四十二中,铁人中学,统招,613
699,41104301,唐梦欣,女,十中,铁人中学,统招,613
699,41105803,孙浩田,男,十六中,铁人中学,统招,613
699,61103422,杨忠橙,男,十九中学,铁人中学,统招,613
699,61104930,向俊,男,十九中学,铁人中学,统招,613
734,31108027,张君剑,女,一中,一中,统招,612
734,31114128,高嵽,男,一中,一中,统招,612
734,51103215,吴玉凤,女,三十二中,三十五中学,统招,612
734,01100317,周学溢,女,林甸初中,中学,统招,612
734,31103019,张大维,男,三十六中,中学,统招,612
734,21101026,李芊,女,六十九中,实验中学,统招,612
734,21101112,邢珺,男,六十九中,实验中学,统招,612
734,21102725,吴国强,男,六十九中,实验中学,统招,612
734,21102913,黄吉喆,男,五十五中,实验中学,统招,612
734,21103410,杨柳,女,六十九中,实验中学,统招,612
734,21104704,马也,男,六十九中,实验中学,统招,612
734,21106908,闫肃,男,六十九中,实验中学,统招,612
734,21107427,刘禹志,男,五十五中,实验中学,统招,612
734,21108209,陈闯,男,六十九中,实验中学,统招,612
734,21108224,张有鑫,男,八中,实验中学,统招,612
734,21108615,孙雷雨,男,六十九中,实验中学,统招,612
734,21109405,梁媛,女,十三中,实验中学,统招,612
734,31104811,何邦昱,男,一中,实验中学,统招,612
734,31109804,李昆鹏,男,十四中,实验中学,统招,612
734,31112520,何昕,女,三十六中,实验中学,统招,612
734,31114103,姜喆,男,一中,实验中学,统招,612
734,51101606,杨琦,男,三十七中,实验中学,统招,612
734,21103508,张涛,男,八中,铁人中学,统招,612
734,31100820,侯磊,男,景园中学,铁人中学,统招,612
734,31105307,周璐,女,景园中学,铁人中学,统招,612
734,31106621,刘佳,女,一中,铁人中学,统招,612
734,31108307,刘永涛,男,景园中学,铁人中学,统招,612
734,31111011,申俊泽,男,三十中,铁人中学,统招,612
734,31111613,刘耕瑀,女,一中,铁人中学,统招,612
734,31114113,杨舒茜,女,三十六中,铁人中学,统招,612
734,31115326,黄硕,女,三十六中,铁人中学,统招,612
734,41101707,狄宪沧,男,四十二中,铁人中学,统招,612
734,41103230,王茄樵,男,十七中,铁人中学,统招,612
734,41105411,赫馨雨,女,四十二中,铁人中学,统招,612
734,51102003,刘畅,女,五十六中,铁人中学,统招,612
734,61101702,胡喆,男,十九中学,铁人中学,统招,612
734,61103404,杜思达,男,五十一中,铁人中学,统招,612
734,61104715,德光宇,女,五十一中,铁人中学,统招,612
734,61106017,韩雪峰,男,六十一中,铁人中学,统招,612
773,31102316,周旸,男,一中,一中,统招,611
773,31105618,董拓,女,一中,一中,统招,611
773,31111408,刘贺,男,一中,一中,统招,611
773,61100415,袁婷,女,五十七中,四中,统招,611
773,21101004,林雪,女,二十三中,实验中学,统招,611
773,21104808,黄野,男,四十四中,实验中学,统招,611
773,21104821,马良子,女,五十五中,实验中学,统招,611
773,21105126,祝沐,女,四十四中,实验中学,统招,611
773,21107128,王嘉琦,男,六十九中,实验中学,统招,611
773,21107805,柴琪,女,五十五中,实验中学,统招,611
773,31106227,曲鑫,女,二十五中,实验中学,统招,611
773,31109229,李想,男,四十六中,实验中学,统招,611
773,31113109,陈荟琳,女,二十八中,实验中学,统招,611
773,61100718,张涛,男,十九中学,实验中学,统招,611
773,61102128,孔祥杰,女,五十一中,实验中学,统招,611
773,61104802,何昕,女,六十一中,实验中学,统招,611
773,01100215,赵阳,女,林甸初中,铁人中学,统招,611
773,21101220,林子潇,女,六十九中,铁人中学,统招,611
773,21108229,曹阳,女,四十一中,铁人中学,统招,611
773,31103521,单宝锋,男,四十六中,铁人中学,统招,611
773,31103909,安雨佳,女,四十六中,铁人中学,统招,611
773,31104825,邢诚,男,一中,铁人中学,统招,611
773,31107102,杜冰洁,女,三十中,铁人中学,统招,611
773,31108115,李颖,女,四十六中,铁人中学,统招,611
773,31108518,吕成,男,四十六中,铁人中学,统招,611
773,31109112,李若曦,男,景园中学,铁人中学,统招,611
773,31111310,许士琦,女,三十中,铁人中学,统招,611
773,31113023,吴丹,女,三十中,铁人中学,统招,611
773,31113225,苏燃,女,三十六中,铁人中学,统招,611
773,41101310,刘欢,女,十中,铁人中学,统招,611
773,41102802,张梦霄,女,四十二中,铁人中学,统招,611
773,41103917,张寒,女,四十二中,铁人中学,统招,611
773,51103530,周楠楠,女,五十六中,铁人中学,统招,611
773,51103906,祝捷,女,五十六中,铁人中学,统招,611
773,61100109,苟臻凡,男,三十一中,铁人中学,统招,611
773,61100307,曹旭阳,男,十九中学,铁人中学,统招,611
773,61102313,柳默潇,男,五十七中,铁人中学,统招,611
773,61105704,王康,男,六十一中,铁人中学,统招,611
811,31103426,曹嘉威,男,一中,一中,统招,610
811,31113526,李璇,女,一中,一中,统招,610
811,61102605,李翠娟,女,五十七中,一中,统招,610
811,61103520,汪洪溟,男,五十一中,一中,统招,610
811,61105526,李殿武,男,三十一中,四中,统招,610
811,21101202,孙博,男,六十九中,实验中学,统招,610
811,21104019,吴剑威,男,十三中,实验中学,统招,610
811,21105519,解笑靥,女,四十四中,实验中学,统招,610
811,21106628,李美鸥,女,四十四中,实验中学,统招,610
811,21106930,刁晓辰,男,六十九中,实验中学,统招,610
811,21109322,张寒玉,女,十三中,实验中学,统招,610
811,31102024,庄梦博,男,一中,实验中学,统招,610
811,31102418,李亦也,女,一中,实验中学,统招,610
811,31102703,李大鹏,男,三十六中,实验中学,统招,610
811,31109714,吕琳,女,三十六中,实验中学,统招,610
811,31110918,高润柠,女,一中,实验中学,统招,610
811,41101825,唐明野,男,十六中,实验中学,统招,610
811,41104102,姜美璐,女,四十二中,实验中学,统招,610
811,61101227,赵淼,女,五十七中,实验中学,统招,610
811,61101313,杨光,女,三十一中,实验中学,统招,610
811,61101602,关梦迪,女,四十三中,实验中学,统招,610
811,61104604,李梦薇,女,五十七中,实验中学,统招,610
811,61105018,李梦迪,女,五十七中,实验中学,统招,610
811,81100109,冯健,男,肇源初中,实验中学,统招,610
811,01100304,韩立宝,男,林甸初中,铁人中学,统招,610
811,21105613,汪乃崎,男,五十五中,铁人中学,统招,610
811,31100515,杜宛霖,女,二十四中,铁人中学,统招,610
811,31102630,杨金龙,男,一中,铁人中学,统招,610
811,31104309,石洋,女,六十四中,铁人中学,统招,610
811,31104627,孙超,男,二十四中,铁人中学,统招,610
811,31105814,张曦宇,男,三十中,铁人中学,统招,610
811,31106514,李娜,女,十一中,铁人中学,统招,610
811,31107227,杨阳,女,四十六中,铁人中学,统招,610
811,31109402,杜宣,女,三十六中,铁人中学,统招,610
811,31109406,崔寒瑛,女,四十六中,铁人中学,统招,610
811,31110802,杨恩博,男,六十四中,铁人中学,统招,610
811,31112207,晏祎峤,男,二十八中,铁人中学,统招,610
811,31113130,王文婧,女,十四中,铁人中学,统招,610
811,31114118,许飞,男,景园中学,铁人中学,统招,610
811,31114525,宋子渐,男,十四中,铁人中学,统招,610
811,41100620,宁威,男,四十二中,铁人中学,统招,610
811,41105323,勾云龙,男,二十七中,铁人中学,统招,610
811,51103809,张幸,女,三十七中,铁人中学,统招,610
811,61103406,刘冰砚,男,五十一中,铁人中学,统招,610
811,61103407,徐润凡,男,五十七中,铁人中学,统招,610
811,61105226,金蕊,女,十九中学,铁人中学,统招,610
857,31105502,贾琪,男,一中,一中,统招,609
857,31111715,宫华楹,女,一中,一中,统招,609
857,31112902,牛春军,男,一中,一中,统招,609
857,41105903,宋扬,女,五十二中,一中,统招,609
857,31101412,范东琦,女,三十六中,中学,统招,609
857,31103630,唐兴第,男,景园中学,中学,统招,609
857,61105316,付宇,男,三十一中,四中,统招,609
857,21101124,宋鸽,女,六十九中,实验中学,统招,609
857,21103621,张馨丹,女,二十三中,实验中学,统招,609
857,21104922,杨璐,女,五十五中,实验中学,统招,609
857,21105213,徐赫一,女,五十五中,实验中学,统招,609
857,21106319,尹冬平,女,五十五中,实验中学,统招,609
857,21106529,王莹,女,五十五中,实验中学,统招,609
857,21108323,刘小野,女,九中,实验中学,统招,609
857,21109326,刘晓彤,女,六十九中,实验中学,统招,609
857,31105729,朱江,男,一中,实验中学,统招,609
857,31114422,张曦蕊,女,三十中,实验中学,统招,609
857,31114717,关胤增,男,十四中,实验中学,统招,609
857,51101027,李耀超,男,三十二中,实验中学,统招,609
857,61100411,李响,男,五十一中,实验中学,统招,609
857,61100730,陈璐,女,十九中学,实验中学,统招,609
857,61103508,崔恒善,男,五十七中,实验中学,统招,609
857,61104013,樊昕晔,男,六十一中,实验中学,统招,609
857,61105015,蔡滨鸿,男,六十一中,实验中学,统招,609
857,61105530,肖杨,男,十九中学,实验中学,统招,609
857,21102313,刘建佳,女,二十三中,铁人中学,统招,609
857,31101004,梁逍,男,景园中学,铁人中学,统招,609
857,31101717,孙彦夫,男,四十六中,铁人中学,统招,609
857,31104017,郑月,女,二十五中,铁人中学,统招,609
857,31104908,范钱璐,男,二十五中,铁人中学,统招,609
857,31105516,王一舒,女,景园中学,铁人中学,统招,609
857,31113428,刘达飞,男,景园中学,铁人中学,统招,609
857,31113508,肖宇巍,女,四十六中,铁人中学,统招,609
857,41102601,华楠,男,十六中,铁人中学,统招,609
857,41104206,邵婧,女,十六中,铁人中学,统招,609
857,61102111,王洋,男,五十一中,铁人中学,统招,609
857,61103308,邱晓天,男,五十一中,铁人中学,统招,609
857,61106218,王书然,女,五十一中,铁人中学,统招,609
895,31100922,李思源,男,一中,一中,统招,608
895,31101409,孙贺,女,一中,一中,统招,608
895,31102102,于明佳,女,一中,一中,统招,608
895,31102602,张兴旺,女,一中,一中,统招,608
895,31104104,张大磊,男,喇镇中学,一中,统招,608
895,31107217,刘亚旋,女,二十四中,一中,统招,608
895,31111724,付蓉,女,一中,一中,统招,608
895,31113917,李晨源,男,一中,一中,统招,608
895,01100124,张修杨,男,林甸初中,中学,统招,608
895,01100210,朱天龙,男,林甸初中,实验中学,统招,608
895,21105010,宗旭,男,六十九中,实验中学,统招,608
895,21106613,刘洋,男,六十九中,实验中学,统招,608
895,21106713,宋辉鹏,男,六十九中,实验中学,统招,608
895,21107821,孙旭,男,十三中,实验中学,统招,608
895,21109127,王冠,女,六十九中,实验中学,统招,608
895,31107510,黄龙,男,一中,实验中学,统招,608
895,31111605,张弢,男,三十六中,实验中学,统招,608
895,31112206,方正,男,一中,实验中学,统招,608
895,31114322,张博为,男,三十六中,实验中学,统招,608
895,61102025,刘佳宁,女,五十一中,实验中学,统招,608
895,61103014,徐胜君,男,五十七中,实验中学,统招,608
895,61103511,黄锦,女,五十一中,实验中学,统招,608
895,61103723,李云涛,男,五十一中,实验中学,统招,608
895,91100128,曹振斌,男,杜蒙初中,实验中学,统招,608
895,31102930,王彬,女,三十六中,铁人中学,统招,608
895,31103017,王一同,男,一中,铁人中学,统招,608
895,31104024,贾秋实,男,十四中,铁人中学,统招,608
895,31105225,刘雨果,女,四十六中,铁人中学,统招,608
895,31105314,裴明月,女,三十中,铁人中学,统招,608
895,31106217,李奇,男,四十六中,铁人中学,统招,608
895,31106418,赵卫辰,男,四十六中,铁人中学,统招,608
895,31106904,王龙,男,二十四中,铁人中学,统招,608
895,31108902,杨雪,女,四十六中,铁人中学,统招,608
895,31109223,杜雪,女,二十五中,铁人中学,统招,608
895,31113328,申奇,男,四十六中,铁人中学,统招,608
895,41101620,赵琳,女,十中,铁人中学,统招,608
895,41104029,韩洋,女,十中,铁人中学,统招,608
895,41105525,刘晓楠,女,四十二中,铁人中学,统招,608
895,61104018,王仁庶,男,五十一中,铁人中学,统招,608
895,61105809,董蕊,女,五十一中,铁人中学,统招,608
935,21105206,何博,男,六十六中,一中,统招,607
935,31113207,魏鹏,男,一中,一中,统招,607
935,51100504,尹成,男,太阳升中,一中,统招,607
935,21103509,姜涛,男,五十五中,东风中学,统招,607
935,31103218,曹彦清,男,喇镇中学,东风中学,统招,607
935,51105527,齐欢欢,女,祝三中学,东风中学,统招,607
935,71100104,刘夕梦,女,肇州初中,东风中学,统招,607
935,31112909,于高源,女,三十六中,中学,统招,607
935,31114309,胡茗译,男,三十六中,中学,统招,607
935,31114314,董洁楠,女,三十六中,中学,统招,607
935,61101210,涂志远,男,五十七中,四中,统招,607
935,21102117,魏铭泉,男,四十中,实验中学,统招,607
935,21102220,张翀,女,二十三中,实验中学,统招,607
935,21104515,刘柏棋,男,六十九中,实验中学,统招,607
935,21106420,兰云娇,女,六十九中,实验中学,统招,607
935,21108523,侯瑞雪,女,十三中,实验中学,统招,607
935,21109324,齐天泽,男,六十九中,实验中学,统招,607
935,31109815,郑昊,男,三十六中,实验中学,统招,607
935,41103205,梁帆,男,五十二中,实验中学,统招,607
935,51105118,李洋,女,三十七中,实验中学,统招,607
935,61103322,崔雪涵,女,五十七中,实验中学,统招,607
935,61103725,齐进,女,五十一中,实验中学,统招,607
935,61105814,李靖鑫,男,六十一中,实验中学,统招,607
935,21100622,公丕亮,男,二十三中,铁人中学,统招,607
935,21101906,王柯,男,八中,铁人中学,统招,607
935,21102406,杨硕,女,四十中,铁人中学,统招,607
935,21109118,吴晨宇,女,十三中,铁人中学,统招,607
935,31101012,韩越,男,三十六中,铁人中学,统招,607
935,31102625,李卉,女,二十五中,铁人中学,统招,607
935,31103217,马克,男,三十六中,铁人中学,统招,607
935,31108928,赵凌霄,男,四十六中,铁人中学,统招,607
935,41100115,沈江川,男,四十二中,铁人中学,统招,607
935,41101903,刘畅,女,五十二中,铁人中学,统招,607
935,41103216,冯圣,男,十中,铁人中学,统招,607
935,51100503,魏巍,男,三十七中,铁人中学,统招,607
935,51101904,王少雅,女,三十七中,铁人中学,统招,607
935,51103628,张勇,男,三十七中,铁人中学,统招,607
935,61100524,侯倩,女,五十一中,铁人中学,统招,607
935,61100827,姜洋,男,六十一中,铁人中学,统招,607
935,61102612,于鑫,男,五十一中,铁人中学,统招,607
935,61103928,张奇,男,五十七中,铁人中学,统招,607
935,61104626,张石林,男,五十一中,铁人中学,统招,607
977,21107212,孙与泽,男,八中,一中,统招,606
977,31100812,李倩,女,一中,一中,统招,606
977,31102612,葛欣,女,一中,一中,统招,606
977,31102720,杜佛海,男,一中,一中,统招,606
977,31102914,毕赫,男,二十五中,一中,统招,606
977,31105011,郭宇,男,二十八中,一中,统招,606
977,31105211,杨丽炜,女,一中,一中,统招,606
977,31107803,刘淼,女,一中,一中,统招,606
977,31110725,陆睿,男,一中,一中,统招,606
977,31112409,周末,女,二十八中,一中,统招,606
977,31113321,毕嘉珩,男,二十八中,一中,统招,606
977,51102001,段祥伟,女,高台中学,一中,统招,606
977,51103719,庞婧,女,三十七中,一中,统招,606
977,31101115,王彦超,男,三十六中,中学,统招,606
977,31105417,杜恩泽,男,三十六中,中学,统招,606
977,31108410,毕爽,女,三十六中,中学,统招,606
977,31108413,王丽杰,女,二十二中,中学,统招,606
977,31110708,赵俊卿,男,三十六中,中学,统招,606
977,61105419,郝春雪,女,十九中学,中学,统招,606
977,41100703,张梦华,女,十中,十中,统招,606
977,61103711,孙赜伦,男,五十七中,四中,统招,606
977,21100530,孙海鑫,女,二十三中,实验中学,统招,606
977,21101010,郑亚楠,男,六十九中,实验中学,统招,606
977,21102012,傅博,男,六十九中,实验中学,统招,606
977,21102412,罗杰思,男,九中,实验中学,统招,606
977,21105702,康晓晨,女,五十五中,实验中学,统招,606
977,21106322,武文婷,女,五十五中,实验中学,统招,606
977,21106605,隋吉喆,男,六十九中,实验中学,统招,606
977,21106804,李磊,男,十三中,实验中学,统招,606
977,21107603,高博,女,四十四中,实验中学,统招,606
977,21108326,王通,男,六十九中,实验中学,统招,606
977,21109221,冯伟星,男,八中,实验中学,统招,606
977,31113320,沈超,男,一中,实验中学,统招,606
977,41103410,邵雪,女,十七中,实验中学,统招,606
977,41104513,杨茜,女,四十二中,实验中学,统招,606
977,61100217,卢胤延,女,五十一中,实验中学,统招,606
977,61100224,郭群,女,五十一中,实验中学,统招,606
977,61100726,李静涵,女,五十七中,实验中学,统招,606
977,61103606,王宇琦,男,六十一中,实验中学,统招,606
977,61104215,李智群,男,五十一中,实验中学,统招,606
977,61105326,宋佳,女,五十一中,实验中学,统招,606
1018,31102012,贾崎,女,一中,一中,统招,605
1018,31102816,吴梦婷,女,一中,一中,统招,605
1018,31104409,张宁,女,一中,一中,统招,605
1018,31104505,田野,男,景园中学,一中,统招,605
1018,31107930,杨海光,男,景园中学,一中,统招,605
1018,31108114,梁潇,女,一中,一中,统招,605
1018,31110416,刘相辰,男,一中,一中,统招,605
1018,31111406,李美慧,女,一中,一中,统招,605
1018,31114401,孙琦,男,一中,一中,统招,605
1018,31114916,韩思琪,女,一中,一中,统招,605
1018,41101406,赵婉婷,女,十六中,一中,统招,605
1018,61105612,赵佳琦,男,四十三中,一中,统招,605
1018,51102130,张雪,女,三十三中,东风中学,统招,605
1018,61103321,张超,男,十九中学,东风中学,统招,605
1018,31101226,雷娟,女,二十四中,中学,统招,605
1018,31101230,王静宜,女,四十六中,中学,统招,605
1018,31112510,霍雨佳,女,三十六中,中学,统招,605
1018,31114730,胡春阳,男,二十八中,中学,统招,605
1018,31115201,杨阳,男,三十六中,中学,统招,605
1018,31115718,陈华玉,男,三十六中,中学,统招,605
1018,51100210,邸国莹,女,五十六中,中学,统招,605
1018,91100117,王佳钰,女,杜蒙初中,中学,统招,605
1018,41101712,万欣欣,女,二十七中,四中,统招,605
1018,61100108,赵玮,女,六十一中,四中,统招,605
1018,61105309,闫肃,男,四十九中,四中,统招,605
1018,21101517,赵洋,男,六十九中,实验中学,统招,605
1018,21104324,李悦萌,女,六十九中,实验中学,统招,605
1018,21104717,高畅,女,六十九中,实验中学,统招,605
1018,21105603,钟婧文,女,五十五中,实验中学,统招,605
1018,21106205,万媛,女,六十九中,实验中学,统招,605
1018,21107016,朴莹,女,六十九中,实验中学,统招,605
1018,21107806,姚楠,男,四十中,实验中学,统招,605
1018,21108014,李展,男,八中,实验中学,统招,605
1018,31103701,千红,女,三十六中,实验中学,统招,605
1018,31103925,崔安芳,女,三十六中,实验中学,统招,605
1018,31109412,雷一鸣,男,一中,实验中学,统招,605
1018,31115030,张明英,女,三十六中,实验中学,统招,605
1018,61100222,姜思媛,女,六十一中,实验中学,统招,605
1018,61101722,付彤,女,六十一中,实验中学,统招,605
1018,61101810,高雪晶,女,五十七中,实验中学,统招,605
1018,61102516,王轩,男,五十一中,实验中学,统招,605
1018,61103214,仇宏宇,男,五十一中,实验中学,统招,605
1018,61103609,王婷婷,女,五十一中,实验中学,统招,605
1061,21105718,郭爽,女,二十三中,一中,统招,604
1061,21108516,白鸽,女,十三中,一中,统招,604
1061,21109125,冯琰,男,二十三中,一中,统招,604
1061,31100814,郭麒,男,一中,一中,统招,604
1061,31102410,陈刚,男,一中,一中,统招,604
1061,31110910,刘欣悦,男,一中,一中,统招,604
1061,31112221,齐飞,女,三十六中,一中,统招,604
1061,31112406,丁陶,女,三十中,一中,统招,604
1061,31113409,王尧,男,一中,一中,统招,604
1061,41105120,罗艳林,女,五十二中,一中,统招,604
1061,31100806,张涤新,男,三十六中,中学,统招,604
1061,31110128,蔡翔宇,男,二十八中,二十八中学,统招,604
1061,61103528,张春楠,男,五十七中,四中,统招,604
1061,61104523,曹思扬,女,六十一中,四中,统招,604
1061,21103029,姚昭,女,四十四中,实验中学,统招,604
1061,21103326,王冠霖,男,八中,实验中学,统招,604
1061,21103511,鲁鹤,男,二十三中,实验中学,统招,604
1061,21103808,王安琪,女,六十九中,实验中学,统招,604
1061,21105909,高男,男,二十三中,实验中学,统招,604
1061,21106821,鲁扬,男,八中,实验中学,统招,604
1061,21109421,邢通,男,六十九中,实验中学,统招,604
1061,31109013,李金玉,女,十四中,实验中学,统招,604
1061,51206629,李咸文,女,五十六中,实验中学,统招,604
1061,61100516,朱琳琳,女,五十一中,实验中学,统招,604
1061,61102912,曹欣瑀,女,五十一中,实验中学,统招,604
1061,61103114,杨宇,男,五十一中,实验中学,统招,604
1061,61105929,邱子男,男,十九中学,实验中学,统招,604
1088,31101628,张学伟,男,一中,一中,统招,603
1088,31104407,康凯,男,二十八中,一中,统招,603
1088,31106723,曲天爽,男,一中,一中,统招,603
1088,31108107,滕飞,男,一中,一中,统招,603
1088,31109709,滕玥,女,一中,一中,统招,603
1088,31110114,梁莹,女,五十八中,一中,统招,603
1088,31110214,李可欣,男,一中,一中,统招,603
1088,31110329,刘航,男,一中,一中,统招,603
1088,31110830,王琼,女,景园中学,一中,统招,603
1088,31113413,于朋,男,二十八中,一中,统招,603
1088,31113514,王娱,女,一中,一中,统招,603
1088,61101921,贺洋,男,六十一中,一中,统招,603
1088,61104102,邢正,男,十九中学,一中,统招,603
1088,21106119,宣立恒,男,五十五中,东风中学,统招,603
1088,21104119,邢大伟,男,四十中,中学,统招,603
1088,31109516,徐驰一,男,景园中学,中学,统招,603
1088,31115514,程龙,男,十四中,中学,统招,603
1088,41100624,徐澈,女,十中,十中,统招,603
1088,21106820,李瑞,女,五十五中,四中,统招,603
1088,61100312,刘洋,女,四十九中,四中,统招,603
1088,61101804,吴昊,男,五十七中,四中,统招,603
1088,01100413,闫冲,男,林甸初中,实验中学,统招,603
1088,21100410,曹立阳,男,六十九中,实验中学,统招,603
1088,21100420,高蓬劲,男,六十九中,实验中学,统招,603
1088,21101214,沈鸿图,男,六十九中,实验中学,统招,603
1088,21104603,王从阳,男,四十四中,实验中学,统招,603
1088,21104729,许佳,女,二十三中,实验中学,统招,603
1088,21104803,王玉婷,女,四十四中,实验中学,统招,603
1088,21105726,李天俐,女,二十三中,实验中学,统招,603
1088,31102605,王泽宇,男,三十六中,实验中学,统招,603
1088,51101719,侯代富,男,五十六中,实验中学,统招,603
1088,61104606,解鑫,女,六十一中,实验中学,统招,603
1088,61105901,宫赫,女,六十一中,实验中学,统招,603
1121,01100302,郑兴凤,女,林甸初中,一中,统招,602
1121,31101804,王进,女,一中,一中,统招,602
1121,31102001,王明佳,女,三十六中,一中,统招,602
1121,31102812,袁野,男,一中,一中,统招,602
1121,31104126,赵琳,女,一中,一中,统招,602
1121,31105404,赵莹,女,景园中学,一中,统招,602
1121,31111015,陈健雄,女,一中,一中,统招,602
1121,31111308,马阅,女,一中,一中,统招,602
1121,31115524,杜智雯,女,一中,一中,统招,602
1121,21106011,王梦然,女,五十五中,东风中学,统招,602
1121,31108409,马詟,男,景园中学,东风中学,统招,602
1121,31104330,王雪松,男,景园中学,中学,统招,602
1121,31107229,高超,女,景园中学,中学,统招,602
1121,31107610,谢天琪,女,二十五中,中学,统招,602
1121,31111014,陈艺博,男,三十六中,中学,统招,602
1121,31111812,李梓楠,女,一中,中学,统招,602
1121,21100317,肖锋,男,四十中,四中,统招,602
1121,21101712,李欣,女,十二中,四中,统招,602
1121,21105728,王卓,男,四十四中,四中,统招,602
1121,31108304,张硕彤,女,四十六中,四中,统招,602
1121,61100912,姜琳,女,十九中学,四中,统招,602
1121,61102210,康少楠,男,五十七中,四中,统招,602
1121,61103815,王皓,男,三十一中,四中,统招,602
1121,61104003,高明皓,男,十九中学,四中,统招,602
1121,61104623,葛芮岐,女,十九中学,四中,统招,602
1121,61106211,姜文茹,女,五十一中,四中,统招,602
1147,31100918,吕鑫,男,一中,一中,统招,601
1147,31102328,高源,女,一中,一中,统招,601
1147,31102823,赵欣瑜,女,一中,一中,统招,601
1147,31104807,王涵,男,一中,一中,统招,601
1147,31105816,邵琦,女,景园中学,一中,统招,601
1147,31109313,刘晗,男,一中,一中,统招,601
1147,31113315,凌子奇,男,四十六中,一中,统招,601
1147,31113430,王赫,女,景园中学,一中,统招,601
1147,31113524,赵智慧,女,二十四中,一中,统招,601
1147,81100102,包智颖,女,肇源初中,一中,统招,601
1147,21105415,张立阳,男,四十四中,东风中学,统招,601
1147,41103604,王明燕,女,杏树岗中,东风中学,统招,601
1147,61101622,李婷婷,女,十九中学,东风中学,统招,601
1147,21104618,于洋,女,四十一中,中学,统招,601
1147,21107622,姜月,女,六十六中,中学,统招,601
1147,31102321,印鸣飞,女,三十六中,中学,统招,601
1147,31108406,刘明岩,男,三十六中,中学,统招,601
1147,31112730,孙源,女,三十六中,中学,统招,601
1147,31112823,张玉玮,女,五十八中,中学,统招,601
1147,61103719,陈晨,男,六十一中,中学,统招,601
1147,01100405,刘海宁,女,林甸初中,四中,统招,601
1147,21106017,徐超然,女,四十四中,四中,统招,601
1147,51105301,李静,女,三十七中,四中,统招,601
1147,61101720,孙鹏,男,五十七中,四中,统招,601
1147,61105107,杨菲,女,六十一中,四中,统招,601
1172,21103903,刘凯,男,四十四中,一中,统招,600
1172,31112209,施文,女,一中,一中,统招,600
1172,31113016,王宝智,男,一中,一中,统招,600
1172,31114410,杨腾飞,男,一中,一中,统招,600
1172,91100121,蔡杨,女,杜蒙初中,一中,统招,600
1172,41102330,刘阳,男,十六中,东风中学,统招,600
1172,51101321,白海连,女,五十六中,东风中学,统招,600
1172,51102420,兰起超,男,太阳升中,东风中学,统招,600
1172,21108114,王智勇,男,四十一中,中学,统招,600
1172,31104408,麦志家,男,十一中,中学,统招,600
1172,31109705,谷瑛瑛,女,五十八中,中学,统招,600
1172,31110814,张程,男,三十六中,中学,统招,600
1172,31111305,张超,男,四十六中,中学,统招,600
1172,21103408,刘宸,女,十三中,四中,统招,600
1172,41101704,陶坤,男,六十五中,四中,统招,600
1172,61100712,谢鑫磊,女,三十一中,四中,统招,600
1172,61100812,刘爽,女,四十九中,四中,统招,600
1172,61103008,牟思蒙,女,五十七中,四中,统招,600
1190,31103423,李熙,男,十四中,一中,统招,599
1190,31108227,孙凯蒂,女,三十中,一中,统招,599
1190,31108727,解奥,男,一中,一中,统招,599
1190,31108930,郑浩然,男,一中,一中,统招,599
1190,31114520,符子剑,男,一中,一中,统招,599
1190,01100403,段晶,女,林甸初中,东风中学,统招,599
1190,61100103,孙红岩,男,五十七中,东风中学,统招,599
1190,91100115,张业宁,男,杜蒙初中,东风中学,统招,599
1190,21103524,李昊洋,男,二十三中,中学,统招,599
1190,21105912,李颖,女,二十三中,中学,统招,599
1190,31104711,王晨曦,女,三十六中,中学,统招,599
1190,31106414,王琰,男,三十六中,中学,统招,599
1190,31107002,曹珊,女,景园中学,中学,统招,599
1190,31107304,李洁馨,女,二十四中,中学,统招,599
1190,31108916,张琦,男,二十五中,中学,统招,599
1190,31109530,马永华,女,二十四中,中学,统招,599
1190,31109828,汪盈宏,女,三十六中,中学,统招,599
1190,31111216,王广宇,男,二十二中,中学,统招,599
1190,31112019,李季轩,女,三十六中,中学,统招,599
1190,51102425,纪微微,女,太阳升中,中学,统招,599
1190,21102927,吴爽,女,四十四中,四中,统招,599
1190,21105319,马国鹏,男,七十九中,四中,统招,599
1190,51206617,郑艳婷,女,双榆中学,四中,统招,599
1190,61101128,刘佳,女,五十七中,四中,统招,599
1190,61104404,于丰睿,男,五十一中,四中,统招,599
1190,61105129,高原,男,六十一中,四中,统招,599
1190,61105411,王雨阳,女,十九中学,四中,统招,599
1190,61105413,赵璐,女,五十七中,四中,统招,599
1218,31100405,徐楠,男,一中,一中,统招,598
1218,31102921,秦琼,女,一中,一中,统招,598
1218,31104516,李兰宁,男,三十中,一中,统招,598
1218,31106726,孔雪,女,一中,一中,统招,598
1218,31108817,石峰,男,一中,一中,统招,598
1218,31109021,刘宇飞,男,一中,一中,统招,598
1218,31115007,李鑫源,男,一中,一中,统招,598
1218,41100914,张晶,女,十六中,一中,统招,598
1218,61101611,李泽尧,女,五十七中,东风中学,统招,598
1218,01100218,李珊珊,女,林甸初中,中学,统招,598
1218,31100504,李佳怡,女,一中,中学,统招,598
1218,31100824,梁旭,男,三十六中,中学,统招,598
1218,31101813,刘勇伯,男,三十六中,中学,统招,598
1218,31103326,崔振海,男,二十四中,中学,统招,598
1218,31107620,王琪,女,三十六中,中学,统招,598
1218,31114304,朱立群,男,三十中,中学,统招,598
1218,31115204,陶冶,男,二十四中,中学,统招,598
1218,91100104,刘文龙,男,杜蒙初中,中学,统招,598
1218,21107810,孙蕊,女,六十六中,四中,统招,598
1218,41101512,胡克涛,男,十六中,四中,统招,598
1218,41101730,戴晓丹,女,四十二中,四中,统招,598
1218,41102406,刘宏哲,男,十六中,四中,统招,598
1218,41104812,王超,男,四十二中,四中,统招,598
1218,61101311,井然,女,五十七中,四中,统招,598
1218,61101317,陈丽宇,女,十九中学,四中,统招,598
1218,61102414,邢馨元,女,三十一中,四中,统招,598
1218,61102611,魏纯龙,男,十九中学,四中,统招,598
1218,61102729,孙继峰,男,六十一中,四中,统招,598
1218,61104303,徐迪,女,十九中学,四中,统招,598
1218,81100124,李凡非,男,肇源初中,四中,统招,598
1248,31106304,张碧野,男,一中,一中,统招,597
1248,31110320,吕沫,女,一中,一中,统招,597
1248,31115703,蔡妮园,女,一中,一中,统招,597
1248,01100213,刘登峰,男,林甸初中,东风中学,统招,597
1248,01100219,唐龙,男,林甸初中,东风中学,统招,597
1248,21107725,张博渊,男,十三中,东风中学,统招,597
1248,61102323,王宇,男,十九中学,东风中学,统招,597
1248,21100805,解宇亭,男,四十四中,中学,统招,597
1248,21102019,王彼得,男,四十中,中学,统招,597
1248,31102027,钟鑫,男,三十六中,中学,统招,597
1248,31102402,陈潇潇,女,一中,中学,统招,597
1248,31103301,何湘竹,女,二十二中,中学,统招,597
1248,31107019,孙文锐,男,六十四中,中学,统招,597
1248,31109910,黄拓,男,三十六中,中学,统招,597
1248,31112619,李喆,女,五十八中,中学,统招,597
1248,41101924,孙晶,女,十中,中学,统招,597
1248,51102509,刘隆,男,五十六中,中学,统招,597
1248,51106026,侯维杰,男,老山头中,中学,统招,597
1248,31103922,倪俊,男,二十八中,二十八中学,统招,597
1248,21104606,陈殿龙,男,二十一中,四中,统招,597
1248,41102915,董莉莉,女,十六中,四中,统招,597
1248,41103812,宋杨,男,六十五中,四中,统招,597
1248,51103625,刘振伟,男,三十二中,四中,统招,597
1248,61100120,代一涵,男,五十一中,四中,统招,597
1248,61100330,付雪飞,女,十九中学,四中,统招,597
1248,61101024,李俊超,男,十九中学,四中,统招,597
1248,61101401,高晗,女,五十一中,四中,统招,597
1248,61101924,梁睿,女,五十七中,四中,统招,597
1248,61102211,甄晴,女,五十一中,四中,统招,597
1248,61102324,梁珊珊,女,六十一中,四中,统招,597
1248,61104004,沈淇,男,六十一中,四中,统招,597
1248,61104225,张圆辰,男,五十一中,四中,统招,597
1248,81100120,滕越超,男,肇源初中,四中,统招,597
1281,21102714,徐旭,女,九中,一中,统招,596
1281,31101418,张亮,男,一中,一中,统招,596
1281,31106602,李富源,男,一中,一中,统招,596
1281,31106817,蔡文迪,女,一中,一中,统招,596
1281,31110315,李博,男,一中,一中,统招,596
1281,31113501,陈思,女,一中,一中,统招,596
1281,31115019,周峰,男,一中,一中,统招,596
1281,31115623,李文斌,男,一中,一中,统招,596
1281,21103020,岳晓庆,女,四十四中,东风中学,统招,596
1281,21104208,吴九达,男,六十九中,东风中学,统招,596
1281,21100525,石达菲,女,六十九中,中学,统招,596
1281,21104124,姜远航,男,六十九中,中学,统招,596
1281,21105527,王春雨,男,四十四中,中学,统招,596
1281,31104902,李天宇,男,一中,中学,统招,596
1281,31113114,张文婷,女,景园中学,中学,统招,596
1281,41101428,王鸿儒,男,五十二中,中学,统招,596
1281,51103319,白云明,男,祝三中学,中学,统招,596
1281,51103818,崔建福,男,高台中学,中学,统招,596
1281,21101510,张瑜,女,六十六中,四中,统招,596
1281,21101812,李哲,男,八中,四中,统招,596
1281,21103520,陈晨,女,八中,四中,统招,596
1281,61102504,姜恩浩,男,四十九中,四中,统招,596
1303,31100526,王悦,女,一中,一中,统招,595
1303,31100906,文竹,女,一中,一中,统招,595
1303,31101423,杨帆,女,一中,一中,统招,595
1303,31101802,刘垚楠,男,一中,一中,统招,595
1303,31102306,崔烨,女,一中,一中,统招,595
1303,31108214,李铮,男,一中,一中,统招,595
1303,31108528,王艺娜,女,一中,一中,统招,595
1303,31109619,陈明强,男,一中,一中,统招,595
1303,31110311,辛丹琪,女,十四中,一中,统招,595
1303,31112425,孙思雨,女,一中,一中,统招,595
1303,31113026,王适择,男,一中,一中,统招,595
1303,31113921,王澜璁,男,一中,一中,统招,595
1303,31115517,程天一,女,一中,一中,统招,595
1303,41100230,符鹏程,男,十中,一中,统招,595
1303,51105508,肖健龙,男,三十二中,一中,统招,595
1303,21105329,王拓迪,女,四十四中,东风中学,统招,595
1303,21108318,赵灵可,女,十三中,东风中学,统招,595
1303,41101224,张丹丹,女,十六中,东风中学,统招,595
1303,51105714,闫枭雄,男,五十六中,东风中学,统招,595
1303,61104118,陈朋,男,十九中学,东风中学,统招,595
1303,01100117,沈学影,女,林甸初中,中学,统招,595
1303,21102118,王威,男,二十三中,中学,统招,595
1303,21102205,张津龙,男,九中,中学,统招,595
1303,31101001,王吴迪,男,二十五中,中学,统招,595
1303,31112708,李季,男,三十六中,中学,统招,595
1303,31115604,李爽,女,二十五中,中学,统招,595
1303,41100407,程雪龙,男,四十二中,中学,统招,595
1303,41105229,汪明雪,女,五十二中,中学,统招,595
1303,51106103,刘忠敏,男,太阳升中,中学,统招,595
1303,01100229,刘琳琳,女,林甸初中,四中,统招,595
1303,01100407,冯佳婧,女,林甸初中,四中,统招,595
1303,21102623,赵悦扬,女,四十中,四中,统招,595
1303,31108210,王雪,女,四十六中,四中,统招,595
1303,41101301,于维伟,男,二十七中,四中,统招,595
1303,41101925,王景琳,女,二十七中,四中,统招,595
1303,41101927,刘思奇,男,六十五中,四中,统招,595
1303,61101915,董春鸣,男,五十七中,四中,统招,595
1303,61102121,牟爽,女,十九中学,四中,统招,595
1303,61103425,历贺,女,四十九中,四中,统招,595
1303,61103429,王婧斯,女,五十七中,四中,统招,595
1303,61103720,潘周,女,十九中学,四中,统招,595
1303,61104506,周子勋,男,六十一中,四中,统招,595
1303,31110804,李梦喆,女,景园中学,石油高中,统招,595
1346,21107202,刘金朝,女,二十三中,一中,统招,594
1346,31100604,朱宵悦,男,三十中,一中,统招,594
1346,31101930,李思龙,女,一中,一中,统招,594
1346,31102512,王文波,男,一中,一中,统招,594
1346,31103527,于洋,女,一中,一中,统招,594
1346,31103715,慕洵,男,一中,一中,统招,594
1346,31109125,杨菀薇,女,一中,一中,统招,594
1346,31113020,程超,女,一中,一中,统招,594
1346,81100112,邱玉婷,女,肇源初中,一中,统招,594
1346,01100409,杜婷婷,女,林甸初中,东风中学,统招,594
1346,21107820,陈聪,女,四十四中,东风中学,统招,594
1346,31111614,尹佳,女,二十四中,东风中学,统招,594
1346,01100419,宋年强,男,林甸初中,中学,统招,594
1346,21103203,柏宇佳,男,四十四中,中学,统招,594
1346,21108029,苑晨,女,十三中,中学,统招,594
1346,31104127,张力夫,男,三十六中,中学,统招,594
1346,31107801,魏琳,女,一中,中学,统招,594
1346,41100324,赵宇,女,十六中,中学,统招,594
1346,41104318,龙菲,女,四十七中,中学,统招,594
1346,01100316,李冰,男,林甸初中,四中,统招,594
1346,21100428,孙维霄,女,四十四中,四中,统招,594
1346,21100825,于淼,男,四十四中,四中,统招,594
1346,21101110,张静雅,女,六十九中,四中,统招,594
1346,31106909,黄贺,女,四十六中,四中,统招,594
1346,31110325,马旭洁,女,六十四中,四中,统招,594
1346,31114013,付策,男,一中,四中,统招,594
1346,31114820,林海石,男,景园中学,四中,统招,594
1346,61101502,杨航,男,五十一中,四中,统招,594
1346,61102629,张旭,女,六十一中,四中,统招,594
1346,61102705,何腾蛟,男,五十一中,四中,统招,594
1346,61103229,蒋爽,男,四十三中,四中,统招,594
1377,31100411,李明东,男,二十四中,一中,统招,593
1377,31100730,王萌,女,二十八中,一中,统招,593
1377,31102522,戴经纬,男,一中,一中,统招,593
1377,31104401,高婧,女,四十六中,一中,统招,593
1377,31104704,刘嘉兴,男,一中,一中,统招,593
1377,31110429,孟琦,女,三十六中,一中,统招,593
1377,31113623,葛质斌,男,一中,一中,统招,593
1377,21101009,王印,女,八中,东风中学,统招,593
1377,21106308,林枫,男,五十五中,东风中学,统招,593
1377,51105608,冯铁君,女,三十二中,东风中学,统招,593
1377,21102514,刘美欧,女,二十三中,中学,统招,593
1377,31101211,于泳强,男,三十六中,中学,统招,593
1377,31101312,贺莹,女,三十中,中学,统招,593
1377,31105018,金鑫,男,三十四中,中学,统招,593
1377,31109208,王倩颖,女,二十四中,中学,统招,593
1377,31110521,张润泽,男,二十四中,中学,统招,593
1377,31112313,陈天一,男,三十六中,中学,统招,593
1377,31112829,刘星池,男,三十六中,中学,统招,593
1377,31114428,张岳峰,男,三十六中,中学,统招,593
1377,41105226,刘铁,男,杏树岗中,中学,统招,593
1377,41105705,王雪,女,十六中,中学,统招,593
1377,31115525,伍一鸣,男,二十八中,二十八中学,统招,593
1377,91100124,孙连静,女,杜蒙初中,十中,统招,593
1377,21103026,李思佳,女,五十五中,四中,统招,593
1377,61100225,范雅云,女,五十七中,四中,统招,593
1377,61100422,秦雪,女,五十一中,四中,统招,593
1377,61100624,李重毅,男,五十七中,四中,统招,593
1377,61100728,段磊,女,十九中学,四中,统招,593
1377,61101726,孙辉,男,五十七中,四中,统招,593
1377,61102823,朱慕涵,女,五十七中,四中,统招,593
1377,61104330,崔璨,男,十九中学,四中,统招,593
1408,21106510,公丕明,女,二十三中,一中,统招,592
1408,31110622,胡浩,男,一中,一中,统招,592
1408,31111709,文宪,女,一中,一中,统招,592
1408,51101309,王金萍,女,太阳升中,三十五中学,统招,592
1408,21105228,金明浩,男,六中,东风中学,统招,592
1408,21101620,岳靓,女,二十三中,中学,统招,592
1408,21102712,王克雪,男,五十五中,中学,统招,592
1408,21106504,唐晨亮,男,十三中,中学,统招,592
1408,31100404,侯磊,男,三十六中,中学,统招,592
1408,31103327,欧海晨,男,二十五中,中学,统招,592
1408,31107016,张宇,男,二十五中,中学,统招,592
1408,31109617,周筱龙,男,二十五中,中学,统招,592
1408,31113922,周泳含,女,景园中学,中学,统招,592
1408,41104627,郭琳玥,女,五十二中,中学,统招,592
1408,21104826,谢竺霖,女,六十六中,四中,统招,592
1408,21105418,赵烨,女,六十九中,四中,统招,592
1408,21106002,魏崇巍,女,五十五中,四中,统招,592
1408,21108630,柏林欢,女,六十九中,四中,统招,592
1408,31104202,白宇,女,四十六中,四中,统招,592
1408,31109408,郭馨蔚,女,一中,四中,统招,592
1408,61101507,张胤虹,女,六十一中,四中,统招,592
1408,61103020,王晓琪,女,五十一中,四中,统招,592
1408,91100110,罗绍锐,女,杜蒙初中,四中,统招,592
1431,21102629,韩锐琦,女,九中,一中,统招,591
1431,31114724,史冶,男,一中,一中,统招,591
1431,51100916,刘莹,女,三十二中,一中,统招,591
1431,21104714,陶冶,男,五十五中,东风中学,统招,591
1431,21109013,肖戈,女,五十五中,东风中学,统招,591
1431,41101618,冯瑶,女,六十五中,东风中学,统招,591
1431,21105721,关文宇,男,六十九中,中学,统招,591
1431,31100724,刘静,女,三中,中学,统招,591
1431,31101222,赵立威,男,三十六中,中学,统招,591
1431,31110310,徐春亮,男,三十六中,中学,统招,591
1431,31114202,史蕾,女,三十六中,中学,统招,591
1431,41100216,苏垚,女,四十二中,中学,统招,591
1431,41105223,谢丹,女,十六中,中学,统招,591
1431,41101605,杜超,男,十中,十中,统招,591
1431,21105111,徐宏利,男,十二中,四中,统招,591
1431,21107416,何敬阳,女,六十六中,四中,统招,591
1431,41103317,侯安琪,女,四十二中,四中,统招,591
1431,61100716,邹兆丰,男,五十七中,四中,统招,591
1431,61100810,王晓,女,六十一中,四中,统招,591
1431,61100823,耿乙群,女,六十一中,四中,统招,591
1431,61102122,季旭,男,三十一中,四中,统招,591
1431,61102502,吕萌奇,女,十九中学,四中,统招,591
1431,61103027,高原,女,六十一中,四中,统招,591
1431,61103909,刘佳,女,五十一中,四中,统招,591
1431,61104620,韩鹏,男,四十九中,四中,统招,591
1431,61105110,刘珊珊,女,四十九中,四中,统招,591
1431,61105224,袁昳玮,女,四十三中,四中,统招,591
1431,61105303,王钰鑫,男,五十一中,四中,统招,591
1431,61106029,李星锐,男,五十一中,四中,统招,591
1460,21102113,张友钧,男,祥阁学校,一中,统招,590
1460,21104219,郑玉,女,五十五中,一中,统招,590
1460,31100425,纪桂平,男,三十中,一中,统招,590
1460,31104121,孙再冉,女,二十八中,一中,统招,590
1460,31104918,冯佳楠,女,一中,一中,统招,590
1460,31105007,毛文碧,女,一中,一中,统招,590
1460,51102917,王春阳,男,三十七中,一中,统招,590
1460,51206505,李红,女,八井中学,三十五中学,统招,590
1460,21108116,黄羿鑫,男,五十五中,东风中学,统招,590
1460,21108317,黎晓庆,男,二十一中,东风中学,统招,590
1460,51103505,龚清华,男,五十六中,东风中学,统招,590
1460,61100614,张巨辰,男,五十七中,东风中学,统招,590
1460,21102314,应玉龙,男,九中,中学,统招,590
1460,31101310,周然,女,三十六中,中学,统招,590
1460,31104522,李莹,女,三十六中,中学,统招,590
1460,31106521,李净薇,女,一中,中学,统招,590
1460,31107118,李睿,女,十四中,中学,统招,590
1460,31108322,金蓉蓉,女,三十六中,中学,统招,590
1460,31108824,李玉芬,女,喇镇中学,中学,统招,590
1460,31109924,陈白雪,女,二十五中,中学,统招,590
1460,31110713,阿忠凯,男,二十八中,中学,统招,590
1460,31112304,孙畅,女,二十五中,中学,统招,590
1460,31114624,张雪,女,十四中,中学,统招,590
1460,41102505,张鑫,男,五十二中,中学,统招,590
1460,51101015,张晓娜,女,高台中学,中学,统招,590
1460,51102226,徐鹏宇,男,三十二中,中学,统招,590
1460,51104203,李文涛,男,老山头中,中学,统招,590
1460,01100108,徐孟千,女,林甸初中,四中,统招,590
1460,21104130,张金凤,女,六十九中,四中,统招,590
1460,21105818,于莎莎,女,四十四中,四中,统招,590
1460,31111110,宋佳,女,二十四中,四中,统招,590
1460,31115116,贾野,女,景园中学,四中,统招,590
1460,41104319,杨程,女,十六中,四中,统招,590
1460,61102019,于健,男,五十中学,四中,统招,590
1460,61102329,阚鹏翔,男,五十一中,四中,统招,590
1460,61105701,乔欣,女,五十七中,四中,统招,590
1496,31101003,王曦,女,一中,一中,统招,589
1496,31104503,于浩忙,男,二十四中,一中,统招,589
1496,31113007,毕世鹏,男,一中,一中,统招,589
1496,31114803,胡馨升,女,二十八中,一中,统招,589
1496,01100326,杨凯,男,林甸初中,东风中学,统招,589
1496,01100427,刘景欢,男,林甸初中,东风中学,统招,589
1496,31112919,何玉莹,女,五十八中,东风中学,统招,589
1496,41103529,杨晓庆,女,十七中,东风中学,统招,589
1496,51100722,王振宇,男,老山头中,东风中学,统招,589
1496,51102327,程续,男,五十六中,东风中学,统招,589
1496,01100418,李凯,男,林甸初中,中学,统招,589
1496,21102708,于连杰,男,十三中,中学,统招,589
1496,21107217,张一鸣,男,十三中,中学,统招,589
1496,31108511,魏嘉庆,男,三十六中,中学,统招,589
1496,31108712,田梦,女,六十四中,中学,统招,589
1496,31110827,宋金晓,女,三十六中,中学,统招,589
1496,31111121,孙文涛,男,三中,中学,统招,589
1496,81100103,赵亮,男,肇源初中,中学,统招,589
1496,41104609,王丽华,女,十中,十中,统招,589
1496,21105205,王乐,女,八中,四中,统招,589
1496,31109912,王龙娜,女,六十四中,四中,统招,589
1496,41104320,王浩,男,四十二中,四中,统招,589
1496,41105503,任伟,男,十中,四中,统招,589
1496,61101703,于丰铭,男,五十一中,四中,统招,589
1496,61102525,曹婷婷,女,六十一中,四中,统招,589
1496,61102816,赵长龙,男,五十一中,四中,统招,589
1496,61103017,刘博,男,三十一中,四中,统招,589
1496,61103818,刘晰宇,男,五十一中,四中,统招,589
1496,61105103,王爽,女,六十一中,四中,统招,589
1496,61105710,赵群,女,五十一中,四中,统招,589
1526,31109307,王霄,女,一中,一中,统招,588
1526,81100111,杨博超,男,肇源初中,一中,统招,588
1526,21100502,王兴华,男,五十五中,东风中学,统招,588
1526,51104925,李军雨,男,祝三中学,东风中学,统招,588
1526,01100321,尹龙泉,男,林甸初中,中学,统招,588
1526,21108426,任洁,女,十三中,中学,统招,588
1526,31102407,李建虎,男,二十五中,中学,统招,588
1526,31105320,李鹤男,女,三十六中,中学,统招,588
1526,31107817,侯立明,男,三十六中,中学,统招,588
1526,31109210,刘昊昌,男,景园中学,中学,统招,588
1526,31109310,崔洪源,男,三十六中,中学,统招,588
1526,31111009,裴兆清,男,二十八中,中学,统招,588
1526,31111213,李艳男,女,三十六中,中学,统招,588
1526,31113729,张世凤,女,四十六中,中学,统招,588
1526,31114716,孙明,女,一中,中学,统招,588
1526,51102304,徐辰男,男,三十七中,中学,统招,588
1526,51102726,郭得龙,男,太阳升中,中学,统招,588
1526,31106416,柯岩,女,二十八中,二十八中学,统招,588
1526,31103014,徐鹤,女,景园中学,四中,统招,588
1526,41103616,宫娜,女,六十五中,四中,统招,588
1526,61102024,付丽丽,女,六十一中,四中,统招,588
1526,61102517,王冰,女,四十九中,四中,统招,588
1526,61102908,严晓宇,女,五十七中,四中,统招,588
1526,61104801,张春雨,男,十九中学,四中,统招,588
1526,61105402,崔娜,女,六十一中,四中,统招,588
1526,91100122,田鹏,男,杜蒙初中,四中,统招,588
1552,21100823,王子赫,男,六十九中,一中,统招,587
1552,21100924,赵晨,女,八中,一中,统招,587
1552,21109112,韩旭,女,六十九中,一中,统招,587
1552,31100603,王宇,男,一中,一中,统招,587
1552,31101404,于洋,女,一中,一中,统招,587
1552,31104013,郑旭,男,一中,一中,统招,587
1552,31106616,李骥楠,男,二十四中,一中,统招,587
1552,31106824,付博,男,一中,一中,统招,587
1552,31109821,纪策,男,一中,一中,统招,587
1552,31109827,李越,女,一中,一中,统招,587
1552,31111504,冯莹,女,二十五中,一中,统招,587
1552,31114021,周小燕,女,一中,一中,统招,587
1552,41102518,刘敬鑫,男,十七中,一中,统招,587
1552,21105614,赵心可,女,十三中,东风中学,统招,587
1552,51104528,刘潇,女,三十三中,东风中学,统招,587
1552,21101529,应玉双,男,九中,中学,统招,587
1552,21103718,贺岳,女,四十一中,中学,统招,587
1552,21109424,孟令丹,女,二十三中,中学,统招,587
1552,31100729,林叶,女,三十六中,中学,统招,587
1552,31101727,李娜,女,五十八中,中学,统招,587
1552,31104107,于淼,女,三十六中,中学,统招,587
1552,31108505,安莉,女,二十四中,中学,统招,587
1552,31113604,贾云,女,三十六中,中学,统招,587
1552,31114223,刘璐,女,五十八中,中学,统招,587
1552,41100629,许子庚,男,四十二中,中学,统招,587
1552,41102425,洪得亮,男,杏树岗中,中学,统招,587
1552,41102706,孙汉朝,男,四十二中,中学,统招,587
1552,41103221,韩光昭,男,十中,中学,统招,587
1552,41102803,韩竺蓄,女,十中,十中,统招,587
1552,31113611,曲文姝,女,三十六中,四中,统招,587
1552,41102410,李鹤,男,十六中,四中,统招,587
1552,61101907,赵一方,男,四十三中,四中,统招,587
1552,61103712,孙宇,男,六十一中,四中,统招,587
1552,61104220,汪春鹏,女,十九中学,四中,统招,587
1586,31101120,毕玉,女,一中,一中,统招,586
1586,31102726,姜悦,女,一中,一中,统招,586
1586,31105105,徐赫,男,一中,一中,统招,586
1586,31106801,庞迪,男,三十中,一中,统招,586
1586,31108509,曲胜龙,男,一中,一中,统招,586
1586,21100706,姜楠,男,六十九中,东风中学,统招,586
1586,21102703,王莹璨,女,六十六中,东风中学,统招,586
1586,51100828,纪耸峰,男,太阳升中,东风中学,统招,586
1586,61101204,周浩然,男,十九中学,东风中学,统招,586
1586,61104516,张曲静,女,六十一中,东风中学,统招,586
1586,01100408,李智杰,男,林甸初中,中学,统招,586
1586,21104415,刘斯路,女,二十三中,中学,统招,586
1586,21104711,梁海涛,男,十三中,中学,统招,586
1586,31106408,崔雅雯,女,十四中,中学,统招,586
1586,31108424,李梦滢,女,二十四中,中学,统招,586
1586,31108615,邹晓光,男,喇镇中学,中学,统招,586
1586,31109006,王良良,男,十一中,中学,统招,586
1586,31115419,谢小璐,女,一中,中学,统招,586
1586,31115513,马鑫,男,三十六中,中学,统招,586
1586,31115527,梁彬睿,男,十四中,中学,统招,586
1586,41100302,孙傲,男,十七中,中学,统招,586
1586,41100804,吕鹏程,男,五十二中,中学,统招,586
1586,41102306,李昶,女,五十二中,中学,统招,586
1586,61106210,郭凯,男,十九中学,中学,统招,586
1586,31100421,祝茄芪,男,二十八中,二十八中学,统招,586
1586,31108030,贾世丽,女,二十八中,二十八中学,统招,586
1586,21103110,张丹,女,四十四中,四中,统招,586
1586,31107802,贾丹,女,喇镇中学,四中,统招,586
1586,31108317,焦晓倩,女,三十中,四中,统招,586
1586,31109802,高莹,女,景园中学,四中,统招,586
1586,41100108,刘璐,女,四十二中,四中,统招,586
1586,41100329,李娜娜,女,四十二中,四中,统招,586
1586,41101715,申善姬,女,四十二中,四中,统招,586
1586,41105121,张迪,女,四十二中,四中,统招,586
1586,61101018,丁祎,女,六十一中,四中,统招,586
1586,61101411,王卓阳,男,四十三中,四中,统招,586
1586,61103922,张渴健,男,十九中学,四中,统招,586
1586,61104010,王磊,男,六十一中,四中,统招,586
1586,61105127,孙尧,女,四十九中,四中,统招,586
1586,61106002,管昊,女,四十九中,四中,统招,586
1586,31103509,张捷,女,二十八中,石油高中,统招,586
1627,31100913,陈晨,女,一中,一中,统招,585
1627,31101220,曾一,男,景园中学,一中,统招,585
1627,31101618,张霖,男,一中,一中,统招,585
1627,31103112,梁家铭,男,一中,一中,统招,585
1627,31107015,张东阳,男,一中,一中,统招,585
1627,21103027,周一娜,女,四十中,东风中学,统招,585
1627,21103429,石鑫,女,六十六中,东风中学,统招,585
1627,21103728,么振凯,男,四十四中,东风中学,统招,585
1627,21108529,夏树刚,男,五十五中,东风中学,统招,585
1627,21106515,李昊,男,八中,中学,统招,585
1627,31100628,王涛,男,景园中学,中学,统招,585
1627,31106818,刘鑫钰,男,三十四中,中学,统招,585
1627,31107305,张群,女,二十八中,中学,统招,585
1627,31107820,崔贺禹,男,三十六中,中学,统招,585
1627,31107919,李杨,女,三十中,中学,统招,585
1627,31113006,张帆,男,三十六中,中学,统招,585
1627,31113723,卢冠林,男,十四中,中学,统招,585
1627,41102101,葛臣,男,二十七中,中学,统招,585
1627,41102421,刘大可,男,十六中,中学,统招,585
1627,41104504,冯明喜,男,十六中,中学,统招,585
1627,51102312,王琦,女,五十六中,中学,统招,585
1627,41100110,胡蓉雪,女,十中,十中,统招,585
1627,31103210,刘魏巍,女,三十中,四中,统招,585
1627,31104609,高雪,女,十四中,四中,统招,585
1627,41104519,林美岑,女,十七中,四中,统招,585
1627,61100803,武晨楠,女,五十七中,四中,统招,585
1627,61101515,盖全星,男,四十九中,四中,统招,585
1627,61101629,夏溥阳,男,五十一中,四中,统招,585
1627,61103130,杨帆,男,三十一中,四中,统招,585
1656,31101515,谢珺,男,一中,一中,统招,584
1656,31101921,田韵,女,一中,一中,统招,584
1656,31102729,李欣桐,男,景园中学,一中,统招,584
1656,31112802,夏蕾,女,二十四中,一中,统招,584
1656,61105321,刘峥,女,五十七中,一中,统招,584
1656,01100429,张越,女,林甸初中,东风中学,统招,584
1656,21105315,耿丽丽,女,八中,东风中学,统招,584
1656,51100510,杨宇,女,三十二中,东风中学,统招,584
1656,61104319,杨博,男,十九中学,东风中学,统招,584
1656,01100103,赵丽丽,女,林甸初中,中学,统招,584
1656,21107113,张宇,男,四十四中,中学,统招,584
1656,31100721,郑杨,女,景园中学,中学,统招,584
1656,31100921,孙彤童,男,三十六中,中学,统招,584
1656,31105230,仲敏,女,三十中,中学,统招,584
1656,31107429,张旭,男,三十六中,中学,统招,584
1656,31107911,崔博文,男,三十六中,中学,统招,584
1656,31108911,张森,男,六十四中,中学,统招,584
1656,31109113,郑瑜,男,一中,中学,统招,584
1656,31109124,李一阳,女,二十四中,中学,统招,584
1656,31111424,董郝,女,一中,中学,统招,584
1656,21104610,刘畅,女,八中,四中,统招,584
1656,31100929,孙婷,女,景园中学,四中,统招,584
1656,31103207,纪元冰,男,一中,四中,统招,584
1656,61100519,王洋,男,五十七中,四中,统招,584
1656,61102224,孙志超,男,三十一中,四中,统招,584
1656,61103810,安正林,男,龙镇一中,四中,统招,584
1682,31101825,张龙泽,男,一中,一中,统招,583
1682,31105115,张洋,男,一中,一中,统招,583
1682,31109012,王淼,男,一中,一中,统招,583
1682,31109520,李载睿,男,一中,一中,统招,583
1682,31109811,吴冠仪,女,一中,一中,统招,583
1682,31113203,丁可,女,景园中学,一中,统招,583
1682,31113914,卢旭,女,三十中,一中,统招,583
1682,41101026,徐哲,男,十七中,一中,统招,583
1682,41105516,王钊,男,五十二中,一中,统招,583
1682,01100114,胡海燕,女,林甸初中,东风中学,统招,583
1682,21102809,张滢滢,女,五十五中,东风中学,统招,583
1682,21104927,孙浩婷,女,五十五中,东风中学,统招,583
1682,41100104,田东升,男,十六中,东风中学,统招,583
1682,51105818,刘国柱,男,三十二中,东风中学,统招,583
1682,61102728,李晓龙,男,十九中学,东风中学,统招,583
1682,21107527,胡庆,男,祥阁学校,中学,统招,583
1682,21108904,柳杨,男,十三中,中学,统招,583
1682,31102104,綦春泽,男,一中,中学,统招,583
1682,31105114,殷实,男,景园中学,中学,统招,583
1682,31105508,林冬雪,女,二十五中,中学,统招,583
1682,31106218,周鑫,男,三十六中,中学,统招,583
1682,31106712,乔天宇,男,五十八中,中学,统招,583
1682,31110502,肖志霞,女,三中,中学,统招,583
1682,41102829,付世龙,男,十中,中学,统招,583
1682,51101702,吕凤革,女,祝三中学,中学,统招,583
1682,51103403,韩晓晨,男,五十六中,五十六中学,统招,583
1682,21100407,陈泳彤,女,八中,四中,统招,583
1682,21101227,刘月,女,五十五中,四中,统招,583
1682,21104205,葛洪磊,男,八中,四中,统招,583
1682,31103803,马振帅,女,六十四中,四中,统招,583
1682,31107313,林雪,男,三十中,四中,统招,583
1682,41105510,修金鑫,女,四十二中,四中,统招,583
1682,61101725,宋佳徽,男,三十一中,四中,统招,583
1682,61103111,夏崇顺,男,十九中学,四中,统招,583
1682,61103923,安阳,女,五十一中,四中,统招,583
1682,61104610,王云龙,男,四十九中,四中,统招,583
1718,21105810,许雪楠,女,六十九中,东风中学,统招,582
1718,21107015,朱恩颂,男,六十六中,东风中学,统招,582
1718,31111906,赵静,女,二十二中,东风中学,统招,582
1718,51102009,郭宝吉,男,新华中学,东风中学,统招,582
1718,61100216,宋阳,女,十九中学,东风中学,统招,582
1718,31100702,周雅卿,女,二十四中,中学,统招,582
1718,31101311,尹海权,男,三中,中学,统招,582
1718,31102210,董功鑫,男,一中,中学,统招,582
1718,31106509,王苓力,女,三十六中,中学,统招,582
1718,31111602,付兰清,男,三十六中,中学,统招,582
1718,31112721,陆凭,女,一中,中学,统招,582
1718,31112817,蔡郁文,女,三十六中,中学,统招,582
1718,41100509,张佳莹,女,十六中,中学,统招,582
1718,41101810,高飞飞,女,十七中,中学,统招,582
1718,21102721,闫庆涛,男,八中,四中,统招,582
1718,21106220,熊鑫,女,六十九中,四中,统招,582
1718,31103328,林寒,女,二十四中,四中,统招,582
1718,31108915,殷达,女,三十中,四中,统招,582
1718,31110701,滕立惠,女,二十四中,四中,统招,582
1718,41100107,韩欣甜,女,十中,四中,统招,582
1718,61100325,窦彦涵,女,六十一中,四中,统招,582
1718,61102223,马梁,男,四十三中,四中,统招,582
1718,61105602,李亢,男,十九中学,四中,统招,582
1718,61106026,佟彤,女,五十一中,四中,统招,582
1742,01100127,朱旭,男,林甸初中,东风中学,统招,581
1742,21102622,谢幸幸,女,六十六中,东风中学,统招,581
1742,21103221,许晶游,女,八中,东风中学,统招,581
1742,21104917,李演演,女,五十五中,东风中学,统招,581
1742,21108605,陈晓青,女,五十五中,东风中学,统招,581
1742,41100710,郑旭亮,男,四十二中,东风中学,统招,581
1742,41103022,丁立波,男,杏树岗中,东风中学,统招,581
1742,41105514,孟然,男,四十二中,东风中学,统招,581
1742,51101423,丁超,男,三十七中,东风中学,统招,581
1742,61104823,陈爽,女,十九中学,东风中学,统招,581
1742,31101413,于爽,女,一中,中学,统招,581
1742,31101623,马深慧,女,景园中学,中学,统招,581
1742,31103627,史伟庆,男,二十二中,中学,统招,581
1742,31103703,张泽宇,女,三十六中,中学,统招,581
1742,31106819,王晓君,女,三十六中,中学,统招,581
1742,31108423,崔洋,女,三十六中,中学,统招,581
1742,31110305,于歌,女,二十二中,中学,统招,581
1742,31110318,李宏洋,男,三十六中,中学,统招,581
1742,31111517,辛雪,女,二十八中,中学,统招,581
1742,31112413,丛杉,男,三十六中,中学,统招,581
1742,31112507,侯若淞,男,景园中学,中学,统招,581
1742,31112525,夏远强,男,三十中,中学,统招,581
1742,31115618,施黎明,男,喇镇中学,中学,统招,581
1742,71100105,高健,女,肇州初中,中学,统招,581
1742,51105524,胡子龙,男,五十六中,五十六中学,统招,581
1742,01100208,孙泽南,女,林甸初中,四中,统招,581
1742,21101506,黄洋,男,四十中,四中,统招,581
1742,31112719,南春园,女,二十四中,四中,统招,581
1742,61100223,樊广斌,男,三十一中,四中,统招,581
1742,61100230,黄晓旭,女,十九中学,四中,统招,581
1742,61100629,赵极,男,十九中学,四中,统招,581
1742,61101221,曲镜璇,女,五十一中,四中,统招,581
1742,61101509,王润,男,六十一中,四中,统招,581
1742,61102027,高鹏博,男,五十一中,四中,统招,581
1742,61103109,孙晗,女,五十七中,四中,统招,581
1742,61104617,胡玥,女,五十一中,四中,统招,581
1742,61104826,刘娟,女,四十九中,四中,统招,581
1742,91100106,全威,女,杜蒙初中,四中,统招,581
1780,51101513,王岩,女,高台中学,三十五中学,统招,580
1780,21104005,于佳双,女,四十四中,东风中学,统招,580
1780,21104828,李甜,女,五十五中,东风中学,统招,580
1780,21105310,李鹏,男,四十四中,东风中学,统招,580
1780,41103909,全晓玫,女,十六中,东风中学,统招,580
1780,61104430,张英博,男,十九中学,东风中学,统招,580
1780,61105528,张童,女,六十一中,东风中学,统招,580
1780,01100311,王宝琦,男,林甸初中,中学,统招,580
1780,21100512,徐博,女,二十一中,中学,统招,580
1780,21101025,柳佳,男,二十三中,中学,统招,580
1780,21101327,矫大鹏,男,四十四中,中学,统招,580
1780,31100703,刘洁,女,三十中,中学,统招,580
1780,31101414,徐纯鹏,男,三十六中,中学,统招,580
1780,31101527,马珺,女,三十六中,中学,统招,580
1780,31101820,孙玉竹,女,景园中学,中学,统招,580
1780,31102503,王夫男,男,二十四中,中学,统招,580
1780,31104616,李星宇,男,二十四中,中学,统招,580
1780,31106219,张乘铭,男,一中,中学,统招,580
1780,31108124,艾久超,男,景园中学,中学,统招,580
1780,31108608,丁倩,女,景园中学,中学,统招,580
1780,31108713,刘冬炎,男,三十六中,中学,统招,580
1780,31109724,熊迪,女,一中,中学,统招,580
1780,21100111,王丽娜,女,六十九中,四中,统招,580
1780,21100330,曹晗,男,五十五中,四中,统招,580
1780,21105627,李天竹,女,四十中,四中,统招,580
1780,21107122,张宪一,女,六十九中,四中,统招,580
1780,31107416,解婧,女,四十六中,四中,统招,580
1780,61100329,孙怡浓,女,四十九中,四中,统招,580
1780,61104001,夏天,女,十九中学,四中,统招,580
1780,61104109,叶佳男,女,五十一中,四中,统招,580
1780,61106206,赵俊一,女,五十七中,四中,统招,580
1780,21102124,代明媚,女,九中,石油高中,统招,580
1812,01100217,刘得栋,男,林甸初中,东风中学,统招,579
1812,21100609,王鑫龙,男,五十五中,东风中学,统招,579
1812,21105920,颜君怡,女,六十九中,东风中学,统招,579
1812,31101014,易天娇,女,一中,东风中学,统招,579
1812,31110909,金鑫,男,十四中,东风中学,统招,579
1812,51101422,刘中亮,男,太阳升中,东风中学,统招,579
1812,51101804,史蒙蒙,女,祝三中学,东风中学,统招,579
1812,61101205,张雨,女,龙镇一中,东风中学,统招,579
1812,61101302,王贺,男,龙镇一中,东风中学,统招,579
1812,61104725,张喆,男,十九中学,东风中学,统招,579
1812,21100415,金立鑫,男,六十九中,中学,统招,579
1812,21103726,夏丽超,女,十三中,中学,统招,579
1812,31100705,唐健,女,三十中,中学,统招,579
1812,31103429,杨飞宇,女,二十五中,中学,统招,579
1812,31105803,周博,女,一中,中学,统招,579
1812,31109414,李佳雯,女,一中,中学,统招,579
1812,31110925,马蔚东,男,二十八中,中学,统招,579
1812,31112205,孙强,男,三中,中学,统招,579
1812,31113610,高铎,男,一中,中学,统招,579
1812,31113818,王頔,男,四十六中,中学,统招,579
1812,21100527,黄璐奕,女,四十四中,四中,统招,579
1812,21102705,屠超,女,五十五中,四中,统招,579
1812,31108711,马昂,男,景园中学,四中,统招,579
1812,31112011,郭一鸣,男,一中,四中,统招,579
1812,41101526,毕爽,女,四十二中,四中,统招,579
1812,41102411,姜涛,男,四十二中,四中,统招,579
1812,61100308,陈博,男,六十一中,四中,统招,579
1812,61100711,李木子,女,五十一中,四中,统招,579
1812,61100904,李洋,男,十九中学,四中,统招,579
1812,61101224,刘禹熙,女,五十中学,四中,统招,579
1812,61102124,王旭,男,十九中学,四中,统招,579
1812,61102914,黄雪莹,女,五十一中,四中,统招,579
1812,31102108,宋金开,女,一中,石油高中,统招,579
1812,31103012,江珊,女,五十八中,石油高中,统招,579
1846,51101124,郑丹丹,女,高台中学,三十五中学,统招,578
1846,51105113,黄文娟,女,三十二中,三十五中学,统招,578
1846,21105227,苗辰,男,四十四中,东风中学,统招,578
1846,21108812,初爱璐,男,五十五中,东风中学,统招,578
1846,31108627,郭灿,女,五十八中,东风中学,统招,578
1846,41103019,张宇,男,十七中,东风中学,统招,578
1846,41103325,朴春,女,六十五中,东风中学,统招,578
1846,51100319,刘文婷,女,三十二中,东风中学,统招,578
1846,51100925,柳成慧,女,太阳升中,东风中学,统招,578
1846,51105910,孙娅楠,女,五十六中,东风中学,统招,578
1846,61100501,李思维,女,四十九中,东风中学,统招,578
1846,31100823,陈婧,女,一中,中学,统招,578
1846,31101317,高珊,女,一中,中学,统招,578
1846,31101706,陈曦,女,一中,中学,统招,578
1846,31107028,高存义,男,一中,中学,统招,578
1846,31108425,张一敬,女,景园中学,中学,统招,578
1846,31109318,李楠,男,三十中,中学,统招,578
1846,41103629,王杨,男,二十七中,中学,统招,578
1846,41103904,苏淼,女,四十二中,中学,统招,578
1846,41105208,何沐,男,十中,中学,统招,578
1846,51102313,李嫒媛,女,三十七中,中学,统招,578
1846,51104217,杜微,男,高台中学,中学,统招,578
1846,81100115,邢家琪,女,肇源初中,中学,统招,578
1846,21107507,王丹丹,女,二十三中,四中,统招,578
1846,21108324,赵迪,女,四十中,四中,统招,578
1846,41101009,于淼一,女,十七中,四中,统招,578
1846,41103611,董兆辉,男,十六中,四中,统招,578
1846,61101910,李帅,男,十九中学,四中,统招,578
1846,61102309,马岩,男,五十七中,四中,统招,578
1846,61102824,钟珊,女,十九中学,四中,统招,578
1846,61103116,赵芯,女,十九中学,四中,统招,578
1846,61105212,王景龙,男,四十九中,四中,统招,578
1846,31113812,宋丽丽,女,十一中,石油高中,统招,578
1879,51105707,孙亮,男,三十二中,三十五中学,统招,577
1879,31109004,张阳,女,二十八中,东风中学,统招,577
1879,41101120,郝艳玲,女,四十二中,东风中学,统招,577
1879,41103421,周美玲,女,杏树岗中,东风中学,统招,577
1879,61103501,付沈,女,十九中学,东风中学,统招,577
1879,21104028,杜久泉,男,四十四中,中学,统招,577
1879,31100512,陈聪,女,三十六中,中学,统招,577
1879,31100804,车扬,女,景园中学,中学,统招,577
1879,31101313,魏梦莹,女,三十六中,中学,统招,577
1879,31105003,张佳鑫,男,三十六中,中学,统招,577
1879,31105912,魏来,男,三十六中,中学,统招,577
1879,31106208,李云鹤,女,三十六中,中学,统招,577
1879,31107613,尤越,男,四十六中,中学,统招,577
1879,31109529,孔庆阳,男,景园中学,中学,统招,577
1879,31109708,苏宝鑫,男,景园中学,中学,统招,577
1879,31110021,霍志超,男,四十六中,中学,统招,577
1879,31111215,贾志明,男,三十六中,中学,统招,577
1879,31112905,田京京,男,三十六中,中学,统招,577
1879,31114702,张凌晖,男,三十六中,中学,统招,577
1879,21100820,高雪,女,四十四中,四中,统招,577
1879,21105904,宋世超,男,六十九中,四中,统招,577
1879,31103007,姜兴娟,女,喇镇中学,四中,统招,577
1879,31106727,李白玉,女,二十四中,四中,统招,577
1879,41103408,王雨荷,女,四十二中,四中,统招,577
1879,41105915,梁晨,女,十六中,四中,统招,577
1879,51105303,高晓杰,女,五十六中,四中,统招,577
1879,61100717,颜艳,女,五十一中,四中,统招,577
1879,61102804,王椿笛,女,五十中学,四中,统招,577
1879,91100120,王爽,女,杜蒙初中,石油高中,统招,577
1908,51101119,李影,女,庆阳山中,三十五中学,统招,576
1908,21103211,曹达非,男,六十九中,东风中学,统招,576
1908,21103419,黄钺,男,六十九中,东风中学,统招,576
1908,21105129,张宁宁,女,四十四中,东风中学,统招,576
1908,21107615,廉洁,女,四十四中,东风中学,统招,576
1908,41100912,张海萌,女,杏树岗中,东风中学,统招,576
1908,41103521,刘明亮,男,六十五中,东风中学,统招,576
1908,41104726,何雪艳,女,六十五中,东风中学,统招,576
1908,51101001,张宇,女,三十七中,东风中学,统招,576
1908,51102402,刘婷婷,女,太阳升中,东风中学,统招,576
1908,51102526,钱坤,男,太阳升中,东风中学,统招,576
1908,61104508,刘一蕾,女,六十一中,东风中学,统招,576
1908,21100117,张文嘉,男,五十五中,中学,统招,576
1908,21100413,王思宁,男,六十九中,中学,统招,576
1908,21102221,邓青,女,六十九中,中学,统招,576
1908,21107804,杨平,女,六十六中,中学,统招,576
1908,31102113,钱宇,男,二十五中,中学,统招,576
1908,31102511,赵丹,女,景园中学,中学,统招,576
1908,31107520,胡琨,男,四十六中,中学,统招,576
1908,31108201,陈双,女,六十四中,中学,统招,576
1908,31108905,宋剑,男,三十六中,中学,统招,576
1908,31113513,李恺龙,男,三十六中,中学,统招,576
1908,31114125,程昕,男,二十八中,中学,统招,576
1908,41101616,张悦,女,十中,中学,统招,576
1908,21102219,陈璐,女,十三中,四中,统招,576
1908,21103830,孟丽,女,五十五中,四中,统招,576
1908,31114514,初夏,女,三十六中,四中,统招,576
1908,31114825,肖斌,男,十四中,四中,统招,576
1908,41101901,谢宁,男,十中,四中,统招,576
1908,41103214,金鹏,男,四十二中,四中,统招,576
1908,41105627,张悦,女,五十二中,四中,统招,576
1908,51100409,曲佰杰,男,三十二中,四中,统招,576
1908,51103218,张晓明,女,新华中学,四中,统招,576
1908,61102023,王婉,女,五十一中,四中,统招,576
1908,61102127,周云鹏,男,三十一中,四中,统招,576
1908,61104122,吴迪,女,十九中学,四中,统招,576
1944,51105915,丁志欣,女,大青山中,三十五中学,统招,575
1944,01100319,王志涛,男,林甸初中,东风中学,统招,575
1944,21103219,刘迪,女,四十四中,东风中学,统招,575
1944,21106714,刘露露,女,十二中,东风中学,统招,575
1944,31104009,王瑞雪,女,五十八中,东风中学,统招,575
1944,31110225,宋玉珠,女,喇镇中学,东风中学,统招,575
1944,31112306,魏雪,女,二十四中,东风中学,统招,575
1944,31112527,闫冬,男,二十四中,东风中学,统招,575
1944,31115609,杨宇昆,男,二十五中,东风中学,统招,575
1944,41103212,徐春竹,女,四十七中,东风中学,统招,575
1944,51104322,杨雪,女,高台中学,东风中学,统招,575
1944,61101712,白自宏,男,十九中学,东风中学,统招,575
1944,21102528,富冬月,女,四十四中,中学,统招,575
1944,21104902,李哲,女,二十三中,中学,统招,575
1944,31101030,孙美达,女,景园中学,中学,统招,575
1944,31101629,代杰,女,二十五中,中学,统招,575
1944,31107725,方正,男,六十四中,中学,统招,575
1944,31108616,何李群,女,三十六中,中学,统招,575
1944,31115123,李剑彪,男,一中,中学,统招,575
1944,31115503,雷天宇,男,一中,中学,统招,575
1944,31115511,汪津津,女,三十六中,中学,统招,575
1944,41104326,张岳,女,十六中,中学,统招,575
1944,51100524,陆丹丹,女,三十二中,中学,统招,575
1944,61105124,贾辰,女,六十一中,中学,统招,575
1944,21102609,陈拓,男,四十中,四中,统招,575
1944,31107321,吴茜,女,三十六中,四中,统招,575
1944,41105010,朱更新,男,十六中,四中,统招,575
1944,51104229,尹旭,男,祝三中学,四中,统招,575
1944,51105316,邵晨晖,女,新华中学,四中,统招,575
1944,61100118,李响,女,六十一中,四中,统招,575
1944,61100817,王超,男,六十一中,四中,统招,575
1944,61105213,蔡可为,男,五十一中,四中,统招,575
1944,61105410,李赫,男,三十一中,四中,统招,575
1944,81200201,贾红艳,女,肇源初中,四中,统招,575
1944,51105304,全海峰,男,和平牧场,石油高中,统招,575
1979,51102417,齐冬雪,女,三十二中,三十五中学,统招,574
1979,21100112,蒋智慧,女,五十五中,东风中学,统招,574
1979,21103207,徐骋,男,四十四中,东风中学,统招,574
1979,21106611,王琳,女,六十六中,东风中学,统招,574
1979,31102730,代莉,男,一中,东风中学,统招,574
1979,41100512,张天琪,男,十六中,东风中学,统招,574
1979,51104009,闫静,女,老山头中,东风中学,统招,574
1979,61104821,张明鑫,女,十九中学,东风中学,统招,574
1979,21105117,汪雪,女,八中,中学,统招,574
1979,31100520,宁秋菊,女,三十六中,中学,统招,574
1979,31103710,刘爽,男,十一中,中学,统招,574
1979,31105824,丁蕾,女,一中,中学,统招,574
1979,31106808,陈萌,女,二十八中,中学,统招,574
1979,31107505,魏鑫,女,三十中,中学,统招,574
1979,31110615,吴鹏飞,男,二十八中,中学,统招,574
1979,31113730,于海洋,男,三十四中,中学,统招,574
1979,41101109,张耘,男,十中,中学,统招,574
1979,01100320,王蒙,女,林甸初中,四中,统招,574
1979,21101219,郝丹丹,女,八中,四中,统招,574
1979,21104809,路鸣姝,女,五十五中,四中,统招,574
1979,21107305,周圣民,男,二十三中,四中,统招,574
1979,21109027,马天一,女,二十三中,四中,统招,574
1979,31101018,胡旭影,女,一中,四中,统招,574
1979,31102609,刘岳,男,四十六中,四中,统招,574
1979,31108720,金鑫,男,六十四中,四中,统招,574
1979,41105527,申婷,女,十中,四中,统招,574
1979,61101004,张姝婧,女,五十一中,四中,统招,574
1979,61102817,钟艺,女,六十一中,四中,统招,574
1979,61103025,潘博,女,五十七中,四中,统招,574
1979,61105512,杨娇,女,三十一中,四中,统招,574
1979,51104215,张天傲,女,和平牧场,石油高中,统招,574
2010,51104308,赵盼盼,女,大青山中,三十五中学,统招,573
2010,51206802,孔宝红,女,五十六中,五十六中学,统招,573
2012,41103730,牟晓明,男,杏树岗中,三十五中学,统招,572
2012,01100406,吕品,女,林甸初中,东风中学,自费,572
2012,41101523,宋凯,女,十中,东风中学,自费,572
2012,31113527,田镇羽,男,二十八中,二十八中学,统招,572
2012,51105206,赵红江,男,庆阳山中,五十六中学,统招,572
2012,41105913,潘虹,女,十中,十中,统招,572
2018,41104108,张瀚心,男,十六中,三十五中学,统招,571
2018,41104929,王超,男,五十二中,三十五中学,统招,571
2018,51103812,姜海燕,女,五十六中,东风中学,自费,571
2018,01100209,刘洋,男,林甸初中,二十三中学,统招,571
2018,31108721,李跃龙,男,十四中,二十八中学,统招,571
2018,51100204,丁雨,女,五十六中,五十六中学,统招,571
2018,51101524,苏丹,女,五十六中,五十六中学,统招,571
2018,51102020,周德龙,男,五十六中,五十六中学,统招,571
2018,51102203,冷洪媛,女,五十六中,五十六中学,统招,571
2018,41100317,李响,男,十中,十中,统招,571
2028,51100803,王影慧,女,三十二中,三十五中学,统招,570
2028,51102510,杨守山,男,三十二中,三十五中学,统招,570
2028,51105830,侯天甲,男,新华中学,三十五中学,统招,570
2028,31109527,梁迪,男,四十六中,东风中学,自费,570
2028,31103916,程星铭,男,二十八中,二十八中学,统招,570
2028,41105725,高飞,女,十中,十中,统招,570
2034,51104222,吕哲,女,三十三中,三十五中学,统招,569
2034,51105702,胡晶,女,三十二中,三十五中学,统招,569
2034,21104715,朴洪锡,男,八中,二十八中学,统招,569
2034,41101311,马晓昉,女,六十五中,二十八中学,统招,569
2034,31106827,万书涵,女,四十六中,十中,统招,569
2034,41103628,吕春怡,女,十中,十中,统招,569
2034,41105222,王婧,女,十中,十中,统招,569
2041,51100926,岳春晓,男,三十七中,三十五中学,统招,568
2041,51101014,徐伟,男,三十三中,三十五中学,统招,568
2041,51101310,李成瑞,男,五十六中,三十五中学,统招,568
2041,51104916,孙宏磊,男,三十二中,三十五中学,统招,568
2041,51105226,唐娟,女,三十二中,三十五中学,统招,568
2041,51105611,温双影,女,大青山中,三十五中学,统招,568
2041,21103818,刘睿,女,四十四中,东风中学,自费,568
2041,31100727,王跃胜,男,五十八中,东风中学,自费,568
2041,51103609,徐红丹,女,五十六中,五十六中学,统招,568
2041,31102920,郭原序,女,三十中,十中,统招,568
2041,41105009,张佳佳,女,十中,十中,统招,568
2041,31100427,李卓,女,一中,石油高中,统招,568
2053,31107826,褚绪,女,四十六中,三十九中学,统招,567
2053,21107407,丁翔宇,男,四十四中,三十五中学,统招,567
2053,31102430,王立元,男,一中,三十五中学,统招,567
2053,51105421,夏学庄,男,祝三中学,三十五中学,统招,567
2053,51105507,寇宝,男,高台中学,三十五中学,统招,567
2053,51105411,刘兆杰,男,五十六中,东风中学,自费,567
2053,01100121,宋年慧,男,林甸初中,二十八中学,统招,567
2053,21106218,付慧姝,女,六十九中,十中,自费,567
2053,41101424,蒋鑫浩,男,十中,十中,统招,567
2053,41103127,邢代玉,女,四十二中,石油高中,统招,567
2063,51206804,白雨,男,五十六中,三十五中学,统招,566
2063,21106024,尚云雁,女,四十四中,东风中学,自费,566
2063,21108501,刘小龙,男,四十四中,东风中学,自费,566
2063,31114509,陈继凯,男,二十八中,东风中学,自费,566
2063,41103606,陈玉,男,十七中,东风中学,自费,566
2063,31108018,邵帅,女,一中,二十八中学,统招,566
2063,31112128,张博闻,男,景园中学,石油高中,统招,566
2070,51100927,王朋雨,男,三十二中,三十五中学,统招,565
2070,51102205,巴超夫,女,祝三中学,三十五中学,统招,565
2070,21104521,黄国欢,男,五十五中,东风中学,自费,565
2070,21108305,颜子龙,男,六十九中,东风中学,自费,565
2070,01100416,徐洪伟,女,林甸初中,二十八中学,统招,565
2070,31110614,曲焱,男,二十五中,二十八中学,统招,565
2070,31104418,李晔,女,五十八中,石油高中,统招,565
2077,21100208,孙雪辰,女,六十九中,三十五中学,统招,564
2077,51100406,何晓岩,男,高台中学,三十五中学,统招,564
2077,51101208,邹良鹤,女,三十二中,三十五中学,统招,564
2077,51102110,吴凤香,女,三十七中,三十五中学,统招,564
2077,01100308,王贺,男,林甸初中,东风中学,自费,564
2077,61102108,胡雨奇,男,四十三中,二十三中学,统招,564
2077,01100116,袁圆,女,林甸初中,二十八中学,统招,564
2077,61103207,张雪,女,四十九中,五十六中学,统招,564
2077,01100305,王锐,女,林甸初中,石油高中,统招,564
2077,01100425,赵东学,男,林甸初中,石油高中,统招,564
2077,31110607,高冲,男,五十八中,石油高中,统招,564
2088,41101520,王润泽,男,二十七中,三十五中学,统招,563
2088,51103804,李建,男,新华中学,三十五中学,统招,563
2088,51105025,赵楠,男,新华中学,三十五中学,统招,563
2088,51105921,任宝玲,女,三十二中,三十五中学,统招,563
2088,51206520,葛云龙,男,八井中学,三十五中学,统招,563
2088,51105712,王雪莹,女,三十七中,东风中学,自费,563
2088,21105518,马艳玲,女,二十三中,二十八中学,统招,563
2088,21105609,胡竟嘉,男,六十九中,五十六中学,统招,563
2088,41100910,孙洪庆,男,杏树岗中,五十六中学,统招,563
2088,51206630,韩金双,男,双榆中学,五十六中学,统招,563
2088,31107125,李丽媛,女,六十四中,十中,统招,563
2088,31108929,王超,男,三十中,十中,统招,563
2088,41101928,王文娟,女,十中,十中,统招,563
2088,41103303,罗猛,男,十中,十中,统招,563
2088,01100118,李畅,女,林甸初中,石油高中,统招,563
2088,21106422,姜巍,男,二十三中,石油高中,统招,563
2104,61102526,葛杭,男,五十一中,三十九中学,统招,562
2104,41100610,兰真溪,女,杏树岗中,三十五中学,统招,562
2104,41104107,刘婷婷,女,六十五中,三十五中学,统招,562
2104,51100522,姜冠一,男,三十二中,三十五中学,统招,562
2104,51101628,王国龙,男,高台中学,三十五中学,统招,562
2104,51101929,张磊,男,三十三中,三十五中学,统招,562
2104,61103622,周再刚,男,四十九中,三十五中学,统招,562
2104,21102105,牟洋,男,六十九中,东风中学,自费,562
2104,21104701,王昕泽,男,六十九中,东风中学,自费,562
2104,31101407,孙颖慧,女,四十六中,东风中学,自费,562
2104,31110125,张天宇,男,二十八中,二十八中学,统招,562
2104,41101106,李凯,男,二十七中,二十八中学,统招,562
2104,61103410,商春园,女,五十中学,二十八中学,统招,562
2104,41104122,张宇,男,十中,十中,统招,562
2104,41104905,国晓敏,女,杏树岗中,十中,统招,562
2104,31113824,李博,男,三十六中,石油高中,统招,562
2120,61100917,李红岩,女,五十一中,三十九中学,统招,561
2120,61103426,杨龙,男,十九中学,三十九中学,统招,561
2120,51103116,杨金旭,女,三十三中,三十五中学,统招,561
2120,51104103,胡月明,女,三十三中,三十五中学,统招,561
2120,21100816,宋辞,男,六十九中,东风中学,自费,561
2120,21103706,宋晓庆,女,六十九中,东风中学,自费,561
2120,21104815,宫宇坤,女,四十四中,东风中学,自费,561
2120,61103519,蒋维,男,四十九中,东风中学,自费,561
2120,21108503,马威,男,六十九中,二十三中学,自费,561
2120,21102915,梁彬,男,十二中,二十八中学,统招,561
2120,31101909,柳慧良,男,一中,二十八中学,统招,561
2120,31105525,孙元,女,喇镇中学,二十八中学,统招,561
2120,21102121,孙宁,女,四十四中,十一中学,统招,561
2120,41100807,刘云珊,女,十中,十中,统招,561
2120,21100226,王湃,男,六十九中,石油高中,统招,561
2135,61101523,刘威,男,四十三中,三十九中学,统招,560
2135,21101122,李思卓,男,六十九中,三十五中学,统招,560
2135,21103527,陈嘉庆,男,六十九中,三十五中学,统招,560
2135,41101119,李攀,女,杏树岗中,三十五中学,统招,560
2135,41104503,韩梦瑜,男,杏树岗中,二十三中学,统招,560
2135,51100707,刘婷,女,祝三中学,五十六中学,统招,560
2135,51105229,邓超,男,五十六中,五十六中学,统招,560
2135,41103125,于天培,男,十中,十中,统招,560
2143,31106529,李静,女,三十四中,三十五中学,统招,559
2143,51101029,陶海霞,女,高台中学,三十五中学,统招,559
2143,21101607,邵恒,女,六十九中,东风中学,自费,559
2143,21103608,许凯,男,五十五中,东风中学,自费,559
2143,21108011,姜莹,女,六十九中,东风中学,自费,559
2143,31102412,王璐璐,女,一中,二十三中学,统招,559
2143,31109517,孙立鹏,男,二十八中,二十八中学,统招,559
2143,31112416,侯金帅,男,二十八中,二十八中学,统招,559
2143,31114215,李冬旭,男,二十八中,二十八中学,统招,559
2143,41104008,杨铎,男,四十二中,二十八中学,统招,559
2143,51102902,邵辰雷,男,五十六中,五十六中学,统招,559
2143,41102919,刘佳,女,十中,十中,统招,559
2143,61103022,王坤,女,十九中学,十中,统招,559
2143,31102208,张桐,男,一中,石油高中,统招,559
2157,51101430,闫涛,女,三十二中,三十五中学,统招,558
2157,51101801,李卫光,女,三十二中,三十五中学,统招,558
2157,51104721,郑重,男,三十二中,三十五中学,统招,558
2157,51105724,梁宇虹,女,高台中学,三十五中学,统招,558
2157,51105829,王瑶,女,祝三中学,三十五中学,统招,558
2157,51206517,梁东,男,五十六中,三十五中学,统招,558
2157,31104403,张雯,女,一中,二十三中学,统招,558
2157,41105006,蔡玮,女,十六中,二十八中学,统招,558
2157,51100712,王兴岩,男,五十六中,五十六中学,统招,558
2157,51101925,邵强,男,祝三中学,五十六中学,统招,558
2157,21105417,宫紫蔷,女,六十六中,石油高中,统招,558
2157,21107326,崔娟娟,女,十二中,石油高中,统招,558
2157,31114026,张士菲,女,十四中,石油高中,统招,558
2157,61104229,周雪,女,十九中学,石油高中,统招,558
2171,61100111,陆瑶,女,六十一中,三十九中学,统招,557
2171,61104021,刘美佳,女,五十一中,三十九中学,统招,557
2171,21106411,杜洪伟,女,六十九中,三十五中学,统招,557
2171,41100622,蔡盼盼,女,杏树岗中,三十五中学,统招,557
2171,41100828,丁祁,男,二十七中,三十五中学,统招,557
2171,51102409,李贤龙,男,祝三中学,三十五中学,统招,557
2171,51102410,高文庆,男,庆阳山中,三十五中学,统招,557
2171,51103219,张秀龙,男,高台中学,三十五中学,统招,557
2171,51206728,盖冬辉,男,双榆中学,三十五中学,统招,557
2171,51206904,刘广福,男,双榆中学,三十五中学,统招,557
2171,61103230,赵爽,女,四十九中,三十五中学,统招,557
2171,21105214,李会英,女,四十四中,东风中学,自费,557
2171,31102530,玄昶,男,一中,东风中学,自费,557
2171,21102920,吴蔚,男,八中,二十八中学,统招,557
2171,21108517,王柏佳,女,祥阁学校,二十八中学,统招,557
2171,31103403,刘乔,男,二十八中,二十八中学,统招,557
2171,31105924,蔡伟,男,二十八中,二十八中学,统招,557
2171,61105327,赵长雷,男,四十三中,五十六中学,统招,557
2171,31101512,杨帆,男,六十四中,十中,统招,557
2171,31111412,姚雪娇,女,十四中,十中,统招,557
2171,41100628,张德跃,男,杏树岗中,十中,统招,557
2171,41103223,隋羽,女,十中,十中,统招,557
2171,41105701,杜鹏飞,男,十中,十中,统招,557
2171,21102904,郭佳岐,女,四十四中,石油高中,统招,557
2171,31106627,高群松,男,十四中,石油高中,统招,557
2171,61101007,盖诗婵,女,十九中学,石油高中,统招,557
2197,61100321,黄乃琦,女,五十一中,三十九中学,统招,556
2197,61100523,李冰寒,男,六十一中,三十九中学,统招,556
2197,21108726,杜洪宇,女,六十九中,三十五中学,统招,556
2197,51100407,王立加,男,庆阳山中,三十五中学,统招,556
2197,51100501,张铁楠,男,三十二中,三十五中学,统招,556
2197,31115515,李芳菲,女,景园中学,东风中学,自费,556
2197,61103123,马晓亮,男,四十九中,东风中学,自费,556
2197,31110520,王鹤朝,男,一中,二十三中学,统招,556
2197,51105120,李梦雪,女,五十六中,五十六中学,统招,556
2197,31106324,李思博,男,二十四中,十中,统招,556
2197,31109326,吴庆雷,男,喇镇中学,石油高中,统招,556
2197,61100128,李佳玲,女,十九中学,石油高中,统招,556
2209,61103627,娄本强,男,六十一中,三十九中学,统招,555
2209,51206327,姜海龙,男,八井中学,三十五中学,统招,555
2209,51100529,裴雪妲,女,新华中学,东风中学,自费,555
2209,21100909,吴迪,女,六十九中,二十三中学,统招,555
2209,31107630,姚淼,女,一中,二十八中学,统招,555
2209,31110314,安金洋,男,三十中,二十八中学,统招,555
2209,31114623,周旋,女,二十八中,二十八中学,统招,555
2209,41100829,王建明,男,十中,十中,统招,555
2209,41100911,吴昊,男,十中,十中,统招,555
2209,41101014,刘璐,女,十中,十中,统招,555
2209,41105102,佟森,男,十中,十中,统招,555
2209,21103712,张月明,男,六中,石油高中,统招,555
2209,31105415,周宇阳,男,景园中学,石油高中,统招,555
2209,41102903,王强,男,五十二中,石油高中,统招,555
2223,41103605,史红薇,女,二十七中,三十五中学,统招,554
2223,51104120,蔡庆超,男,五十六中,三十五中学,统招,554
2223,31109703,刚绍旭,男,一中,东风中学,自费,554
2223,31102203,高原,男,三十六中,二十八中学,统招,554
2223,31103609,刘天航,男,景园中学,二十八中学,统招,554
2223,41100403,郑璐,男,十中,十中,统招,554
2223,31106121,张小川,男,一中,石油高中,统招,554
2230,31101708,吴鹏,男,一中,三十九中学,统招,553
2230,61105319,赵紫桐,男,五十一中,三十九中学,统招,553
2230,51104109,崔光媛,女,三十三中,三十五中学,统招,553
2230,51206504,杨盼盼,女,双榆中学,三十五中学,统招,553
2230,31110124,祖军,男,一中,东风中学,自费,553
2230,31103102,于征,女,一中,二十八中学,统招,553
2230,61101927,麻双龙,男,四十九中,二十八中学,统招,553
2230,61105522,耿立强,男,四十九中,二十八中学,统招,553
2230,41102914,袁佳铭,男,杏树岗中,五十六中学,统招,553
2230,51102310,侯献强,男,五十六中,五十六中学,统招,553
2230,51104213,田圆,女,五十六中,五十六中学,统招,553
2230,31102105,苏建滨,男,十四中,十中,统招,553
2230,31107001,谢坤,男,四十六中,十中,统招,553
2230,31109913,闫馨,女,四十六中,十中,统招,553
2230,41101514,宋雨馨,女,四十二中,十中,统招,553
2230,41101529,接莹,女,十六中,十中,统招,553
2230,41103203,霍睿,男,十中,十中,统招,553
2247,61100403,关欣,女,四十三中,三十九中学,统招,552
2247,41104606,李竞茹,女,杏树岗中,三十五中学,统招,552
2247,51101106,杨海宇,男,大青山中,三十五中学,统招,552
2247,51101818,杨海巍,男,三十三中,三十五中学,统招,552
2247,51104201,王金凤,女,庆阳山中,三十五中学,统招,552
2247,51104601,张思维,女,三十二中,三十五中学,统招,552
2247,51104828,周启超,男,三十七中,三十五中学,统招,552
2247,81100101,张伟佳,男,肇源初中,三十五中学,统招,552
2247,21100610,王思思,女,六十九中,东风中学,自费,552
2247,51100516,姜东旭,男,三十二中,东风中学,自费,552
2247,31101611,宫浩,男,二十八中,二十八中学,统招,552
2247,31105405,杨可新,男,二十八中,二十八中学,统招,552
2247,51103305,陈硕,女,五十六中,五十六中学,统招,552
2247,21108607,刘琳,女,十三中,十中,统招,552
2247,31101507,姜宇,女,四十六中,十中,统招,552
2247,31113223,吴恙,男,四十六中,十中,统招,552
2247,41100621,王伟光,男,十中,十中,统招,552
2247,31103928,李栋,男,一中,石油高中,统招,552
2247,31110029,吴庆龙,男,三十六中,石油高中,统招,552
2247,31110625,刘琦,女,四十六中,石油高中,统招,552
2247,61105404,任国双,男,龙镇一中,石油高中,统招,552
2268,61102325,邵奇伟,男,四十三中,三十九中学,统招,551
2268,51103111,刘越,男,三十二中,三十五中学,统招,551
2268,21105529,荣幸,女,六十九中,东风中学,自费,551
2268,31105001,王超群,男,景园中学,东风中学,自费,551
2268,41104425,万辛龙,男,四十七中,东风中学,自费,551
2268,31103601,杨光,女,四十六中,二十三中学,统招,551
2268,31106128,肖陶,女,二十八中,二十八中学,统招,551
2268,31113515,王涵,女,四十六中,二十八中学,统招,551
2268,41100627,李昊,女,十中,十中,统招,551
2268,41103828,宋扬,女,十中,十中,统招,551
2268,41103930,蔡浩,男,十中,十中,统招,551
2268,31103303,秦孟营,女,二十四中,石油高中,统招,551
2268,61101220,李洪来,男,龙镇一中,石油高中,统招,551
2268,61104419,岳雪峰,男,十九中学,石油高中,统招,551
2282,21108504,艾莹,女,十三中,三十五中学,统招,550
2282,31110818,潘海峰,女,十四中,三十五中学,统招,550
2282,31111126,万隆,男,二十四中,三十五中学,统招,550
2282,51100418,张硕,女,五十六中,东风中学,自费,550
2282,31113620,董翠丽,女,喇镇中学,二十八中学,统招,550
2282,41102312,梁洪杰,女,十六中,五十六中学,统招,550
2282,41100723,梁锐,男,十中,十中,统招,550
2282,41102510,张巍巍,女,二十七中,十中,统招,550
2282,41103006,徐潇毓,女,十中,十中,统招,550
2282,31101213,谭铮,男,一中,石油高中,统招,550
2282,31102813,李海亮,男,三十六中,石油高中,统招,550
2293,61102418,吴迪,男,五十一中,三十九中学,统招,549
2293,41100119,祁玲艳,女,十六中,三十五中学,统招,549
2293,51101615,张秀权,男,高台中学,三十五中学,统招,549
2293,51102502,闫明月,女,大青山中,三十五中学,统招,549
2293,51102926,杨兴丽,女,高台中学,三十五中学,统招,549
2293,51103622,刘庆,男,高台中学,三十五中学,统招,549
2293,51105209,庞智慧,男,三十二中,三十五中学,统招,549
2293,21107225,张步实,男,四十四中,东风中学,自费,549
2293,31104727,张瑞,男,三十六中,二十三中学,统招,549
2293,31102501,付英亮,男,二十八中,二十八中学,统招,549
2293,31107513,李南,女,三十六中,二十八中学,统招,549
2293,31112903,梁景睿,男,三十六中,二十八中学,统招,549
2293,31115103,王海强,男,三十中,二十八中学,统招,549
2293,51105903,陈希,男,五十六中,五十六中学,统招,549
2293,31109604,蔡景雯,男,十四中,十中,统招,549
2293,41105012,于佳,女,十中,十中,统招,549
2293,61100507,高海庆,男,十九中学,十中,统招,549
2293,61102103,张海庆,男,十九中学,十中,统招,549
2293,21101420,王悦,男,八中,石油高中,统招,549
2293,31112521,刘乐然,女,一中,石油高中,统招,549
2313,61103105,王鹏,男,四十三中,三十九中学,统招,548
2313,41105419,蒋圣博,男,十六中,三十五中学,统招,548
2313,51101117,张影,女,三十二中,三十五中学,统招,548
2313,51101610,杨书杰,女,五十六中,三十五中学,统招,548
2313,51103118,胡双,男,三十二中,三十五中学,统招,548
2313,31114130,刘政麟,男,二十八中,二十八中学,统招,548
2313,31114721,梁歆爽,女,二十八中,二十八中学,统招,548
2313,41100315,赵金龙,男,杏树岗中,五十六中学,统招,548
2313,41103515,张浩,男,四十二中,十中,统招,548
2313,41105817,王嘉宝,女,十中,十中,统招,548
2313,61100811,王光奇,男,十九中学,十中,统招,548
2324,61100130,陈明超,男,五十一中,三十九中学,统招,547
2324,51206808,孙立双,男,八井中学,三十五中学,统招,547
2324,21102409,张清新,男,五十五中,东风中学,自费,547
2324,31101308,姚迪,女,二十八中,二十八中学,统招,547
2324,31102621,高雨微,女,四十五中,二十八中学,自费,547
2324,31111024,李然,男,三十四中,二十八中学,统招,547
2324,31112828,关雪莲,女,二十八中,二十八中学,统招,547
2324,51206809,顾婷婷,女,五十六中,五十六中学,统招,547
2324,31107812,张湘崎,女,景园中学,十中,统招,547
2324,41101426,刘莉娜,女,十中,十中,统招,547
2324,41103901,史旭颖,女,杏树岗中,十中,统招,547
2324,41104523,张莉,女,十七中,十中,统招,547
2336,31103717,李艾霖,男,一中,三十九中学,统招,546
2336,21106523,权起杓,男,十三中,三十五中学,统招,546
2336,21107801,马超,男,四十中,三十五中学,统招,546
2336,41101122,李继伟,男,五十九中,三十五中学,统招,546
2336,41101427,侯翠翠,女,十六中,三十五中学,统招,546
2336,41105325,刘桂民,男,二十七中,三十五中学,统招,546
2336,51101130,董经纶,男,三十二中,三十五中学,统招,546
2336,51101930,韩世刚,男,大青山中,三十五中学,统招,546
2336,51102216,张旭,女,三十二中,三十五中学,统招,546
2336,51102323,周彦超,男,高台中学,三十五中学,统招,546
2336,51104427,李志强,男,高台中学,三十五中学,统招,546
2336,21103909,唐英莉,女,六十六中,二十八中学,统招,546
2336,31111821,刘鑫磊,男,四十五中,二十八中学,统招,546
2336,31112602,李志鹏,男,一中,二十八中学,统招,546
2336,41102806,王洪莹,女,二十七中,二十八中学,统招,546
2336,31103202,赵博,男,四十六中,十中,统招,546
2336,41100122,孙涛,男,杏树岗中,十中,统招,546
2336,61100707,刘洪磊,女,十九中学,十中,统招,546
2336,61103628,唐爽,女,十九中学,十中,统招,546
2336,21106101,王忠涛,男,六十六中,石油高中,统招,546
2356,61102709,刘洋,男,五十一中,三十九中学,统招,545
2356,41101314,冯铄,男,四十二中,三十五中学,统招,545
2356,41102304,张戈夫,男,五十二中,三十五中学,统招,545
2356,41104906,张福玲,女,五十二中,三十五中学,统招,545
2356,51100813,姚广成,男,高台中学,三十五中学,统招,545
2356,51101205,孙人伟,女,三十二中,三十五中学,统招,545
2356,51101221,赵雨停,女,五十六中,三十五中学,统招,545
2356,51104119,赵天婷,女,庆阳山中,三十五中学,统招,545
2356,51104927,于杰,女,高台中学,三十五中学,统招,545
2356,51105622,荣海微,女,老山头中,三十五中学,统招,545
2356,51206803,李海英,女,庆阳山中,三十五中学,统招,545
2356,61101607,潘首冰,男,四十九中,三十五中学,统招,545
2356,31102322,滕海璐,女,一中,东风中学,自费,545
2356,31109805,倪龙君,男,一中,东风中学,自费,545
2356,51102626,于泽,男,五十六中,东风中学,自费,545
2356,51105613,惠婷婷,女,三十七中,东风中学,自费,545
2356,31101019,刘晓卫,男,四十六中,二十三中学,统招,545
2356,41103430,杨淼,女,四十二中,二十八中学,统招,545
2356,51101813,潘蕊,女,五十六中,五十六中学,统招,545
2356,51206416,冯莉莉,女,五十六中,五十六中学,统招,545
2356,51206710,姚立娟,女,八井中学,五十六中学,统招,545
2356,31108101,张瑞,女,三十中,十中,统招,545
2356,41104203,时恒磊,女,十中,十中,统招,545
2356,21100806,王子维,男,六十九中,石油高中,统招,545
2356,21102230,赵冰颖,女,二十三中,石油高中,统招,545
2356,31101429,康帝,男,三十六中,石油高中,统招,545
2356,31104026,焦阳,女,三十六中,石油高中,统招,545
2356,31104926,雷雪,女,景园中学,石油高中,统招,545
2356,31109907,李彤枫,男,三十六中,石油高中,统招,545
2356,41105530,刘利刚,男,十六中,石油高中,统招,545
2386,21107530,张岩,男,四十四中,三十五中学,统招,544
2386,21107617,邢静,女,二十三中,三十五中学,统招,544
2386,41101015,于广泽,男,五十二中,三十五中学,统招,544
2386,41103415,刘欢,男,二十七中,三十五中学,统招,544
2386,51104029,石伟东,男,祝三中学,三十五中学,统招,544
2386,51104226,张雪,女,高台中学,三十五中学,统招,544
2386,51104512,孙振宝,男,高台中学,三十五中学,统招,544
2386,51104825,刘国东,男,老山头中,三十五中学,统招,544
2386,51206518,张春光,男,庆阳山中,三十五中学,统招,544
2386,31113416,张国涛,男,喇镇中学,二十八中学,统招,544
2386,51100528,侯淼,男,五十六中,五十六中学,统招,544
2386,51103025,闫萍,女,老山头中,五十六中学,统招,544
2386,41105101,秦树国,男,杏树岗中,十中,统招,544
2386,31114406,候进超,男,十四中,石油高中,统招,544
2386,31115407,吴冬雪,女,五十八中,石油高中,统招,544
2401,61101612,郑岩,男,六十一中,三十九中学,统招,543
2401,61102126,闻一平,男,五十一中,三十九中学,统招,543
2401,61104524,马光宇,男,五十一中,三十九中学,统招,543
2401,51102702,王建树,男,八井中学,三十五中学,统招,543
2401,51103425,白雪松,男,五十六中,三十五中学,统招,543
2401,51104010,杨柳,女,五十六中,三十五中学,统招,543
2401,31108229,马玉娟,女,喇镇中学,二十八中学,统招,543
2401,41102723,马亭亭,女,杏树岗中,五十六中学,统招,543
2401,51100830,项韵霓,女,五十六中,五十六中学,统招,543
2401,21109019,张朔,男,二十三中,十中,统招,543
2401,31107414,张颖,女,景园中学,石油高中,统招,543
2401,31114815,薛婧鑫,女,十四中,石油高中,统招,543
2413,61100405,马天明,男,五十一中,三十九中学,统招,542
2413,61100926,范爽,女,十九中学,三十九中学,统招,542
2413,61102113,张爽,女,五十一中,三十九中学,统招,542
2413,21101224,魏一光,女,六十九中,三十五中学,统招,542
2413,31112217,杨健,男,一中,三十五中学,统招,542
2413,41100527,汤春玲,女,四十二中,三十五中学,统招,542
2413,41104713,姜雪,女,十六中,三十五中学,统招,542
2413,51101607,孙威,男,高台中学,三十五中学,统招,542
2413,51104311,丛珊珊,女,老山头中,三十五中学,统招,542
2413,51106009,赵万欣,女,三十三中,三十五中学,统招,542
2413,21103522,王钰,女,六十九中,东风中学,自费,542
2413,21107022,孙大兴,男,四十中,东风中学,自费,542
2413,31105402,李超,女,六十四中,东风中学,自费,542
2413,21105506,孙婉竹,女,八中,二十三中学,统招,542
2413,21106125,李欣桐,女,二十三中,二十三中学,统招,542
2413,21107812,潘莉丽,女,二十三中,二十三中学,统招,542
2413,31105403,张红蕊,女,三十四中,二十三中学,统招,542
2413,41104728,黄国葳,女,四十二中,二十三中学,统招,542
2413,31100928,刘佳,女,喇镇中学,二十八中学,统招,542
2413,31101223,姜润寒,女,一中,二十八中学,统招,542
2413,31105621,胡远超,男,景园中学,二十八中学,统招,542
2413,31107824,王莹,女,一中,二十八中学,统招,542
2413,31108116,胡诚南,男,一中,二十八中学,统招,542
2413,31114606,高文波,男,五十八中,二十八中学,统招,542
2413,21102726,刘庆龙,男,十三中,五十六中学,统招,542
2413,51103520,张立福,男,祝三中学,五十六中学,统招,542
2413,31105713,都成龙,男,二十四中,十中,统招,542
2413,31115025,黄天豪,男,一中,十中,统招,542
2413,41104809,王艳春,男,杏树岗中,十中,统招,542
2413,41104927,肖冬冬,男,杏树岗中,十中,统招,542
2413,61103917,姜炳强,男,十九中学,十中,统招,542
2413,21106007,万青松,男,十二中,石油高中,统招,542
2413,31102127,王俏,女,二十五中,石油高中,统招,542
2413,31105222,赵雨什,男,十四中,石油高中,统招,542
2413,31108230,张帅,男,四十六中,石油高中,统招,542
2413,41105027,赵括,男,五十九中,石油高中,统招,542
2413,61104806,吴南,女,五十七中,石油高中,统招,542
2450,61104901,葛哲奉,男,六十一中,三十九中学,统招,541
2450,61105329,姜孟宇,男,六十一中,三十九中学,统招,541
2450,21102901,苏阔,男,六十九中,三十五中学,统招,541
2450,21109114,唐威,男,二十三中,三十五中学,统招,541
2450,31111927,白帆,男,三十六中,三十五中学,统招,541
2450,41101223,周利利,女,杏树岗中,三十五中学,统招,541
2450,41104305,李雪,女,二十七中,三十五中学,统招,541
2450,51100408,姚冰冰,女,祝三中学,三十五中学,统招,541
2450,51100703,刘晶,女,三十三中,三十五中学,统招,541
2450,51102120,陈丽娜,女,大青山中,三十五中学,统招,541
2450,51103418,张友奇,男,三十二中,三十五中学,统招,541
2450,51104013,贾亮,女,高台中学,三十五中学,统招,541
2450,51104910,张迪,女,五十六中,三十五中学,统招,541
2450,51105415,刘晓梦,女,三十三中,三十五中学,统招,541
2450,21103412,左超旭,男,六十九中,东风中学,自费,541
2450,31102510,田欣如,女,一中,东风中学,自费,541
2450,31111122,栾玙璠,女,一中,东风中学,自费,541
2450,31115711,陈雪飞,女,五十八中,东风中学,自费,541
2450,61102618,王璐,女,四十九中,东风中学,自费,541
2450,61103816,刘勇,男,十九中学,东风中学,自费,541
2450,61104607,张莉莹,女,四十三中,东风中学,自费,541
2450,21100707,王典,男,二十三中,二十三中学,统招,541
2450,21101030,王鹏,男,六十九中,二十三中学,统招,541
2450,21103010,董士飞,男,十三中,二十八中学,统招,541
2450,21104320,贺露鹭,女,二十三中,二十八中学,统招,541
2450,21106803,王晓丹,女,四十中,二十八中学,统招,541
2450,31101504,杨恩龙,男,三十六中,二十八中学,统招,541
2450,31102022,张宇多,男,一中,二十八中学,统招,541
2450,31108009,赵乾英,女,三十中,二十八中学,统招,541
2450,31112318,李小龙,男,三十六中,二十八中学,统招,541
2450,31115329,何康,男,一中,二十八中学,统招,541
2450,51102724,王健龙,男,五十六中,五十六中学,统招,541
2450,51105711,韩博,男,五十六中,五十六中学,统招,541
2450,61102715,李庆冬,男,四十三中,五十六中学,统招,541
2450,31110230,陈俊伊,男,十四中,十中,统招,541
2450,41100227,谢梦星,女,十中,十中,统招,541
2450,41100304,刘立娟,女,杏树岗中,十中,统招,541
2450,41102525,王杰,女,杏树岗中,十中,统招,541
2450,01100414,戚美璇,女,林甸初中,石油高中,统招,541
2450,21107412,马楠,女,五十五中,石油高中,统招,541
2450,21108418,李闯,男,七十九中,石油高中,统招,541
2450,31111218,苏子悦,女,一中,石油高中,统招,541
2450,41102703,杨絮,女,六十五中,石油高中,统招,541
2450,51104509,郭新如,女,和平牧场,石油高中,统招,541
2450,61101106,邬庆辉,男,五十中学,石油高中,统招,541
2495,61101827,王晶,女,四十三中,三十九中学,统招,540
2495,61102529,田俊,男,六十一中,三十九中学,统招,540
2495,61103704,孙玥,女,五十一中,三十九中学,统招,540
2495,61106106,王梦寒,男,六十一中,三十九中学,统招,540
2495,21102417,韩旭,女,十三中,三十五中学,统招,540
2495,31114818,栾奕,女,一中,三十五中学,统招,540
2495,51100702,王金涛,男,三十二中,三十五中学,统招,540
2495,51101110,王晶,女,老山头中,三十五中学,统招,540
2495,51102029,翟琼,女,三十七中,三十五中学,统招,540
2495,51103009,崔红彬,男,老山头中,三十五中学,统招,540
2495,51103515,荣雷,女,三十二中,三十五中学,统招,540
2495,51105119,赵红亮,男,高台中学,三十五中学,统招,540
2495,51105725,王炫柱,男,和平牧场,三十五中学,统招,540
2495,51105924,裴艳波,女,庆阳山中,三十五中学,统招,540
2495,61101909,任冶飞,女,四十九中,三十五中学,统招,540
2495,21101228,高超,男,六十九中,东风中学,自费,540
2495,21102009,杨婷蕊,女,六十九中,东风中学,自费,540
2495,21102030,刘畅,男,十三中,东风中学,自费,540
2495,31105302,聂铭,女,五十八中,东风中学,自费,540
2495,31105822,许晨,女,三十六中,东风中学,自费,540
2495,31115417,王莹,女,一中,东风中学,自费,540
2495,21103623,盖欣,女,二十三中,二十三中学,统招,540
2495,21109116,李晶,女,二十三中,二十三中学,统招,540
2495,31101302,姜云龙,男,三十六中,二十三中学,统招,540
2495,31104025,汪旭,男,景园中学,二十三中学,统招,540
2495,31108808,孙雷,男,一中,二十三中学,统招,540
2495,21102815,林玲,女,祥阁学校,二十八中学,统招,540
2495,21103124,张静喆,男,二十三中,二十八中学,统招,540
2495,21108310,张雪,女,六十六中,二十八中学,统招,540
2495,31100914,谢微微,女,二十八中,二十八中学,统招,540
2495,31110212,周衍,男,景园中学,二十八中学,统招,540
2495,31113927,刘梦依,女,三十六中,二十八中学,统招,540
2495,51103615,周玥,女,五十六中,五十六中学,统招,540
2495,61105520,刘纪东,男,四十九中,五十六中学,统招,540
2495,31114705,王宇龙,男,三十六中,十中,统招,540
2495,61102927,石璐璐,女,十九中学,十中,统招,540
2495,61103319,惠宁,女,十九中学,十中,统招,540
2495,21100901,宣超宇,女,四十四中,石油高中,统招,540
2495,21103022,王涛,男,七十九中,石油高中,统招,540
2495,21108826,黄欣蕾,女,六十九中,石油高中,统招,540
2495,21109227,刘鹏飞,男,四十四中,石油高中,统招,540
2495,31103310,韩蕊,女,三十中,石油高中,统招,540
2495,31104420,王浩,男,二十二中,石油高中,统招,540
2495,31109823,刘禹亭,男,三中,石油高中,统招,540
2495,31111519,冯泽,男,二十二中,石油高中,统招,540
2495,31111603,孙威,男,四十六中,石油高中,统招,540
2495,31111612,莫瑞,女,二十四中,石油高中,统招,540
2495,31111901,李爽,女,三十六中,石油高中,统招,540
2495,41104429,牟荻,女,四十二中,石油高中,统招,540
2495,61104609,杨庆一,女,十九中学,石油高中,统招,540
2545,61101219,李洁心,女,三十一中,三十九中学,统招,539
2545,61101315,张泽,男,六十一中,三十九中学,统招,539
2545,61103613,薛天琪,女,十九中学,三十九中学,统招,539
2545,61105314,王惠影,女,六十一中,三十九中学,统招,539
2545,31115414,颜怀亮,男,六十四中,三十五中学,统招,539
2545,41101209,龚磊,男,六十五中,三十五中学,统招,539
2545,41103913,于雷,男,四十七中,三十五中学,统招,539
2545,41105019,李爽,女,六十五中,三十五中学,统招,539
2545,51100112,吴丹,女,庆阳山中,三十五中学,统招,539
2545,51101017,姜伟娜,女,高台中学,三十五中学,统招,539
2545,51101303,王龙,男,太阳升中,三十五中学,统招,539
2545,51105127,雒英龙,男,高台中学,三十五中学,统招,539
2545,21103218,杨榕楠,男,六十九中,东风中学,自费,539
2545,31105429,张玲玉,女,三十四中,东风中学,自费,539
2545,61102919,包杨,男,五十一中,东风中学,自费,539
2545,61103219,王净萱,女,十九中学,东风中学,自费,539
2545,21102723,周昕鹏,男,五十五中,二十三中学,统招,539
2545,31114312,李斌超,女,一中,二十三中学,统招,539
2545,21104409,姜巍,女,四十四中,二十八中学,统招,539
2545,21109009,王硕,女,十三中,二十八中学,统招,539
2545,31103903,季宇晨,女,五十八中,二十八中学,统招,539
2545,31115328,杨春慧,女,三十六中,二十八中学,统招,539
2545,31113720,郭阳阳,女,四十六中,十中,统招,539
2545,41103716,金宗宇,男,十中,十中,统招,539
2545,41103721,何凤,女,十中,十中,统招,539
2545,41105402,刘鑫宇,女,六十五中,十中,统招,539
2545,21100123,徐丰元,男,十三中,石油高中,统招,539
2545,21103007,纪海龙,女,九中,石油高中,统招,539
2545,21103807,罗东波,男,六中,石油高中,统招,539
2545,21106325,张海龙,男,四十四中,石油高中,统招,539
2545,21108423,张持,男,八中,石油高中,统招,539
2545,31109413,徐加梅,女,二十二中,石油高中,统招,539
2545,31114610,李和仁,男,三中,石油高中,统招,539
2545,31115427,赵志敏,女,二十二中,石油高中,统招,539
2545,51101915,石晶,女,三十七中,石油高中,统招,539
2580,61100318,于翔宇,男,五十一中,三十九中学,统招,538
2580,61100518,马小琳,女,五十一中,三十九中学,统招,538
2580,61102216,唐美慧,女,三十一中,三十九中学,统招,538
2580,61103809,刘喆,男,六十一中,三十九中学,统招,538
2580,01100420,姜梦姗,女,林甸初中,三十五中学,统招,538
2580,41101017,娄博韬,男,二十七中,三十五中学,统招,538
2580,51103917,李也,女,三十二中,三十五中学,统招,538
2580,51104019,刘欣,女,和平牧场,三十五中学,统招,538
2580,51206419,刘克宁,女,八井中学,三十五中学,统招,538
2580,61101225,隋秀威,女,龙镇一中,三十五中学,统招,538
2580,61101314,于颖,女,四十九中,三十五中学,统招,538
2580,61101421,曾德志,男,十九中学,三十五中学,统招,538
2580,01100324,王晶晶,女,林甸初中,东风中学,自费,538
2580,21101210,李诗雯,女,六十九中,东风中学,自费,538
2580,31106230,孔千文,女,一中,东风中学,自费,538
2580,41103929,高智美,女,十六中,东风中学,自费,538
2580,21104029,于涛,男,六十九中,二十三中学,统招,538
2580,31102106,孟禹彤,女,一中,二十三中学,统招,538
2580,31106830,聂小来,男,一中,二十三中学,统招,538
2580,31100413,王彤阳,男,一中,二十八中学,统招,538
2580,31101215,于浩,男,景园中学,二十八中学,统招,538
2580,31102702,曾峥,男,一中,二十八中学,统招,538
2580,31110817,庞万成,男,四十五中,二十八中学,统招,538
2580,41102701,孙志宇,男,五十九中,二十八中学,统招,538
2580,41105321,张浩,男,五十二中,二十八中学,统招,538
2580,61102619,常瑞君,女,龙镇一中,二十八中学,统招,538
2580,31104128,王翀,男,二十八中,十中,统招,538
2580,31106908,马庸,男,一中,十中,统招,538
2580,31110605,孔令华,女,四十六中,十中,统招,538
2580,41101716,高旭,女,十中,十中,统招,538
2580,41102725,汝西,女,四十七中,十中,统招,538
2580,41103710,孟子群,女,十中,十中,统招,538
2580,41104506,罗伊真,女,十中,十中,统招,538
2580,01100212,崔珍丽,女,林甸初中,石油高中,统招,538
2580,31103923,李艳艳,女,六十三中,石油高中,统招,538
2580,31104312,辛宇洋,女,三中,石油高中,统招,538
2580,31104806,孙瑾如,女,景园中学,石油高中,统招,538
2580,31109505,史明阳,女,三十六中,石油高中,统招,538
2580,31113121,李晶,女,二十五中,石油高中,统招,538
2619,61103819,刘晨宇,女,六十一中,三十九中学,统招,537
2619,61104221,周晶,女,三十一中,三十九中学,统招,537
2619,21101427,陈员,女,四十四中,三十五中学,统招,537
2619,31107816,杨雪峰,男,六十四中,三十五中学,统招,537
2619,31111326,李伟,女,三十四中,三十五中学,统招,537
2619,41105004,姜庆鸿,女,五十九中,三十五中学,统招,537
2619,51100923,于艳梅,女,高台中学,三十五中学,统招,537
2619,51102328,孙丽欣,女,三十二中,三十五中学,统招,537
2619,51103207,安晓庆,女,三十二中,三十五中学,统招,537
2619,51104008,吴秀军,男,三十二中,三十五中学,统招,537
2619,51106111,李珊珊,女,三十三中,三十五中学,统招,537
2619,21109309,冯涛,男,五十五中,东风中学,自费,537
2619,31109117,孙璐,女,一中,二十三中学,统招,537
2619,21104901,陈晰,男,五十五中,二十八中学,统招,537
2619,21107824,易庆龙,男,二十三中,二十八中学,统招,537
2619,21108618,谢雪融,女,十三中,二十八中学,统招,537
2619,31102728,刘向丽,女,一中,二十八中学,统招,537
2619,31110712,王昊,男,一中,二十八中学,统招,537
2619,31113713,张思远,女,一中,二十八中学,统招,537
2619,51104323,曹继成,男,祝三中学,二十八中学,统招,537
2619,51104421,汪庆云,男,五十六中,五十六中学,统招,537
2619,41101922,李秀丽,女,十中,十中,统招,537
2619,41102417,徐邵迪,男,十中,十中,统招,537
2619,41104103,郭嘉莹,女,十中,十中,统招,537
2619,61103513,乔珊珊,女,十九中学,十中,统招,537
2619,21105628,李龙,男,十三中,石油高中,统招,537
2619,21106706,邢贺南,男,十三中,石油高中,统招,537
2619,31104115,张志强,男,景园中学,石油高中,统招,537
2619,31110022,杜思华,女,景园中学,石油高中,统招,537
2619,31111910,徐博,男,四十六中,石油高中,统招,537
2619,61105430,纪艳,女,向阳中学,石油高中,统招,537
2650,61102026,邱菊红,女,四十三中,三十九中学,统招,536
2650,61106006,王睿琦,男,六十一中,三十九中学,统招,536
2650,41102702,孟凡龙,男,二十七中,三十五中学,统招,536
2650,51101016,田野,女,三十七中,三十五中学,统招,536
2650,51101226,庄健,男,三十七中,三十五中学,统招,536
2650,51102123,韩宝贺,男,老山头中,三十五中学,统招,536
2650,51102610,吕佳男,男,高台中学,三十五中学,统招,536
2650,51103112,李学军,男,庆阳山中,三十五中学,统招,536
2650,51103604,白月,女,祝三中学,三十五中学,统招,536
2650,51104026,李春香,女,太阳升中,三十五中学,统招,536
2650,51104210,娄迪,女,三十七中,三十五中学,统招,536
2650,51105302,芦岩,男,三十三中,三十五中学,统招,536
2650,51105808,宋继野,男,高台中学,三十五中学,统招,536
2650,21101022,王晨淼,女,六十九中,东风中学,自费,536
2650,41105617,李博,女,二十七中,东风中学,自费,536
2650,61100413,马迪,男,六十一中,东风中学,自费,536
2650,21106620,刘佳,女,六十九中,二十三中学,统招,536
2650,31109919,周利,女,四十六中,二十三中学,统招,536
2650,61102510,于威达,男,五十中学,二十三中学,统招,536
2650,61102917,于洋,男,四十三中,二十三中学,统招,536
2650,21103922,王婷婷,女,祥阁学校,二十八中学,统招,536
2650,31103103,刘奇,男,景园中学,二十八中学,统招,536
2650,31106714,苏效民,男,三十六中,二十八中学,统招,536
2650,31109016,林泽文,男,景园中学,二十八中学,统招,536
2650,31111028,夏子涵,女,一中,二十八中学,统招,536
2650,31114004,李虹霖,女,二十八中,二十八中学,统招,536
2650,41102810,刘超仁,男,十中,二十八中学,统招,536
2650,61101911,韩宇,男,三十一中,二十八中学,统招,536
2650,51101512,聂庆彬,男,五十六中,五十六中学,统招,536
2650,51104309,庄毅国,男,五十六中,五十六中学,统招,536
2650,31109105,王慧慧,女,二十五中,十中,统招,536
2650,41100309,王微,女,十中,十中,统招,536
2650,41101225,张欣,女,二十七中,十中,统招,536
2650,61103505,刘婧媛,女,六十一中,十中,统招,536
2650,21107911,姜超,男,六中,石油高中,统招,536
2650,21108911,叶玲玲,女,六中,石油高中,统招,536
2650,31101920,闫馨,女,景园中学,石油高中,统招,536
2650,31106703,王影,女,十一中,石油高中,统招,536
2650,31107920,曲迪,女,四十六中,石油高中,统招,536
2650,31111809,董菁,女,景园中学,石油高中,统招,536
2650,31112716,张睿,女,二十五中,石油高中,统招,536
2650,31115404,徐志伟,男,二十四中,石油高中,统招,536
2692,61104302,李芳,女,六十一中,三十九中学,统招,535
2692,21101927,郭娜,女,五十五中,三十五中学,统招,535
2692,21105015,邓俊龙,男,八中,三十五中学,统招,535
2692,21105322,高宇,男,四十中,三十五中学,统招,535
2692,31101424,伦立松,男,四十六中,三十五中学,统招,535
2692,41104526,杨乐,女,六十五中,三十五中学,统招,535
2692,51100820,丁立平,女,大青山中,三十五中学,统招,535
2692,51104111,祝俊杰,女,老山头中,三十五中学,统招,535
2692,51105826,褚中琳,女,祝三中学,三十五中学,统招,535
2692,61102102,刘青凤,女,向阳中学,三十五中学,统招,535
2692,21108808,姜海兵,男,六十六中,东风中学,自费,535
2692,31104224,刘娜,女,十四中,东风中学,自费,535
2692,61101111,谷阳,女,五十一中,东风中学,自费,535
2692,61105702,罗枭,男,五十一中,东风中学,自费,535
2692,21103405,李明晖,女,二十三中,二十三中学,统招,535
2692,21108301,王莹,女,五十五中,二十三中学,统招,535
2692,21108627,白立斌,男,二十三中,二十三中学,统招,535
2692,31112424,姜慧,女,二十五中,二十三中学,统招,535
2692,61104309,王红蕾,女,五十一中,二十三中学,统招,535
2692,01100312,姚迪,男,林甸初中,二十八中学,统招,535
2692,31102619,赵飞霖,男,二十八中,二十八中学,统招,535
2692,31105116,赵雪,女,三十六中,二十八中学,统招,535
2692,31107501,何鑫,男,一中,二十八中学,统招,535
2692,61100328,张璐,女,五十一中,二十八中学,统招,535
2692,41105316,赵文婷,女,十中,十中,统招,535
2692,41105624,周航,男,十中,十中,统招,535
2692,61100623,于浩月,女,十九中学,十中,统招,535
2719,21105524,孙旭,女,五十五中,三十九中学,统招,534
2719,61101030,赵仲阳,男,六十一中,三十九中学,统招,534
2719,61103921,赵曙光,女,三十一中,三十九中学,统招,534
2719,21104929,杜善斌,男,六十九中,三十五中学,统招,534
2719,31101202,左瑞枫,男,十四中,三十五中学,统招,534
2719,31104909,黄成伟,男,一中,三十五中学,统招,534
2719,41102029,李东南,男,杏树岗中,三十五中学,统招,534
2719,41103411,赵金花,女,二十七中,三十五中学,统招,534
2719,41104515,张博,女,五十二中,三十五中学,统招,534
2719,51102424,王雪,女,三十二中,三十五中学,统招,534
2719,51102814,石晶,女,三十七中,三十五中学,统招,534
2719,51104524,宋振兴,男,三十二中,三十五中学,统招,534
2719,51104914,臧力刚,男,高台中学,三十五中学,统招,534
2719,51106121,王金丽,女,大青山中,三十五中学,统招,534
2719,61104324,罗浩,男,十九中学,三十五中学,统招,534
2719,61105705,李志,男,十九中学,三十五中学,统招,534
2719,21100718,赵思远,男,八中,东风中学,自费,534
2719,21101915,董丽媛,女,二十三中,东风中学,自费,534
2719,21103212,王增涵,男,六十六中,东风中学,自费,534
2719,21108619,朱忠雨,男,八中,东风中学,自费,534
2719,31100803,吕洁心,女,一中,东风中学,自费,534
2719,31102218,马立春,男,一中,东风中学,自费,534
2719,31103209,王爱凝,女,一中,东风中学,自费,534
2719,21100628,徐威,男,六十九中,二十三中学,统招,534
2719,21108214,曹力凡,男,六中,二十三中学,统招,534
2719,31100704,李亦鹏,男,一中,二十三中学,统招,534
2719,21109318,凌爽,女,六中,二十八中学,统招,534
2719,31102519,马若萌,女,三十六中,二十八中学,统招,534
2719,31104608,王熙,女,一中,二十八中学,统招,534
2719,31106919,刘晨龙,男,三十六中,二十八中学,统招,534
2719,31114501,唐越,男,景园中学,二十八中学,统招,534
2719,51100726,胡燕,女,庆阳山中,二十八中学,统招,534
2719,61102508,张宁,女,四十九中,二十八中学,统招,534
2719,41104804,于明,男,杏树岗中,五十六中学,统招,534
2719,51100602,孙秀梅,女,五十六中,五十六中学,统招,534
2719,51206822,杨兴莉,女,五十六中,五十六中学,统招,534
2719,51206913,户文华,女,五十六中,五十六中学,统招,534
2719,31103911,王一鸣,男,十一中,十中,统招,534
2719,31109010,孙祥伟,男,景园中学,十中,统招,534
2719,31105128,沈晓婉,女,一中,石油高中,自费,534
2719,41102007,李佳龙,男,六十五中,石油高中,自费,534
2760,21101905,刘星,女,四十四中,三十九中学,统招,533
2760,61100320,张涵宇,男,六十一中,三十九中学,统招,533
2760,51103715,姜凤娇,女,老山头中,三十五中学,统招,533
2760,51105713,刘立波,女,三十三中,三十五中学,统招,533
2760,51105922,王伟,男,三十三中,三十五中学,统招,533
2760,51206307,刘长纯,男,八井中学,三十五中学,统招,533
2760,61104107,曹博宇,男,四十三中,三十五中学,统招,533
2760,21105821,王丹,女,五十五中,东风中学,自费,533
2760,21108604,李开达,男,十三中,东风中学,自费,533
2760,31114621,李利阳,男,五十八中,东风中学,自费,533
2760,61103119,梁雨,女,四十三中,东风中学,自费,533
2760,61103811,张英浩,男,十九中学,东风中学,自费,533
2760,61103912,王铃心,女,五十七中,东风中学,自费,533
2760,21101929,田静,女,四十四中,二十三中学,统招,533
2760,21104214,刘长龙,男,二十三中,二十三中学,统招,533
2760,21104528,刘孟哲,男,四十中,二十三中学,统招,533
2760,21104616,王文静,女,四十四中,二十三中学,统招,533
2760,31104015,高佳葆,女,十四中,二十三中学,统招,533
2760,31111908,高雪菲,女,三十六中,二十三中学,统招,533
2760,21101728,尹庆媛,女,六十六中,二十八中学,统招,533
2760,21107915,孙海人,男,祥阁学校,二十八中学,统招,533
2760,21109109,张春艳,男,十二中,二十八中学,统招,533
2760,31100807,杨竹,女,二十八中,二十八中学,统招,533
2760,31101822,冯宇,男,二十八中,二十八中学,统招,533
2760,31104910,杨颜昕,男,景园中学,二十八中学,统招,533
2760,31115029,陈星,女,一中,二十八中学,统招,533
2760,31115413,李虹,女,二十四中,二十八中学,统招,533
2760,41103530,吴晶,女,四十二中,二十八中学,统招,533
2760,41100112,郭静,女,杏树岗中,五十六中学,统招,533
2760,41104013,姜俊鹏,男,杏树岗中,五十六中学,统招,533
2760,51100610,张大勇,男,五十六中,五十六中学,统招,533
2760,31101703,王颖,女,二十四中,十中,统招,533
2760,41102327,刘文超,男,十中,十中,统招,533
2760,31107329,单贺男,女,景园中学,石油高中,自费,533
2794,31100610,王莹,女,一中,三十五中学,统招,532
2794,31107302,邹睿伦,女,景园中学,三十五中学,统招,532
2794,41105213,王慧颖,女,五十二中,三十五中学,统招,532
2794,51100812,张小明,男,祝三中学,三十五中学,统招,532
2794,51101128,梁旭光,男,三十三中,三十五中学,统招,532
2794,51101823,刘慧敏,女,祝三中学,三十五中学,统招,532
2794,51103119,苏立成,男,老山头中,三十五中学,统招,532
2794,51105012,吕品,男,三十二中,三十五中学,统招,532
2794,51105425,辛桐,男,三十七中,三十五中学,统招,532
2794,61103106,杜凯,男,十九中学,三十五中学,统招,532
2794,61105428,殷蕾,女,十九中学,三十五中学,统招,532
2794,21100728,陈莉萍,女,六十九中,东风中学,自费,532
2794,21104229,李孟垚,男,六十六中,东风中学,自费,532
2794,21106919,林文静,女,六十九中,东风中学,自费,532
2794,31113206,王辰,女,二十四中,东风中学,自费,532
2794,41102530,胥倩雯,女,十七中,东风中学,自费,532
2794,41104413,刘远鹏,男,四十二中,东风中学,自费,532
2794,61105907,李佳,女,五十七中,东风中学,自费,532
2794,31102013,刘静静,女,三十中,二十三中学,统招,532
2794,31105016,张博闻,女,一中,二十三中学,统招,532
2794,31107327,周岩,女,三中,二十三中学,统招,532
2794,01100313,霍建涛,男,林甸初中,二十八中学,统招,532
2794,31104915,谢琳,女,景园中学,二十八中学,统招,532
2794,31101128,张愉,女,景园中学,十中,统招,532
2794,31105608,马行,男,三十中,十中,统招,532
2794,41100826,王梁,男,五十九中,十中,统招,532
2794,41105603,李艳超,女,五十九中,十中,统招,532
2794,31102401,高希睿,男,三十六中,石油高中,自费,532
2822,41101118,姜冠宇,男,四十二中,三十九中学,统招,531
2822,61100315,曹琳,女,五十一中,三十九中学,统招,531
2822,61100502,马晓雪,女,六十一中,三十九中学,统招,531
2822,61101228,杨晓娇,女,三十一中,三十九中学,统招,531
2822,61103117,兰明玺,男,龙镇一中,三十九中学,统招,531
2822,21101501,周凌陟,男,十三中,三十五中学,统招,531
2822,31101901,赵茜,女,一中,三十五中学,统招,531
2822,31106115,徐东灿,男,三十六中,三十五中学,统招,531
2822,41101929,段征文,女,二十七中,三十五中学,统招,531
2822,41102724,牛磊,男,五十二中,三十五中学,统招,531
2822,51100209,吴龙,男,老山头中,三十五中学,统招,531
2822,51100403,刘东,男,老山头中,三十五中学,统招,531
2822,51102201,孙丹丹,女,太阳升中,三十五中学,统招,531
2822,51102301,辛月亮,男,太阳升中,三十五中学,统招,531
2822,51105422,张立敏,女,高台中学,三十五中学,统招,531
2822,21103906,孙雪璐,女,五十五中,东风中学,自费,531
2822,21104422,韩杨,女,八中,东风中学,自费,531
2822,21108416,韩正,男,四十四中,东风中学,自费,531
2822,21108508,贾泽远,男,六十九中,东风中学,自费,531
2822,31100708,周攀,女,四十六中,东风中学,自费,531
2822,31113602,王帅伟,男,二十四中,东风中学,自费,531
2822,61102327,王磊,女,十九中学,东风中学,自费,531
2822,21104827,楚佳欢,女,六十九中,二十三中学,统招,531
2822,21107018,王敏,男,二十三中,二十三中学,统招,531
2822,31107205,仲亚维,女,十四中,二十三中学,统招,531
2822,61100110,毕雄峰,男,十九中学,二十三中学,统招,531
2822,21101105,姜海英,女,祥阁学校,二十八中学,统招,531
2822,31107322,杜铖,男,一中,二十八中学,统招,531
2822,31108006,赵杨,男,三十六中,二十八中学,统招,531
2822,31109321,王杨,女,三十中,二十八中学,统招,531
2822,31115626,张楠,女,一中,二十八中学,统招,531
2822,31103324,宋玉婷,女,三十六中,五十六中学,统招,531
2822,31110628,高鑫宇,女,六十四中,十中,统招,531
2822,31115215,范梦君,女,二十四中,十中,统招,531
2822,41101210,张娜,女,四十二中,十中,统招,531
2822,21100304,冯微,女,十三中,石油高中,自费,531
2822,31113011,姜金岩,男,五十八中,石油高中,自费,531
2859,61100713,兰达赓,男,六十一中,三十九中学,统招,530
2859,61100725,张震,男,六十一中,三十九中学,统招,530
2859,61102614,王书婷,女,六十一中,三十九中学,统招,530
2859,61104807,田裕,女,五十一中,三十九中学,统招,530
2859,61105706,余柏杨,女,六十一中,三十九中学,统招,530
2859,21107907,江洌,男,六十六中,三十五中学,统招,530
2859,31115415,朱敏,女,四十六中,三十五中学,统招,530
2859,51100616,李妲,女,五十六中,三十五中学,统招,530
2859,51105710,刘伟,女,太阳升中,三十五中学,统招,530
2859,51105911,张锐,女,三十三中,三十五中学,统招,530
2859,51206312,王艳波,女,五十六中,三十五中学,统招,530
2859,51206818,吕云双,女,双榆中学,三十五中学,统招,530
2859,21104703,段慧蕊,女,二十三中,东风中学,自费,530
2859,31106130,张金,男,四十六中,东风中学,自费,530
2859,21101402,黄翠霞,女,二十一中,二十三中学,统招,530
2859,21106004,吴小龙,男,四十四中,二十三中学,统招,530
2859,31106405,陈静,女,景园中学,二十三中学,统招,530
2859,41102614,孙成龙,男,五十九中,二十三中学,统招,530
2859,61106010,黄思宇,男,十九中学,二十三中学,统招,530
2859,21100218,于莉,女,五十五中,二十八中学,统招,530
2859,21104401,闫颂,男,五十五中,二十八中学,统招,530
2859,31101625,王喜静,女,二十五中,二十八中学,统招,530
2859,31115011,王淼,男,三十六中,二十八中学,统招,530
2859,51100316,王天虹,女,五十六中,五十六中学,统招,530
2859,51101530,巩庆源,男,五十六中,五十六中学,统招,530
2859,51103827,李垣纬,女,五十六中,五十六中学,统招,530
2859,21103525,梁雪,女,十三中,十中,统招,530
2859,31107529,蒲婷莉,女,三十六中,十中,统招,530
2859,31108203,周琪,女,四十六中,十中,统招,530
2859,31112807,高传奇,男,六十四中,十中,统招,530
2859,41102906,李亚楠,女,十中,十中,统招,530
2859,41104330,郑闳琛,男,五十二中,十中,统招,530
2859,41104426,潘晓曦,女,六十五中,十中,统招,530
2859,41105716,刘士媛,女,四十二中,十中,统招,530
2859,61101312,全文宇,男,十九中学,十中,统招,530
2859,61104919,付艳景,女,十九中学,十中,统招,530
2859,61106111,孟德龙,男,龙镇一中,十中,统招,530
2859,21108703,刘一麟,男,五十五中,石油高中,自费,530
2859,31110704,权超,女,二十五中,石油高中,自费,530
2859,41103528,张韧,男,十六中,石油高中,自费,530
2899,21108914,姚畅,女,四十四中,三十九中学,统招,529
2899,61102615,孙竹雨,女,五十一中,三十九中学,统招,529
2899,61103315,孙靖南,男,五十一中,三十九中学,统招,529
2899,61104710,信本思,男,五十一中,三十九中学,统招,529
2899,21101817,纪月,女,六中,三十五中学,统招,529
2899,21102001,李响,男,四十一中,三十五中学,统招,529
2899,31100827,王云冬,男,三十六中,三十五中学,统招,529
2899,31113808,董云雪,女,十四中,三十五中学,统招,529
2899,51100802,张立秋,女,老山头中,三十五中学,统招,529
2899,51101519,李吉龙,男,三十二中,三十五中学,统招,529
2899,51101612,房东生,男,大青山中,三十五中学,统招,529
2899,51102030,陈玉玲,女,太阳升中,三十五中学,统招,529
2899,51103109,李影彬,男,五十六中,三十五中学,统招,529
2899,51103921,郑蕾,女,三十二中,三十五中学,统招,529
2899,51105217,王坤成,女,五十六中,三十五中学,统招,529
2899,51206304,刘国,男,五十六中,三十五中学,统招,529
2899,21100908,朱宏鹏,男,二十三中,二十三中学,统招,529
2899,21106110,王龙,男,二十一中,二十三中学,统招,529
2899,21107629,顾嫣然,女,四十四中,二十三中学,统招,529
2899,31115530,陈楠,女,十四中,二十三中学,统招,529
2899,01100202,张馨心,女,林甸初中,二十八中学,统招,529
2899,21101618,张宇航,男,十三中,二十八中学,统招,529
2899,21107830,张维玮,女,六十六中,二十八中学,统招,529
2899,21107929,岳东伦,男,四十中,二十八中学,统招,529
2899,31103912,杜云恒,女,景园中学,二十八中学,统招,529
2899,31104502,何春辉,男,二十五中,二十八中学,统招,529
2899,31105706,张芮馨,女,三十六中,二十八中学,统招,529
2899,31107410,邓美文,女,一中,二十八中学,统招,529
2899,31109810,张可烨,女,景园中学,二十八中学,统招,529
2899,31111003,孙宇,男,一中,二十八中学,统招,529
2899,31112315,韩冰,男,四十五中,五十六中学,统招,529
2899,51102524,赵莹,女,五十六中,五十六中学,统招,529
2899,41100116,许丽杨,女,四十七中,十中,统招,529
2899,21104317,康健,男,八中,石油高中,自费,529
2899,21105501,韩雪,女,五十五中,石油高中,自费,529
2899,21107012,刘越,男,四十四中,石油高中,自费,529
2899,31100825,张莉莉,女,景园中学,石油高中,自费,529
2899,31105809,冯博,男,一中,石油高中,自费,529
2937,61100314,张梦雪,女,十九中学,三十九中学,统招,528
2937,61101218,李继鹏,男,六十一中,三十九中学,统招,528
2937,61101620,王旭,男,六十一中,三十九中学,统招,528
2937,21108328,孙士伟,男,十三中,三十五中学,统招,528
2937,31112715,耿小川,女,景园中学,三十五中学,统招,528
2937,41100214,刘超,男,二十七中,三十五中学,统招,528
2937,41102016,王礼京,男,五十九中,三十五中学,统招,528
2937,51101605,董冰新,女,三十三中,三十五中学,统招,528
2937,51101715,张丹丹,女,老山头中,三十五中学,统招,528
2937,51103230,可欣,女,三十七中,三十五中学,统招,528
2937,51206510,董秀,女,八井中学,三十五中学,统招,528
2937,61103807,于昕,女,十九中学,三十五中学,统招,528
2937,21100311,高桐,女,二十三中,二十三中学,统招,528
2937,21102007,胡启航,男,六十九中,二十三中学,统招,528
2937,21106202,孙新宇,男,四十四中,二十三中学,统招,528
2937,31100605,付雨千,女,三十六中,二十三中学,统招,528
2937,31105603,程明,女,景园中学,二十三中学,统招,528
2937,31107506,栾雪峰,男,三中,二十三中学,统招,528
2937,21100302,石砚书,男,六十九中,二十八中学,统招,528
2937,21108616,王莹莹,女,十三中,二十八中学,统招,528
2937,31100422,李佳,女,一中,二十八中学,统招,528
2937,31100826,张冶,男,一中,二十八中学,统招,528
2937,31105014,曹莉,女,二十八中,二十八中学,统招,528
2937,31106009,张寒,男,一中,二十八中学,统招,528
2937,31107810,杨树巍,男,景园中学,二十八中学,统招,528
2937,31108810,李靖熙,男,一中,二十八中学,统招,528
2937,31111502,王粼,女,一中,二十八中学,统招,528
2937,31113819,王志鹏,男,景园中学,二十八中学,统招,528
2937,61103803,宋振宇,男,四十九中,二十八中学,统招,528
2937,41101413,谭丽影,女,杏树岗中,五十六中学,统招,528
2937,31108623,徐晓明,女,十一中,十中,统招,528
2937,31110703,程旭,女,三十六中,十中,统招,528
2937,31111629,殷晓龙,男,二十四中,十中,统招,528
2937,31115126,惠思铭,女,一中,十中,统招,528
2937,41101430,王胜楠,男,十中,十中,统招,528
2937,31100502,张放,女,二十四中,石油高中,自费,528
2937,41101123,张月,女,四十二中,石油高中,自费,528
2974,31111319,赵萌萌,女,一中,三十九中学,统招,527
2974,61101424,马文睿,女,六十一中,三十九中学,统招,527
2974,61102225,周文龙,男,十九中学,三十九中学,统招,527
2974,61103128,唐永恒,男,五十一中,三十九中学,统招,527
2974,61103314,何佳伟,女,六十一中,三十九中学,统招,527
2974,61103925,任航宇,男,五十七中,三十九中学,统招,527
2974,61104422,陶菲,女,十九中学,三十九中学,统招,527
2974,61104630,甘禹,男,五十七中,三十九中学,统招,527
2974,21101605,林莎莎,女,五十五中,三十五中学,统招,527
2974,31108814,魏萌,女,三十中,三十五中学,统招,527
2974,41102416,马鸣瀟,男,十七中,三十五中学,统招,527
2974,41102623,王硕,男,二十七中,三十五中学,统招,527
2974,51101901,张维新,男,三十三中,三十五中学,统招,527
2974,51103907,陶永平,女,三十二中,三十五中学,统招,527
2974,51104015,赵昱昊,男,新华中学,三十五中学,统招,527
2974,51104220,栗伟英,女,三十二中,三十五中学,统招,527
2974,51105201,杨兴月,女,三十三中,三十五中学,统招,527
2974,51105404,董广雨,男,太阳升中,三十五中学,统招,527
2974,51206404,李国庆,男,双榆中学,三十五中学,统招,527
2974,51206902,辛玉龙,男,八井中学,三十五中学,统招,527
2974,61100908,王微,女,十九中学,三十五中学,统招,527
2974,61105905,林鑫,女,龙镇一中,三十五中学,统招,527
2974,21103721,程祎,女,六十九中,二十三中学,统招,527
2974,21104106,刘曲,男,二十三中,二十三中学,统招,527
2974,31114208,王梓懿,女,三中,二十三中学,统招,527
2974,31114316,王丽茹,女,三十六中,二十三中学,统招,527
2974,61105109,东颖,女,龙镇一中,二十三中学,统招,527
2974,31113021,齐鑫,女,景园中学,二十八中学,统招,527
2974,51105330,李野然,男,五十六中,五十六中学,统招,527
2974,21105128,孙娜,女,六十九中,十中,统招,527
2974,41100320,王颖,女,十中,十中,统招,527
2974,41103015,马世滢,女,十中,十中,统招,527
2974,41105423,刘玉颖,女,四十二中,十中,统招,527
2974,31109103,朱明,女,六十四中,石油高中,自费,527
2974,41103407,王光雨,男,十七中,石油高中,自费,527
3009,21108719,张全实,男,六十九中,三十九中学,统招,526
3009,61100101,柴璆琪,男,六十一中,三十九中学,统招,526
3009,61102808,陶然,男,五十一中,三十九中学,统招,526
3009,61103621,魏仁翰,男,四十三中,三十九中学,统招,526
3009,21104512,杨玉杰,男,六十六中,二十三中学,统招,526
3009,21105426,秦海棋,男,五十五中,二十三中学,统招,526
3009,21108316,李娜,女,四十四中,二十三中学,统招,526
3009,31115522,邱冰,女,二十八中,二十三中学,统招,526
3009,21106105,石铁超,男,十三中,二十八中学,统招,526
3009,21109409,毕海南,女,四十四中,二十八中学,统招,526
3009,31101511,王东宇,男,三十六中,二十八中学,统招,526
3009,31102222,赵新月,女,一中,二十八中学,统招,526
3009,31103622,刘星,女,二十八中,二十八中学,统招,526
3009,31112324,李广明,男,三十六中,二十八中学,统招,526
3009,31114510,杜文迪,男,一中,二十八中学,统招,526
3009,61105010,牟冬,女,十九中学,二十八中学,统招,526
3009,51100912,姜忠奎,男,五十六中,五十六中学,统招,526
3009,51101602,杨瑞雪,女,庆阳山中,五十六中学,统招,526
3009,51102606,徐丹,女,双榆中学,五十六中学,统招,526
3009,51104615,朱春雪,女,庆阳山中,五十六中学,统招,526
3009,51104801,陶静秋,女,五十六中,五十六中学,统招,526
3009,51105008,赵红宇,女,高台中学,五十六中学,统招,526
3009,51105405,李娜,女,五十六中,五十六中学,统招,526
3009,51206201,林小秋,女,双榆中学,五十六中学,统招,526
3009,51206919,沈丽,女,五十六中,五十六中学,统招,526
3009,31104913,霍爽,女,三中,十中,统招,526
3009,31109325,张雪龙,男,一中,十中,统招,526
3009,31110024,申毅,女,二十四中,十中,统招,526
3009,31115101,杨雪,女,四十六中,十中,统招,526
3009,41100825,李士沅,男,十中,十中,统招,526
3009,41100901,李闯,男,十中,十中,统招,526
3009,41101102,张丽丽,女,十中,十中,统招,526
3009,41101104,于永佳,女,十中,十中,统招,526
3009,41105228,孙丹,女,十六中,十中,统招,526
3009,41100129,李卓,男,四十二中,石油高中,自费,526
3044,21101319,胥日,男,四十四中,三十九中学,统招,525
3044,21106020,武皓楠,女,五十五中,三十九中学,统招,525
3044,41104310,刘宇,男,五十二中,三十九中学,统招,525
3044,41105613,余贺玲,女,十七中,三十九中学,统招,525
3044,51104223,武晓星,男,大青山中,三十九中学,统招,525
3044,61101912,刘畅,女,六十一中,三十九中学,统招,525
3044,61105301,邹博,男,四十三中,三十九中学,统招,525
3044,21104218,刘爽,女,四十四中,三十五中学,自费,525
3044,51100827,冯晓婉,女,三十二中,三十五中学,自费,525
3044,51102128,解立雪,女,庆阳山中,三十五中学,自费,525
3044,21107219,王艳娇,女,十三中,二十三中学,统招,525
3044,21108609,徐胜男,女,二十三中,二十三中学,统招,525
3044,31106829,张冬临,男,二十五中,二十三中学,统招,525
3044,21103227,张野,男,四十四中,二十八中学,统招,525
3044,21106717,金秋彤,女,六十六中,二十八中学,统招,525
3044,31103425,任雨辰,女,景园中学,二十八中学,统招,525
3044,21106103,韩毅,男,八中,五十六中学,统招,525
3044,31113728,王美玲,女,三十中,五十六中学,统招,525
3044,51100128,何新新,女,三十二中,五十六中学,统招,525
3044,51101120,刘永双,男,高台中学,五十六中学,统招,525
3044,51104406,冯雪,女,五十六中,五十六中学,统招,525
3044,51105016,杨忠家,男,高台中学,五十六中学,统招,525
3044,21104624,何庆杨,女,八中,十中,统招,525
3044,21107708,高锐,男,五十五中,十中,统招,525
3044,31101316,沈峥,女,四十六中,十中,统招,525
3044,31111622,刘红星,男,二十四中,十中,统招,525
3044,41100709,吕凤超,男,十中,十中,统招,525
3044,41101518,韩振庆,男,十中,十中,统招,525
3044,41102013,薛征,女,十中,十中,统招,525
3044,41102917,赵萌,男,五十二中,十中,统招,525
3044,41104615,夏琦,男,十中,十中,统招,525
3044,51100505,张悦,男,五十六中,石油高中,自费,525
3076,61100815,杨婕,女,六十一中,三十九中学,统招,524
3076,21107116,金美辰,女,十三中,三十五中学,自费,524
3076,51103606,李存奇,女,三十二中,三十五中学,自费,524
3076,51105329,苗东颖,女,三十二中,三十五中学,自费,524
3076,21100818,于航,男,六十九中,二十三中学,统招,524
3076,21102320,陈思彤,女,六十九中,二十三中学,统招,524
3076,21106108,邹辰,女,二十三中,二十三中学,统招,524
3076,31101918,刘欢,女,三十六中,二十三中学,统招,524
3076,31114521,张绍勇,男,三中,二十三中学,统招,524
3076,31115105,杨健,男,三十六中,二十三中学,统招,524
3076,31102002,杨靖民,男,一中,二十八中学,统招,524
3076,31102309,张祎一,女,四十六中,二十八中学,统招,524
3076,31102319,韩玲玲,女,二十八中,二十八中学,统招,524
3076,31105028,石鑫,女,三十六中,二十八中学,统招,524
3076,31109628,魏巍,女,二十八中,二十八中学,统招,524
3076,31114019,谷亮,男,三十中,二十八中学,统招,524
3076,31114020,王志坤,男,三十四中,二十八中学,统招,524
3076,61101619,谷健,男,四十九中,二十八中学,统招,524
3076,61101829,高雪,女,四十九中,二十八中学,统招,524
3076,61103506,杨沫,男,十九中学,二十八中学,统招,524
3076,21100224,李莹莹,女,五十五中,五十六中学,统招,524
3076,51100609,方明明,男,双榆中学,五十六中学,统招,524
3076,51101019,程玉,女,庆阳山中,五十六中学,统招,524
3076,51102107,朱海东,男,高台中学,五十六中学,统招,524
3076,51103708,张朝,女,五十六中,五十六中学,统招,524
3076,51206511,邹义超,男,庆阳山中,五十六中学,统招,524
3076,41100925,李泽群,男,十中,十中,统招,524
3076,41104022,殷定昊,男,十中,十中,统招,524
3076,21104709,马征宇,男,四十四中,石油高中,自费,524
3076,21105601,林浩,男,四十四中,石油高中,自费,524
3076,21107130,韩雪,女,八中,石油高中,自费,524
3076,31105526,李冠宇,男,景园中学,石油高中,自费,524
3108,21100322,林浩,男,六十九中,二十三中学,统招,523
3108,21104724,彭海楠,男,五十五中,二十三中学,统招,523
3108,31101020,蒋菲,女,景园中学,二十三中学,统招,523
3108,31102917,权超,女,一中,二十三中学,统招,523
3108,51101420,孙瑞,女,新华中学,二十三中学,统招,523
3108,61101707,张纭赫,男,四十九中,二十三中学,统招,523
3108,21109420,高超,女,四十四中,二十八中学,统招,523
3108,31100429,姚爽,女,三十六中,二十八中学,统招,523
3108,31101529,徐雪,女,二十八中,二十八中学,统招,523
3108,31105316,阚程耀,男,一中,二十八中学,统招,523
3108,31105721,宋桂林,男,二十五中,二十八中学,统招,523
3108,31114808,齐童,女,四十六中,二十八中学,统招,523
3108,41104315,张微,女,五十二中,二十八中学,统招,523
3108,61101918,邵明辉,男,四十九中,二十八中学,统招,523
3108,31111703,张加宁,男,三十四中,五十六中学,统招,523
3108,51100329,李响,女,五十六中,五十六中学,统招,523
3108,51101219,王剑秋,女,五十六中,五十六中学,统招,523
3108,51102325,于飞飞,女,高台中学,五十六中学,统招,523
3108,51104917,侯立平,女,五十六中,五十六中学,统招,523
3108,31105625,张晶晶,女,四十六中,十中,统招,523
3108,31111515,房晟琦,男,十四中,十中,统招,523
3108,31114819,任燕,女,三十六中,十中,统招,523
3108,41102319,钟迎,女,六十五中,十中,统招,523
3108,61104012,张月芯,男,龙镇一中,十中,统招,523
3108,21106920,高文浩,男,四十四中,石油高中,自费,523
3133,61100409,杨阳,女,六十一中,三十九中学,统招,522
3133,61102304,姜浩,男,五十一中,三十九中学,统招,522
3133,61104313,陈金鹏,男,六十一中,三十九中学,统招,522
3133,61104708,李震,男,五十一中,三十九中学,统招,522
3133,51101301,候倩,女,大青山中,三十五中学,自费,522
3133,21100913,苗敬阳,女,二十三中,二十三中学,统招,522
3133,21101709,杨娜,女,二十三中,二十三中学,统招,522
3133,31104605,宿汉坤,男,三十六中,二十三中学,统招,522
3133,31109711,李紫健,男,十一中,二十三中学,统招,522
3133,31112921,朱敏娜,女,三十六中,二十三中学,统招,522
3133,51104409,刘菲,女,太阳升中,二十三中学,统招,522
3133,21101411,杨阳,女,四十四中,二十八中学,统招,522
3133,21105405,陈晓龙,男,四十四中,二十八中学,统招,522
3133,31101907,陈璐璐,女,一中,二十八中学,统招,522
3133,31111830,李冠南,男,四十六中,二十八中学,统招,522
3133,31114224,闫泓旭,男,一中,二十八中学,统招,522
3133,41105907,张璐璐,女,十七中,二十八中学,统招,522
3133,51100806,李婧瑶,女,三十二中,五十六中学,统招,522
3133,51101118,张玉奇,男,高台中学,五十六中学,统招,522
3133,51101428,吕晓雪,女,三十二中,五十六中学,统招,522
3133,51103206,梁海岩,男,五十六中,五十六中学,统招,522
3133,51206628,张立庆,男,八井中学,五十六中学,统招,522
3133,51206829,侯忠英,女,五十六中,五十六中学,统招,522
3133,31106902,刘帅,男,一中,六中,统招,522
3133,21101828,侯佳,女,八中,十中,统招,522
3133,21103626,刘菲,女,八中,十中,统招,522
3133,21106830,高松涛,男,二十三中,十中,统招,522
3133,31109719,刘学良,男,二十四中,十中,统招,522
3133,31110620,任迪,女,二十四中,十中,统招,522
3133,31114330,相磊,男,四十六中,十中,自费,522
3133,41100330,李志成,男,十中,十中,统招,522
3133,41101627,刘龙,男,杏树岗中,十中,统招,522
3133,41104904,冯海洋,男,二十七中,十中,统招,522
3133,41101713,张（哲）,男,十中,石油高中,自费,522
3133,41104919,吴盼盼,女,二十七中,石油高中,自费,522
3168,21108322,吴洋,女,四十四中,三十九中学,统招,521
3168,61102212,褚丽君,女,六十一中,三十九中学,统招,521
3168,61103203,王莹莹,女,四十三中,三十九中学,统招,521
3168,61103225,潘梦达,女,六十一中,三十九中学,统招,521
3168,51100417,莫艳,女,三十二中,三十五中学,自费,521
3168,61100923,王睿,女,六十一中,三十五中学,自费,521
3168,21101229,冯逸桐,男,二十三中,二十三中学,统招,521
3168,21101711,金鸽,男,四十四中,二十三中学,统招,521
3168,21101820,李明洋,女,四十中,二十三中学,统招,521
3168,21102616,刘冠男,女,二十三中,二十三中学,统招,521
3168,21104212,丁汉尧,男,六十九中,二十三中学,统招,521
3168,21108410,王佳玥,女,二十三中,二十三中学,统招,521
3168,31101905,姜震,男,一中,二十三中学,统招,521
3168,31104904,李昀书,女,一中,二十三中学,统招,521
3168,31106301,麦婷婷,女,三十六中,二十三中学,统招,521
3168,31109612,李重,男,五十八中,二十三中学,统招,521
3168,01100120,马丽静,女,林甸初中,二十八中学,统招,521
3168,21102604,张磊,男,五十五中,二十八中学,统招,521
3168,21103208,田超凡,男,二十三中,二十八中学,统招,521
3168,21105410,杜娟,女,二十一中,二十八中学,统招,521
3168,21108202,张贺,男,五十五中,二十八中学,统招,521
3168,21108804,殷缘,男,六十九中,二十八中学,统招,521
3168,31102419,刘丽丽,女,喇镇中学,二十八中学,统招,521
3168,31107214,于洪刚,男,四十五中,二十八中学,统招,521
3168,31109101,于宗仁,男,三中,二十八中学,统招,521
3168,31109722,孟凡超,女,三十六中,二十八中学,统招,521
3168,51106118,陈凤婷,女,庆阳山中,二十八中学,统招,521
3168,41100206,赵北赫,男,四十二中,五十六中学,统招,521
3168,51206315,丛日东,男,八井中学,五十六中学,统招,521
3168,51206614,马国娟,女,五十六中,五十六中学,统招,521
3168,51206624,董雨辛,女,八井中学,五十六中学,统招,521
3168,41100521,邹运,女,四十二中,十中,统招,521
3168,31105310,王云鹏,男,五十八中,石油高中,自费,521
3201,61103216,孙一棋,女,六十一中,三十九中学,统招,520
3201,61104409,路平,女,四十九中,三十九中学,统招,520
3201,61106212,刘晓林,女,五十七中,三十九中学,统招,520
3201,51101018,王婷婷,女,三十二中,三十五中学,自费,520
3201,21104402,赵思乔,男,六十九中,二十三中学,统招,520
3201,31102817,吕珠丽,女,十一中,二十三中学,统招,520
3201,21104507,李游,男,四十四中,二十八中学,统招,520
3201,21105011,甄妮,女,六十六中,二十八中学,统招,520
3201,21105413,周骁翔,男,十三中,二十八中学,统招,520
3201,21109120,张贺达,男,十三中,二十八中学,统招,520
3201,31100811,马钰,女,二十八中,二十八中学,统招,520
3201,51102508,张晓艳,女,老山头中,五十六中学,统招,520
3201,51102802,栾英明,男,五十六中,五十六中学,统招,520
3201,51103414,刚超,男,三十三中,五十六中学,统招,520
3201,61101110,许振龙,男,四十九中,五十六中学,统招,520
3201,31101519,张志鹏,男,三十六中,十中,统招,520
3201,31114828,陈昌健,男,六十四中,十中,统招,520
3201,41101115,解莹,女,四十二中,十中,统招,520
3201,41102017,范孟娇,女,十中,十中,统招,520
3201,41104522,赵靖,女,四十二中,十中,统招,520
3201,51101806,程广思,男,新华中学,十中,统招,520
3222,21106022,张琳琳,女,八中,三十九中学,统招,519
3222,61100221,陈子玉,女,五十七中,三十九中学,统招,519
3222,61100915,汪浩,男,六十一中,三十九中学,统招,519
3222,61101601,周杨,男,十九中学,三十九中学,统招,519
3222,61105504,王福兴,男,六十一中,三十九中学,统招,519
3222,61105615,王海博,男,三十一中,三十九中学,统招,519
3222,61106110,郜晨,男,六十一中,三十九中学,统招,519
3222,21107104,李晶,女,十三中,三十五中学,自费,519
3222,51104904,吴冬梅,女,祝三中学,三十五中学,自费,519
3222,21103928,姜洪晨,男,十三中,二十三中学,统招,519
3222,21105626,司薇,女,二十三中,二十三中学,统招,519
3222,21109213,彭飞,男,四十四中,二十三中学,统招,519
3222,31101912,刘崇洋,男,二十二中,二十三中学,统招,519
3222,31108917,滕菲,女,景园中学,二十三中学,统招,519
3222,51100129,由忠平,男,高台中学,二十三中学,统招,519
3222,31105916,张伟成,男,二十五中,二十八中学,统招,519
3222,31107711,孟令远,男,景园中学,二十八中学,统招,519
3222,31110119,吕晟梁,男,十四中,二十八中学,统招,519
3222,31114404,朴金浩,男,一中,二十八中学,统招,519
3222,31104820,李金凤,女,喇镇中学,五十六中学,统招,519
3222,31112907,赵丽阳,女,六十三中,五十六中学,统招,519
3222,41101114,张冶,男,二十七中,五十六中学,统招,519
3222,51101109,刘静辉,女,五十六中,五十六中学,统招,519
3222,51102413,徐晶,女,三十二中,五十六中学,统招,519
3222,51104121,刘海娇,女,大青山中,五十六中学,统招,519
3222,51104819,刘洋菲,女,五十六中,五十六中学,统招,519
3222,51206203,赵丽轩,女,八井中学,五十六中学,统招,519
3222,51206715,刘加,女,八井中学,五十六中学,统招,519
3222,51206912,梁德惠,女,庆阳山中,五十六中学,统招,519
3222,61100708,王雪威,女,四十九中,五十六中学,统招,519
3222,31102517,王玉,女,四十六中,十中,统招,519
3222,31110020,李伟龙,男,二十二中,十中,统招,519
3254,21103422,李梁博,男,六十九中,三十九中学,统招,518
3254,21104112,闫超,女,六十六中,三十九中学,统招,518
3254,61100510,赵丽娜,女,十九中学,三十九中学,统招,518
3254,61101630,马宁,男,五十七中,三十九中学,统招,518
3254,61105725,张树志,男,五十七中,三十九中学,统招,518
3254,41101726,梁薇薇,女,二十七中,三十五中学,自费,518
3254,51104811,杨皓,女,三十二中,三十五中学,自费,518
3254,21100204,刘忠静,女,四十四中,二十三中学,统招,518
3254,21101111,张强,女,十二中,二十三中学,统招,518
3254,21102004,孙宇,男,四十四中,二十三中学,统招,518
3254,21103009,徐铭泽,女,四十四中,二十三中学,统招,518
3254,21104003,高晶,女,二十三中,二十三中学,统招,518
3254,21108706,白泰平,男,八中,二十三中学,统招,518
3254,31109626,刘丹,女,喇化中学,二十三中学,自费,518
3254,51104820,何春波,女,和平牧场,二十三中学,统招,518
3254,21109215,于杨,男,四十中,二十八中学,统招,518
3254,31105408,郑悦,女,五十八中,二十八中学,统招,518
3254,31105626,刘长明,男,三十六中,二十八中学,统招,518
3254,31105915,刘洋,男,喇镇中学,二十八中学,统招,518
3254,31107402,左明威,男,一中,二十八中学,统招,518
3254,31107421,刘子跃,男,三十六中,二十八中学,统招,518
3254,31108303,马冰,女,二十五中,二十八中学,统招,518
3254,31110729,金东海,男,二十四中,二十八中学,统招,518
3254,31113928,李萌,男,二十八中,二十八中学,统招,518
3254,31114204,魏雅楠,女,三十六中,二十八中学,统招,518
3254,31115005,夏思鹤,男,一中,二十八中学,统招,518
3254,51101011,田辉庆,男,祝三中学,二十八中学,统招,518
3254,61104723,李琦,男,十九中学,二十八中学,统招,518
3254,31104101,张彬,男,六十三中,五十六中学,统招,518
3254,51102423,佘丽男,女,五十六中,五十六中学,统招,518
3254,51104826,孙艳平,女,庆阳山中,五十六中学,统招,518
3254,21103902,袁晶敏,女,六十六中,十中,统招,518
3254,31103626,李丹丹,女,二十四中,十中,统招,518
3254,31110618,张丽群,女,十四中,十中,统招,518
3254,31112329,林苑,女,一中,十中,统招,518
3254,31114802,乔俏,女,一中,十中,统招,518
3254,31115304,陈思宇,男,四十六中,十中,统招,518
3254,41102323,李秋爽,男,六十五中,十中,统招,518
3254,41102526,惠美婧,女,四十七中,十中,统招,518
3254,41102712,胡晶,女,四十二中,十中,统招,518
3294,21103121,贾志国,男,四十四中,三十九中学,统招,517
3294,31102626,张立博,男,一中,三十九中学,统招,517
3294,31107730,张家琦,男,六十四中,三十九中学,统招,517
3294,61100229,尹伊山,男,六十一中,三十九中学,统招,517
3294,61102801,王冠,男,三十一中,三十九中学,统招,517
3294,21101916,吕薇,女,祥阁学校,二十八中学,统招,517
3294,21102302,陈瀚,男,四十中,二十八中学,统招,517
3294,21109123,王鑫,女,二十三中,二十八中学,统招,517
3294,31106810,牛亚明,男,三中,二十八中学,统招,517
3294,31107201,姜燕飞,女,三中,二十八中学,统招,517
3294,31108908,罗伟,男,三十六中,二十八中学,统招,517
3294,31113703,薛庆玲,女,十一中,二十八中学,统招,517
3294,61104406,徐蒙蒙,女,五十中学,二十八中学,统招,517
3294,31101021,杨萌,女,喇镇中学,五十六中学,统招,517
3294,41103429,孟灵宇,女,杏树岗中,五十六中学,统招,517
3294,51101218,王仙超,男,高台中学,五十六中学,统招,517
3294,51206529,刘飞飞,女,双榆中学,五十六中学,统招,517
3294,21107627,许文君,女,五十五中,十中,统招,517
3294,31102230,李煊,男,一中,石油高中,自费,517
3294,31102516,宁檬,女,一中,石油高中,自费,517
3314,01100211,尚春锋,男,林甸初中,三十九中学,统招,516
3314,21107026,孟子琳,男,四十中,三十九中学,统招,516
3314,61100615,季鹏,男,六十一中,三十九中学,统招,516
3314,61101109,刘帆,男,三十一中,三十九中学,统招,516
3314,61103006,张舒,女,五十七中,三十九中学,统招,516
3314,61103205,张珺,男,六十一中,三十九中学,统招,516
3314,61103221,杜小林,女,十九中学,三十九中学,统招,516
3314,61103814,朱蓉,女,五十七中,三十九中学,统招,516
3314,61105128,张忠宽,男,四十三中,三十九中学,统招,516
3314,61105927,焦健,女,十九中学,三十九中学,统招,516
3314,21108025,黄丽莉,女,四十四中,三十五中学,自费,516
3314,31103329,张琪,女,喇镇中学,三十五中学,自费,516
3314,51102808,邵灵敏,女,三十三中,三十五中学,自费,516
3314,51105624,梅迪聪,男,三十七中,三十五中学,自费,516
3314,21108230,黄国娣,女,四十四中,二十三中学,自费,516
3314,21101801,钱海涛,男,二十三中,二十八中学,统招,516
3314,21102002,任明亮,男,二十三中,二十八中学,统招,516
3314,21104114,刘吉,女,四十四中,二十八中学,统招,516
3314,21105114,张永亮,男,二十三中,二十八中学,统招,516
3314,21107110,贾晨,男,六十六中,二十八中学,统招,516
3314,31101608,冷雪玉,女,一中,二十八中学,统招,516
3314,31102928,刘英,女,五十八中,二十八中学,统招,516
3314,31104617,刘闫欣,女,三十六中,二十八中学,统招,516
3314,31107323,顾婉婷,女,景园中学,二十八中学,统招,516
3314,31109316,宫雄飞,男,景园中学,二十八中学,统招,516
3314,31111719,吴凡,男,一中,二十八中学,统招,516
3314,31113828,陈雯雯,女,五十八中,二十八中学,统招,516
3314,31114228,黄贺,女,二十二中,二十八中学,统招,516
3314,41103010,程皓,女,五十二中,二十八中学,统招,516
3314,61104909,阮琳琳,女,五十中学,二十八中学,统招,516
3314,31113918,董超,女,景园中学,五十六中学,统招,516
3314,41105621,李玲超,男,二十七中,五十六中学,统招,516
3314,51100721,李大卫,男,庆阳山中,五十六中学,统招,516
3314,51100822,徐达,男,庆阳山中,五十六中学,统招,516
3314,61105021,张令铎,男,向阳中学,五十六中学,统招,516
3314,41103115,侯予龙,男,十中,十中,统招,516
3314,41104912,刘洋,女,十中,十中,统招,516
3314,21106204,周静,女,八中,石油高中,自费,516
3314,31103830,易静,女,一中,石油高中,自费,516
3314,41101504,杨雪戈,女,十七中,石油高中,自费,516
3354,61101130,高旭,男,三十一中,三十九中学,统招,515
3354,61104113,沈鑫,女,四十九中,三十九中学,统招,515
3354,51103905,王苗苗,女,三十三中,三十五中学,自费,515
3354,31109211,李程,女,三十中,二十三中学,自费,515
3354,21101102,焦晓龙,男,六十六中,二十八中学,统招,515
3354,21102407,杨宁,女,六十九中,二十八中学,统招,515
3354,21102818,吕福欣,女,五十五中,二十八中学,统招,515
3354,21102925,车鑫,女,六十六中,二十八中学,统招,515
3354,21106801,周军,男,祥阁学校,二十八中学,统招,515
3354,21107222,方雪莹,女,东三初中,二十八中学,统招,515
3354,31101929,郑亚东,男,二十五中,二十八中学,统招,515
3354,31102005,刘桂林,男,三十六中,二十八中学,统招,515
3354,31103628,李月白,女,一中,二十八中学,统招,515
3354,31107308,裘晓慧,女,二十五中,二十八中学,统招,515
3354,31107527,杨凯虹,女,景园中学,二十八中学,统招,515
3354,31108001,臧雪,女,三中,二十八中学,统招,515
3354,31108121,宋扬,女,景园中学,二十八中学,统招,515
3354,31109509,杨景瑞,男,三十中,二十八中学,统招,515
3354,31109518,王蓉,女,景园中学,二十八中学,统招,515
3354,51100904,车丽君,女,五十六中,五十六中学,统招,515
3354,51101401,孙海成,男,三十三中,五十六中学,统招,515
3354,51102905,常笑忠,男,双榆中学,五十六中学,统招,515
3354,51103712,韩爽,女,高台中学,五十六中学,统招,515
3354,51106021,张慧婷,女,双榆中学,五十六中学,统招,515
3354,51206525,王海龙,男,五十六中,五十六中学,统招,515
3354,31103225,张贺,女,六十四中,十中,统招,515
3354,91100126,王政礼,男,杜蒙初中,十中,统招,515
3354,21106426,魏立爽,男,四十四中,石油高中,自费,515
3354,31110601,杨金钰,女,景园中学,石油高中,自费,515
3383,31115405,刘鑫頔,女,一中,三十九中学,统招,514
3383,61100919,滕云,女,五十一中,三十九中学,统招,514
3383,21101218,卢睿青,男,六十九中,三十五中学,自费,514
3383,51102324,杨旭微,女,五十六中,三十五中学,自费,514
3383,51105326,冯雪琦,女,三十二中,三十五中学,自费,514
3383,31101630,王岩巍,男,一中,二十三中学,自费,514
3383,21101811,刘广洋,男,六中,二十八中学,统招,514
3383,31112210,于澎,男,景园中学,二十八中学,统招,514
3383,31113618,许凯瑞,男,三十四中,二十八中学,统招,514
3383,31109301,李硕,女,三十六中,五十六中学,统招,514
3383,31113010,李昇,男,二十四中,五十六中学,统招,514
3383,41104023,孙晓旭,男,二十七中,五十六中学,统招,514
3383,51103408,赵丽,女,老山头中,五十六中学,统招,514
3383,51103605,郝婷婷,女,五十六中,五十六中学,统招,514
3383,51103928,贾国彬,男,太阳升中,五十六中学,统招,514
3383,51104518,齐迹,男,三十二中,五十六中学,统招,514
3383,21101118,杜庆,女,六十九中,十一中学,统招,514
3383,31103307,刘杰,男,二十四中,十中,统招,514
3383,21104403,潘越峰,女,八中,石油高中,自费,514
3402,31100910,付昊,女,三十六中,三十九中学,统招,513
3402,61102626,刘思思,女,六十一中,三十九中学,统招,513
3402,61103326,杨超,男,六十一中,三十九中学,统招,513
3402,61104522,李宣达,男,五十一中,三十九中学,统招,513
3402,61105009,张雁腾,男,五十一中,三十九中学,统招,513
3402,21108513,赵宇,女,四十四中,三十五中学,自费,513
3402,21109214,杨君忆,女,五十五中,二十八中学,统招,513
3402,31104824,刘畅,男,二十二中,二十八中学,统招,513
3402,31115712,孙雨竹,女,三十六中,二十八中学,统招,513
3402,41102214,蒋冬冬,男,二十七中,五十六中学,统招,513
3402,51102106,徐海玲,女,祝三中学,五十六中学,统招,513
3402,51103027,鲍星宇,男,五十六中,五十六中学,统招,513
3402,51104718,张素颖,女,三十三中,五十六中学,统招,513
3402,51104827,隋志统,男,高台中学,五十六中学,统招,513
3402,51206320,康传增,男,五十六中,五十六中学,统招,513
3402,51206418,王占龙,男,庆阳山中,五十六中学,统招,513
3402,21104517,杜双双,女,六十六中,十中,统招,513
3402,31110726,薛美佳,女,十一中,十中,统招,513
3402,31113421,刘彤,女,四十六中,十中,统招,513
3402,41101423,王佳星,女,四十七中,十中,统招,513
3402,41102412,关宇晴,女,十中,十中,统招,513
3402,41103613,代颉刚,男,十中,十中,统招,513
3402,41105225,张远,男,十中,十中,统招,513
3402,21105509,李丹宇,女,八中,石油高中,自费,513
3426,21106914,张莹,女,四十四中,三十九中学,统招,512
3426,61100202,徐海粟,男,五十一中,三十九中学,统招,512
3426,61103217,张喆,男,五十一中,三十九中学,统招,512
3426,61104023,赵跃,男,三十一中,三十九中学,统招,512
3426,61105624,王贺一,女,五十七中,三十九中学,统招,512
3426,31103525,王潇,女,一中,三十五中学,自费,512
3426,51105621,孙媛媛,女,三十二中,三十五中学,自费,512
3426,21103016,房明,男,四十四中,二十七中学,统招,512
3426,31109323,陈芑萌,男,一中,二十三中学,自费,512
3426,21106921,宋祎玮,男,五十五中,二十八中学,统招,512
3426,21108713,李井慧,男,二十三中,二十八中学,统招,512
3426,31101508,卜咏,女,三十六中,二十八中学,统招,512
3426,31101513,刘池,男,一中,二十八中学,统招,512
3426,31104920,刘富友,男,三中,二十八中学,统招,512
3426,31106816,于欢欢,女,三中,二十八中学,统招,512
3426,31107222,董艳华,女,三十六中,二十八中学,统招,512
3426,31108202,谢启钊,男,一中,二十八中学,统招,512
3426,31114110,赵袆,男,三十四中,二十八中学,统招,512
3426,31114111,房园,女,二十四中,二十八中学,统招,512
3426,31114127,温智勇,男,四十六中,二十八中学,统招,512
3426,41100904,代晨,男,五十九中,二十八中学,统招,512
3426,21102626,于洪立,男,六十九中,五十六中学,统招,512
3426,31101622,杨牧,男,一中,五十六中学,统招,512
3426,51103825,陈美娇,女,高台中学,五十六中学,统招,512
3426,51104510,李小伟,男,双榆中学,五十六中学,统招,512
3426,51105805,董立光,男,五十六中,五十六中学,统招,512
3426,21100321,龚振楠,女,八中,十中,统招,512
3426,21109008,刘中泽,男,二十三中,十中,统招,512
3426,31106930,李德庆,男,二十四中,十中,统招,512
3426,31113511,陈丽雪,女,三十六中,十中,统招,512
3426,41103322,权威,男,十中,十中,统招,512
3426,41105401,张赫,女,十中,十中,自费,512
3426,21107025,曹美璐,女,四十四中,石油高中,自费,512
3426,31102119,赵晋,男,景园中学,石油高中,自费,512
3426,31111029,丁德贤,男,二十四中,石油高中,自费,512
3426,31113422,王利,男,一中,石油高中,自费,512
3462,31110924,刘津辰,女,景园中学,三十九中学,统招,511
3462,61102821,田朗怡,女,六十一中,三十九中学,统招,511
3462,61104022,王晓迪,男,四十三中,三十九中学,统招,511
3462,21104308,孙丽,女,八中,二十八中学,统招,511
3462,21105019,吴滨生,男,六十六中,二十八中学,统招,511
3462,21109224,高继峰,男,二十三中,二十八中学,统招,511
3462,31103011,彭伟,男,一中,二十八中学,统招,511
3462,31105815,王莎莎,女,三十六中,二十八中学,统招,511
3462,31105817,栾保龙,男,二十五中,二十八中学,统招,511
3462,31109819,崔博,男,二十八中,二十八中学,统招,511
3462,31111112,尹航,女,三十六中,二十八中学,统招,511
3462,31113314,贺智明,男,二十二中,二十八中学,统招,511
3462,41104327,刘艳秋,女,六十五中,二十八中学,统招,511
3462,51104920,刘健美,女,祝三中学,二十八中学,统招,511
3462,61103129,刘旋,女,五十中学,二十八中学,统招,511
3462,21102305,郑子瑞,男,六十九中,五十六中学,统招,511
3462,21109218,陈硕,女,八中,五十六中学,统招,511
3462,41104116,赵春雨,男,二十七中,五十六中学,统招,511
3462,51100119,曲靖慧,女,五十六中,五十六中学,统招,511
3462,51100714,刘大庆,男,老山头中,五十六中学,统招,511
3462,51206217,王翠翠,女,八井中学,五十六中学,统招,511
3462,51206427,孙红,女,双榆中学,五十六中学,统招,511
3462,31101711,丁红丽,女,三中,十中,统招,511
3462,31109727,张琦,女,四十六中,十中,统招,511
3462,41100529,李季,男,十中,十中,统招,511
3462,31106204,陈雪琼,女,景园中学,石油高中,自费,511
3462,31109401,李阳,男,二十四中,石油高中,自费,511
3462,41103227,孙微,女,四十七中,石油高中,自费,511
3490,21102722,张雪,女,六十九中,三十九中学,统招,510
3490,61102825,李鹏浩,男,五十七中,三十九中学,统招,510
3490,61103830,梁付宇,男,四十三中,三十九中学,统招,510
3490,61103914,邹倩倩,女,六十一中,三十九中学,统招,510
3490,61104513,李楠楠,女,十九中学,三十九中学,统招,510
3490,31113125,郝鹏飞,男,一中,二十三中学,自费,510
3490,21107628,张仁辉,男,二十一中,二十八中学,统招,510
3490,31100817,王晓山,男,三中,二十八中学,统招,510
3490,31102513,徐冰,男,景园中学,二十八中学,统招,510
3490,31103221,陈宏大,男,喇镇中学,二十八中学,统招,510
3490,41105718,佟智逾,男,四十二中,二十八中学,统招,510
3490,61101903,曲道军,男,十九中学,二十八中学,统招,510
3490,21103905,张艾,女,六十六中,五十六中学,统招,510
3490,21106626,戴强强,女,六十六中,五十六中学,统招,510
3490,21107524,戚宇,男,八中,五十六中学,统招,510
3490,31108921,齐欣,男,三十四中,五十六中学,统招,510
3490,51100306,李艳茹,女,老山头中,五十六中学,统招,510
3490,51104027,姚继龙,男,庆阳山中,五十六中学,统招,510
3490,51104228,李申远,男,五十六中,五十六中学,统招,510
3490,21108027,李瑞雪,女,四十四中,十中,统招,510
3490,31102713,崔鹤,女,景园中学,十中,统招,510
3490,31104812,王巧云,女,五十八中,十中,统招,510
3490,31105025,王阳阳,女,三十六中,十中,统招,510
3490,31109506,马雪,女,三十中,十中,统招,510
3490,41105806,张利磊,男,十中,十中,统招,510
3490,51100804,李添翼,男,三十七中,十中,统招,510
3490,31104703,苏涵,男,景园中学,石油高中,自费,510
3490,31105424,吕玉峰,男,四十六中,石油高中,自费,510
3490,31115203,张媛,女,六十四中,石油高中,自费,510
3490,61106019,刘金,女,四十三中,石油高中,自费,510
3520,41101425,宋健,女,十七中,三十九中学,统招,509
3520,51103819,王静,女,大青山中,三十九中学,统招,509
3520,61103313,邓杨,女,五十七中,三十九中学,统招,509
3520,51102629,赵娣,女,三十二中,三十五中学,自费,509
3520,21107306,孙欣,女,六十九中,二十三中学,自费,509
3520,21107729,王丹,女,祥阁学校,二十八中学,统招,509
3520,21108601,刘本荣,女,二十三中,二十八中学,统招,509
3520,31101106,丛爱娟,女,三十六中,二十八中学,统招,509
3520,31101325,蒋颖,女,一中,二十八中学,统招,509
3520,31101520,李世博,男,二十五中,二十八中学,统招,509
3520,31105009,范晓冬,女,三十中,二十八中学,统招,509
3520,31106524,刘鑫磊,男,一中,二十八中学,统招,509
3520,31107508,张鹏,男,三十六中,二十八中学,统招,509
3520,31108012,范欣,女,景园中学,二十八中学,统招,509
3520,31111628,张宇,女,六十三中,二十八中学,统招,509
3520,31111716,张楠,女,喇镇中学,二十八中学,统招,509
3520,51102602,孙艳平,女,祝三中学,二十八中学,统招,509
3520,61103412,于瑞敏,女,龙镇一中,二十八中学,统招,509
3520,41104018,马静,女,二十七中,五十六中学,统招,509
3520,41105203,任秋昊,女,二十七中,五十六中学,统招,509
3520,51102309,张丽丽,女,三十三中,五十六中学,统招,509
3520,51104028,杜国光,男,高台中学,五十六中学,统招,509
3520,51106120,杨在明,男,五十六中,五十六中学,统招,509
3520,31114001,李洋洋,女,三十六中,十中,统招,509
3520,31114016,何凯,男,二十四中,十中,统招,509
3520,61101307,周唯,女,三十一中,石油高中,自费,509
3546,21105618,王姝琦,女,十三中,三十九中学,统招,508
3546,41105424,侯小哲,女,十六中,三十九中学,统招,508
3546,61102112,任虹璐,女,五十七中,三十九中学,统招,508
3546,61103320,谢龙,男,六十一中,三十九中学,统招,508
3546,61105304,马婷,女,四十三中,三十九中学,统招,508
3546,61105604,孙嘉晨,男,十九中学,三十九中学,统招,508
3546,61105720,任鹏飞,男,三十一中,三十九中学,统招,508
3546,41105528,白辰,男,六十五中,三十五中学,自费,508
3546,51105821,鲍俊奇,男,三十三中,三十五中学,自费,508
3546,21102602,韩立辉,男,二十三中,二十三中学,自费,508
3546,21109225,李芳菲,女,四十中,二十八中学,统招,508
3546,31103229,白涵龙,男,三十六中,二十八中学,统招,508
3546,31103924,陈旭,女,一中,二十八中学,统招,508
3546,31104805,苏桂梅,女,三中,二十八中学,统招,508
3546,31105203,郝鹏楠,男,二十八中,二十八中学,统招,508
3546,31105416,吴蓉蓉,女,一中,二十八中学,统招,508
3546,31106428,于双,女,二十八中,二十八中学,统招,508
3546,31112822,向潇雅,女,一中,二十八中学,统招,508
3546,61101527,宋玲敏,女,龙镇一中,二十八中学,统招,508
3546,61104015,程园园,女,向阳中学,二十八中学,统招,508
3546,21102601,李慧,女,四十四中,五十六中学,统招,508
3546,31104726,丛新,女,五十八中,五十六中学,统招,508
3546,51100315,张海东,男,三十二中,五十六中学,统招,508
3546,51101626,蒋玺陆洋,女,新华中学,五十六中学,统招,508
3546,51101802,崔丽萍,女,庆阳山中,五十六中学,统招,508
3546,51105105,王敏敏,女,祝三中学,五十六中学,统招,508
3546,21101708,于洋,男,祥阁学校,十中,统招,508
3546,31103308,高菲,女,三十六中,十中,统招,508
3546,31115422,吕俊楠,男,十四中,十中,统招,508
3546,51104224,李敬龙,男,三十二中,十中,统招,508
3546,31111730,杨梦侨,女,三十六中,石油高中,自费,508
3546,31113027,李孟,女,三十六中,石油高中,自费,508
3546,51101511,梁晨,女,三十七中,石油高中,自费,508
3579,21104016,张娜娜,女,二十三中,三十九中学,统招,507
3579,21107010,苏航,女,四十四中,三十九中学,统招,507
3579,61105017,韩佳明,男,四十三中,三十九中学,统招,507
3579,61105915,杨广龙,男,五十一中,三十九中学,统招,507
3579,31106022,韩天笑,男,景园中学,三十五中学,自费,507
3579,51105729,孙灵犀,女,三十二中,三十五中学,自费,507
3579,41104201,穆英鑫,男,二十七中,二十八中学,统招,507
3579,41105205,孟宇辰,男,二十七中,二十八中学,统招,507
3579,31108129,刘丽娟,女,六十三中,五十六中学,统招,507
3579,31113510,刘玉佳,女,景园中学,五十六中学,统招,507
3579,51102326,刘巍巍,女,三十三中,五十六中学,统招,507
3579,51104402,孙立峰,男,高台中学,五十六中学,统招,507
3579,51206323,刘芳,女,八井中学,五十六中学,统招,507
3579,51206508,马野,男,五十六中,五十六中学,统招,507
3579,51206615,丛晶雪,女,庆阳山中,五十六中学,统招,507
3579,21107216,袁晓娜,女,二十一中,十中,统招,507
3579,31106011,徐志鹏,男,一中,十中,统招,507
3579,41104017,郭晓琪,女,四十七中,十中,统招,507
3579,41104512,孙铭,女,十中,十中,统招,507
3579,21101717,李晓辉,女,十三中,石油高中,自费,507
3579,21107814,于磊,男,五十五中,石油高中,自费,507
3579,31112027,曹哲,男,三十中,石油高中,自费,507
3579,31112705,于博闻,女,二十五中,石油高中,自费,507
3602,31106719,王延钊,男,四十五中,三十九中学,统招,506
3602,31112102,刘婷婷,女,二十四中,三十九中学,统招,506
3602,61101414,单小航,女,十九中学,三十九中学,统招,506
3602,61101530,罗敏,女,四十三中,三十九中学,统招,506
3602,61102104,赵航,男,五十一中,三十九中学,统招,506
3602,61104428,秦雪莹,女,五十一中,三十九中学,统招,506
3602,31108809,关镇,女,十四中,三十五中学,自费,506
3602,51100829,王朝哲,男,三十七中,三十五中学,自费,506
3602,51104611,王洋洋,女,三十二中,三十五中学,自费,506
3602,21100830,何鑫,男,二十三中,二十八中学,统招,506
3602,21104006,张丹丹,女,二十三中,二十八中学,统招,506
3602,21107119,陈光,男,二十三中,二十八中学,统招,506
3602,31102705,姜宇超,男,三十四中,二十八中学,统招,506
3602,31102706,刘锐锋,男,一中,二十八中学,统招,506
3602,31104028,吴思慧,女,一中,二十八中学,统招,506
3602,31109110,崔晶,女,三十六中,二十八中学,统招,506
3602,31103723,李杭,男,三十四中,五十六中学,统招,506
3602,51206519,耿金秋,女,五十六中,五十六中学,统招,506
3602,31101806,耿辛圆,女,一中,十中,统招,506
3602,31114216,柳明艳,女,三十六中,十中,统招,506
3602,51101203,李婷婷,女,太阳升中,十中,统招,506
3623,21104209,王海龙,男,六十六中,三十九中学,统招,505
3623,21105203,金莹华,女,祥阁学校,三十九中学,统招,505
3623,21108117,孟振鹏,男,六十九中,三十九中学,统招,505
3623,61105513,刘娇,女,五十七中,三十九中学,统招,505
3623,51101514,孙晓鹏,男,三十三中,三十五中学,自费,505
3623,21101727,梁化秀,男,五十五中,二十八中学,统招,505
3623,21105713,吴雪,女,十三中,二十八中学,统招,505
3623,21106216,孙春加,男,二十三中,二十八中学,统招,505
3623,21107213,李纯,女,祥阁学校,二十八中学,统招,505
3623,21107903,纪凯轩,男,八中,二十八中学,统招,505
3623,31100428,吴旭珍,女,四十六中,二十八中学,统招,505
3623,31100904,朴兰花,女,一中,二十八中学,统招,505
3623,31107813,闫秀婷,女,三十中,二十八中学,统招,505
3623,31110221,熊伟,男,一中,二十八中学,统招,505
3623,31111518,宋春雪,女,二十四中,二十八中学,统招,505
3623,41101910,姜天奇,女,二十七中,二十八中学,统招,505
3623,51104324,代洪雨,女,和平牧场,二十八中学,统招,505
3623,51105601,刘志龙,男,祝三中学,二十八中学,统招,505
3623,21107221,侯雪莹,女,五十五中,五十六中学,统招,505
3623,41102618,关多健夫,男,四十二中,五十六中学,统招,505
3623,41104112,陈铁涛,男,杏树岗中,五十六中学,统招,505
3623,51100922,吕秀玲,女,大青山中,五十六中学,统招,505
3623,51101215,曲金鑫,女,双榆中学,五十六中学,统招,505
3623,51102103,孙立立,女,老山头中,五十六中学,统招,505
3623,51103824,王雪娇,女,五十六中,五十六中学,统招,505
3623,51104707,潘强,男,五十六中,五十六中学,统招,505
3623,51104817,杜启东,男,五十六中,五十六中学,统招,505
3623,51105513,刘钰莹,女,庆阳山中,五十六中学,统招,505
3623,51206206,武心美,女,五十六中,五十六中学,统招,505
3623,51206222,邹德龙,男,庆阳山中,五十六中学,统招,505
3623,51206317,刘欢,女,八井中学,五十六中学,统招,505
3623,51206622,宫得龙,男,五十六中,五十六中学,统招,505
3623,21101815,王婵,女,二十三中,十中,统招,505
3623,51101013,杨经玮,女,大青山中,十中,统招,505
3623,61106217,郑清宇,男,五十七中,十中,统招,505
3623,31115720,胡小青,女,二十四中,石油高中,自费,505
3623,41100224,李茉,女,十中,石油高中,自费,505
3660,21102410,赵羽亭,女,六十九中,三十九中学,统招,504
3660,61100124,张超,男,六十一中,三十九中学,统招,504
3660,61100520,李琳,女,五十一中,三十九中学,统招,504
3660,61102429,伏思雨,男,四十三中,三十九中学,统招,504
3660,31114713,田磊,男,四十六中,三十五中学,自费,504
3660,51100405,崔龙龙,男,三十二中,三十五中学,自费,504
3660,21105102,李卓,女,八中,二十八中学,统招,504
3660,21105814,沈通,男,六十六中,二十八中学,统招,504
3660,31102307,王守钰,男,五十八中,二十八中学,统招,504
3660,31102607,李若晗,男,三中,二十八中学,统招,504
3660,31103109,宋沛伦,男,三十六中,二十八中学,统招,504
3660,31105717,初兰兰,女,四十五中,二十八中学,统招,504
3660,31106619,罗斌,男,五十八中,二十八中学,统招,504
3660,31107707,张恩龙,男,喇镇中学,二十八中学,统招,504
3660,31109713,安志芳,女,二十四中,二十八中学,统招,504
3660,31111521,潘光宇,男,三十六中,二十八中学,统招,504
3660,31111825,闻彪,男,一中,二十八中学,统招,504
3660,31112117,侯璎娜,女,二十八中,二十八中学,统招,504
3660,31112928,吴抒洋,女,一中,二十八中学,统招,504
3660,31113208,刘梦宇,男,三十六中,二十八中学,统招,504
3660,41101906,赵旭升,男,六十五中,二十八中学,统招,504
3660,41102313,彭庆辉,男,二十七中,二十八中学,统招,504
3660,61105607,门红岩,男,龙镇一中,二十八中学,统招,504
3660,21100925,肖萌,女,四十四中,五十六中学,统招,504
3660,21104109,周慧,女,六中,五十六中学,统招,504
3660,21107522,曲秀丽,女,六十九中,五十六中学,统招,504
3660,31101323,朱传瑞,女,三十六中,五十六中学,统招,504
3660,31110706,尹连伟,男,三中,五十六中学,统招,504
3660,51100217,刘珊珊,女,五十六中,五十六中学,统招,504
3660,51101210,刘欢,女,高台中学,五十六中学,统招,504
3660,51103310,李婷婷,女,五十六中,五十六中学,统招,504
3660,51104212,徐福凤,女,和平牧场,五十六中学,统招,504
3660,51105802,刘绪思,女,五十六中,五十六中学,统招,504
3660,51206413,程俊龙,男,八井中学,五十六中学,统招,504
3660,51206828,宋艳秋,女,八井中学,五十六中学,统招,504
3660,61100924,张晶鑫,男,十九中学,十七中学,自费,504
3660,21104519,谷冬岩,女,祥阁学校,十中,统招,504
3660,31112307,王晓会,女,二十五中,十中,统招,504
3660,41100311,吉亚楠,女,十中,十中,统招,504
3660,41101522,刘楠,女,六十五中,十中,统招,504
3660,31101224,温雪,女,四十六中,石油高中,自费,504
3660,31102608,胡东旭,男,一中,石油高中,自费,504
3660,31103205,周家慧,女,六十四中,石油高中,自费,504
3703,21107624,姚柏宇,男,四十四中,三十九中学,统招,503
3703,31111127,孙雪,女,二十五中,三十九中学,统招,503
3703,41105118,曲天宇,男,二十七中,三十九中学,统招,503
3703,51102209,马鑫,女,三十七中,三十五中学,自费,503
3703,51102315,李朋龙,男,三十三中,三十五中学,自费,503
3703,31114725,李杨,女,十四中,二十三中学,自费,503
3703,01100230,刘爽,女,林甸初中,二十八中学,统招,503
3703,21105428,俞逍遥,女,四十中,二十八中学,统招,503
3703,31103211,陈楠,男,四十六中,二十八中学,统招,503
3703,31104804,曹红影,女,四十五中,二十八中学,统招,503
3703,31110203,刘宇虹,女,二十八中,二十八中学,统招,503
3703,31111311,任孟男,男,五十八中,二十八中学,统招,503
3703,41102230,李洪利,男,杏树岗中,二十八中学,统招,503
3703,51100221,张琳,女,三十二中,二十八中学,统招,503
3703,51105919,孙文晶,女,三十二中,二十八中学,统招,503
3703,61101504,杨名华,男,十九中学,二十八中学,统招,503
3703,61105006,孙璐佳,女,龙镇一中,二十八中学,统招,503
3703,21106915,张醒,女,五十五中,五十六中学,统招,503
3703,31103204,吴晓飞,女,景园中学,五十六中学,统招,503
3703,31107524,路莹,女,三十中,五十六中学,统招,503
3703,31108510,崔谦,男,景园中学,五十六中学,统招,503
3703,41103607,李艳菲,女,六十五中,五十六中学,统招,503
3703,41105028,李敏,女,四十二中,五十六中学,统招,503
3703,51103524,陆长江,男,祝三中学,五十六中学,统招,503
3703,51206901,苏占三,男,五十六中,五十六中学,统招,503
3703,31100415,王俊平,男,一中,十七中学,自费,503
3703,31107008,詹灏,男,三十中,十七中学,自费,503
3703,21109327,刘洋,男,二十三中,十中,统招,503
3703,31106211,王小雪,女,四十五中,十中,统招,503
3703,31108922,王楠,男,六十四中,十中,统招,503
3703,31111025,姜曼,女,二十四中,十中,统招,503
3703,41100607,梁巍,男,十中,十中,统招,503
3703,41102210,沙志明,男,六十五中,十中,统招,503
3703,51104722,李贤凤,女,祝三中学,十中,统招,503
3703,21105009,李阳,男,八中,石油高中,自费,503
3703,21108211,卢泰伟,男,八中,石油高中,自费,503
3703,31100712,李鑫,男,三十六中,石油高中,自费,503
3703,31105112,高月,女,一中,石油高中,自费,503
3741,21100614,王思远,女,六十九中,三十九中学,统招,502
3741,21108001,迟阳,女,四十四中,三十九中学,统招,502
3741,51105117,车立觅,女,新华中学,三十九中学,统招,502
3741,61100504,张峰硕,男,五十一中,三十九中学,统招,502
3741,31115217,马晨升,男,六十四中,三十五中学,自费,502
3741,51103808,范威,男,三十三中,三十五中学,自费,502
3741,51104711,王丹丹,女,五十六中,三十五中学,自费,502
3741,51105521,周冬辉,女,祝三中学,三十五中学,自费,502
3741,21101725,蒋岩,女,二十三中,二十三中学,自费,502
3741,31106518,王硕,男,三十四中,二十三中学,自费,502
3741,21102023,郭士宇,男,六十六中,二十八中学,统招,502
3741,21102025,金欢,男,五十五中,二十八中学,统招,502
3741,21103113,王学鹏,男,六十六中,二十八中学,统招,502
3741,21106521,包梦娜,女,五十五中,二十八中学,统招,502
3741,21107712,闫冰,女,二十三中,二十八中学,统招,502
3741,31106623,吴彧,女,二十八中,二十八中学,统招,502
3741,31110513,刘传,男,二十四中,二十八中学,统招,502
3741,31112322,井振龙,男,二十四中,二十八中学,统招,502
3741,31115306,韩正兴,男,一中,二十八中学,统招,502
3741,31115412,李炼鹏,男,二十五中,二十八中学,统招,502
3741,31115715,李鹏超,男,三十中,二十八中学,统招,502
3741,41104511,历健,女,五十二中,二十八中学,统招,502
3741,61101723,宋雪威,女,龙镇一中,二十八中学,统招,502
3741,61103104,季明月,女,十九中学,二十八中学,统招,502
3741,61103211,宋波,男,四十九中,二十八中学,统招,502
3741,31103322,陈晨,男,四十六中,五十六中学,统招,502
3741,31103602,张恒,男,十一中,五十六中学,统招,502
3741,31103926,张杨,女,十一中,五十六中学,统招,502
3741,31109324,张晨雪,女,三十四中,五十六中学,统招,502
3741,41105030,徐姗姗,女,四十二中,五十六中学,统招,502
3741,51102011,郑艳平,女,三十三中,五十六中学,统招,502
3741,51103302,郭茜茜,女,五十六中,五十六中学,统招,502
3741,51105109,冯柏双,女,五十六中,五十六中学,统招,502
3741,51206316,马萍,女,五十六中,五十六中学,统招,502
3741,51206412,王红,女,双榆中学,五十六中学,统招,502
3741,51206521,付洋洋,女,双榆中学,五十六中学,统招,502
3741,31102508,王璐,女,一中,十中,统招,502
3741,31104314,乐雯,女,三十中,十中,统招,502
3741,31105709,张荣涛,男,三十六中,十中,统招,502
3741,31106423,刘琦,女,三十中,十中,统招,502
3741,31110419,李歆冉,女,二十四中,十中,统招,502
3741,31112809,陶加奇,男,二十四中,十中,统招,502
3741,41100313,王秋实,男,六十五中,十中,统招,502
3741,41101001,何庆秋,女,四十七中,十中,统招,502
3741,41102116,刘瀚,男,十中,十中,统招,502
3741,51106122,李晓庆,男,高台中学,十中,统招,502
3741,21103201,曹宇卓,男,六十九中,石油高中,自费,502
3741,21108702,范槟匆,男,六十九中,石油高中,自费,502
3741,31107423,左希毓,女,四十六中,石油高中,自费,502
3790,21103329,高英实,男,六十九中,三十九中学,统招,501
3790,41103620,许阳,女,四十二中,三十九中学,统招,501
3790,61100723,张雁超,男,六十一中,三十九中学,统招,501
3790,61101730,王玉海,男,四十三中,三十九中学,统招,501
3790,61103016,刘宇超,男,六十一中,三十九中学,统招,501
3790,61103913,纪雪飞,女,龙镇一中,三十九中学,统招,501
3790,61104925,李旭,女,六十一中,三十九中学,统招,501
3790,61105202,李瑾,女,龙镇一中,三十九中学,统招,501
3790,61105521,佟青泽,女,六十一中,三十九中学,统招,501
3790,41103204,谢文文,女,二十七中,三十五中学,自费,501
3790,21103711,兰鹏浩,男,二十三中,二十三中学,自费,501
3790,21100615,杨萌,女,二十三中,二十八中学,统招,501
3790,21103018,王唯,女,四十四中,二十八中学,统招,501
3790,21106410,刘立峰,男,四十四中,二十八中学,统招,501
3790,31100719,吴平,女,喇镇中学,二十八中学,统招,501
3790,31112029,仇艳春,女,十一中,二十八中学,统招,501
3790,31112820,王帅,男,二十八中,二十八中学,统招,501
3790,31113302,薛磊,男,二十五中,二十八中学,统招,501
3790,61101430,刘伟伟,男,向阳中学,二十八中学,统招,501
3790,21108917,刘双庆,女,六十六中,五十六中学,统招,501
3790,31107502,白雪,女,四十六中,五十六中学,统招,501
3790,41100517,刁立民,男,十七中,五十六中学,统招,501
3790,41104408,王思吉,女,二十七中,五十六中学,统招,501
3790,41105711,李君岩,男,杏树岗中,五十六中学,统招,501
3790,51100921,张立超,女,高台中学,五十六中学,统招,501
3790,51103616,王立娟,女,高台中学,五十六中学,统招,501
3790,51104314,贺晶,女,高台中学,五十六中学,统招,501
3790,51104405,焦士龙,男,祝三中学,五十六中学,统招,501
3790,51104915,刘洪淼,男,太阳升中,五十六中学,统招,501
3790,51105313,周礼,男,五十六中,五十六中学,统招,501
3790,61102107,刘秀莲,女,向阳中学,五十六中学,统招,501
3790,31113008,任秋翔,女,四十六中,十七中学,自费,501
3790,21103513,刘姗姗,女,二十三中,十中,统招,501
3790,21109121,陈春雨,男,六十九中,十中,统招,501
3790,31104201,楚旭,男,一中,十中,统招,501
3790,31110120,刘雨竹,女,六十四中,十中,统招,501
3790,31112105,任杰,男,三十六中,十中,统招,501
3790,41103418,刘昊,男,四十二中,十中,自费,501
3790,41104514,孙扬,男,十中,十中,统招,501
3790,71100101,刘望云,女,肇州初中,十中,统招,501
3790,31106603,藏冰霜,女,三十中,石油高中,自费,501
3831,21101521,邢冬秋,女,五十五中,三十九中学,统招,500
3831,21106506,崔霄晗,女,六十九中,三十九中学,统招,500
3831,31111104,乔猛,男,二十五中,三十九中学,统招,500
3831,61100302,穆天天,女,五十七中,三十九中学,统招,500
3831,61100530,孙健,男,五十七中,三十九中学,统招,500
3831,61103004,张占龙,男,龙镇一中,三十九中学,统招,500
3831,61103228,高羽辰,男,三十一中,三十九中学,统招,500
3831,61105030,伊卓,男,六十一中,三十九中学,统招,500
3831,21100319,张敏,女,六十六中,三十五中学,自费,500
3831,21100323,张剑,女,二十三中,三十五中学,自费,500
3831,21105427,潘晓巍,女,二十三中,三十五中学,自费,500
3831,41102114,杨森,男,四十二中,三十五中学,自费,500
3831,41103619,张彬,男,五十二中,三十五中学,自费,500
3831,41104525,张庆龙,男,五十二中,三十五中学,自费,500
3831,51103703,王先宇,男,三十二中,三十五中学,自费,500
3831,51104030,栾超芙,女,三十三中,三十五中学,自费,500
3831,21100608,丁杉杉,女,二十三中,二十八中学,自费,500
3831,31103719,曾超,男,二十八中,二十八中学,自费,500
3831,31105513,倪爽,女,二十四中,二十八中学,自费,500
3831,31114301,丁磊,男,景园中学,二十八中学,自费,500
3831,31101426,季潇濛,女,景园中学,五十六中学,统招,500
3831,31111816,陈雪,女,景园中学,五十六中学,统招,500
3831,41104819,郎钧,男,十中,五十六中学,统招,500
3831,41105709,张旭玉,男,杏树岗中,五十六中学,统招,500
3831,51100125,夏新,女,五十六中,五十六中学,统招,500
3831,51100229,荣晶施,女,庆阳山中,五十六中学,统招,500
3831,51102408,孙景锋,男,大青山中,五十六中学,统招,500
3831,51102922,王清华,女,五十六中,五十六中学,统招,500
3831,51104425,郇龙,男,祝三中学,五十六中学,统招,500
3831,51104803,孙龙,男,高台中学,五十六中学,统招,500
3831,51105506,刘辉,男,三十三中,五十六中学,统招,500
3831,31103607,丁亮,男,三十中,十七中学,自费,500
3831,31113115,袁会亭,女,二十四中,十七中学,自费,500
3831,21103503,张思维,男,九中,石油高中,自费,500
3831,31102414,马金龙,男,一中,石油高中,自费,500
3831,31110205,马昭,男,景园中学,石油高中,自费,500
3831,31112314,刘璐,女,二十五中,石油高中,自费,500
3868,31108319,董迪,女,二十五中,三十九中学,统招,499
3868,31111108,邵士杰,男,二十五中,三十九中学,统招,499
3868,61101223,彭博,男,六十一中,三十九中学,统招,499
3868,61104603,云吉,男,五十一中,三十九中学,统招,499
3868,61104702,田姗姗,女,五十一中,三十九中学,统招,499
3868,31114814,张鹏,男,四十六中,三十五中学,自费,499
3868,41101511,王斐,女,十中,三十五中学,自费,499
3868,51102305,李营,女,老山头中,三十五中学,自费,499
3868,21103519,李洋,男,六十九中,二十三中学,自费,499
3868,31106630,徐静,女,三十六中,二十八中学,自费,499
3868,31108026,魏佳林,男,二十八中,二十八中学,自费,499
3868,31109116,王明琦,女,景园中学,二十八中学,自费,499
3868,31110328,吴岩,男,三十六中,二十八中学,自费,499
3868,01100428,王琪,女,林甸初中,五十六中学,统招,499
3868,31110715,凌莹莹,女,十一中,五十六中学,统招,499
3868,31112623,贾洪岩,女,三十中,五十六中学,统招,499
3868,41100905,周殿龙,男,十中,五十六中学,统招,499
3868,41101303,刘鸣,男,四十七中,五十六中学,统招,499
3868,41105418,赵阳,男,十中,五十六中学,统招,499
3868,51100317,邹即杰,女,老山头中,五十六中学,统招,499
3868,51100805,刘杰,女,老山头中,五十六中学,统招,499
3868,51102330,曹铎瀚,女,五十六中,五十六中学,统招,499
3868,51102603,张玉鑫,女,三十二中,五十六中学,统招,499
3868,51102703,刘涛,男,五十六中,五十六中学,统招,499
3868,51102801,李艳家,男,三十三中,五十六中学,统招,499
3868,51102913,徐磊,男,高台中学,五十六中学,统招,499
3868,51103129,张广玉,男,三十三中,五十六中学,统招,499
3868,51104129,刘全庆,男,高台中学,五十六中学,统招,499
3868,51104606,高云丽,女,老山头中,五十六中学,统招,499
3868,51206302,于亭亭,女,五十六中,五十六中学,统招,499
3868,51206705,孟兆杰,女,五十六中,五十六中学,统招,499
3868,51206805,李鸿岩,男,庆阳山中,五十六中学,统招,499
3868,41105723,庄明,女,十中,十中,自费,499
3868,21102330,佟玲,女,六十六中,石油高中,自费,499
3868,21103512,朴春燕,女,六中,石油高中,自费,499
3868,21105502,刘欣欣,女,四十四中,石油高中,自费,499
3868,21106512,康丹丹,女,六十九中,石油高中,自费,499
3868,31104208,唐彬,男,一中,石油高中,自费,499
3906,21103719,万鑫,男,八中,三十九中学,统招,498
3906,51100101,刘石磊,男,三十七中,三十五中学,自费,498
3906,21100705,孟繁龙,男,二十三中,二十三中学,自费,498
3906,31100406,韩旭,男,三十六中,二十三中学,自费,498
3906,31104721,宋扬,男,二十八中,二十八中学,自费,498
3906,31112904,耿雪,女,二十八中,二十八中学,自费,498
3906,21104116,赵薇,女,六十九中,五十六中学,统招,498
3906,21105516,夏雨鑫,男,八中,五十六中学,统招,498
3906,31104124,金娜,女,三十六中,五十六中学,统招,498
3906,31107626,杨春晓,女,三中,五十六中学,统招,498
3906,31108401,谢卿,男,四十六中,五十六中学,统招,498
3906,31109622,李楠,男,五十八中,五十六中学,统招,498
3906,31110522,刘爽,女,十四中,五十六中学,统招,498
3906,41103816,徐井涛,男,杏树岗中,五十六中学,统招,498
3906,41104216,张云亮,男,杏树岗中,五十六中学,统招,498
3906,41105123,张优,女,二十七中,五十六中学,统招,498
3906,51100620,高旭,男,五十六中,五十六中学,统招,498
3906,51100814,胥长影,女,三十三中,五十六中学,统招,498
3906,51101410,王超,男,大青山中,五十六中学,统招,498
3906,51102015,李洪梁,男,大青山中,五十六中学,统招,498
3906,51102112,孙洪宝,男,五十六中,五十六中学,统招,498
3906,51103107,崔景杰,男,高台中学,五十六中学,统招,498
3906,51104809,宋艳梅,女,三十三中,五十六中学,统招,498
3906,61101015,李娜,女,四十九中,五十六中学,统招,498
3906,41103925,雷荟弘,女,十七中,十七中学,自费,498
3906,31114911,王瑜,女,六十四中,十中,自费,498
3906,41100823,赵静,女,十中,十中,自费,498
3906,41102403,李圣龙,男,十中,十中,自费,498
3906,41102621,张云鹏,男,四十二中,十中,自费,498
3906,41104625,王超,女,十中,十中,自费,498
3936,61101209,任强,男,十九中学,三十九中学,统招,497
3936,61102018,孙雯娟,女,三十一中,三十九中学,统招,497
3936,61103413,赵洋,男,四十三中,三十九中学,统招,497
3936,61105518,修璇,男,五十七中,三十九中学,统招,497
3936,61105709,郑开明,男,五十中学,三十九中学,统招,497
3936,41103509,罗丹,女,十中,三十五中学,自费,497
3936,21106616,李京芯,女,四十四中,二十三中学,自费,497
3936,21101013,史天琪,女,二十三中,二十八中学,自费,497
3936,21107807,李博雅,女,十三中,二十八中学,自费,497
3936,31110929,李秋明,女,景园中学,二十八中学,自费,497
3936,31112321,金昊,男,三十六中,二十八中学,自费,497
3936,31102206,杨伟伟,女,一中,五十六中学,统招,497
3936,31102221,麦姗,女,二十二中,五十六中学,统招,497
3936,31103421,王盛龙,男,喇镇中学,五十六中学,统招,497
3936,31105024,邢飞旭,男,三十中,五十六中学,统招,497
3936,31109020,蔡晓敏,女,三中,五十六中学,统招,497
3936,31111523,程永亮,男,三十中,五十六中学,统招,497
3936,41102607,陈丽丽,女,十七中,五十六中学,统招,497
3936,41104924,郑旭,女,四十七中,五十六中学,统招,497
3936,51100212,张春龙,男,五十六中,五十六中学,统招,497
3936,51103001,周宇翔,男,大青山中,五十六中学,统招,497
3936,51103113,汤云龙,男,高台中学,五十六中学,统招,497
3936,51103915,陈小娟,女,老山头中,五十六中学,统招,497
3936,61106107,于露,女,四十九中,五十六中学,统招,497
3936,31115027,谢国锋,男,六十四中,十七中学,自费,497
3936,41102024,邓鹏,女,四十七中,十七中学,自费,497
3936,31105702,李鑫宇,男,六十四中,十中,自费,497
3936,21106724,龚禹微,女,六十六中,石油高中,自费,497
3936,31100911,谭啸,男,二十五中,石油高中,自费,497
3936,31110121,董航,男,景园中学,石油高中,自费,497
3966,31104008,安冬,男,一中,三十九中学,统招,496
3966,31111729,于智浩,女,一中,三十九中学,统招,496
3966,51102416,闫红,女,五十六中,三十九中学,统招,496
3966,61102119,王梓,男,四十三中,三十九中学,统招,496
3966,31103720,周文博,男,一中,三十五中学,自费,496
3966,51100223,马晓翠,女,三十三中,三十五中学,自费,496
3966,21109319,武茜茹,女,五十五中,二十三中学,自费,496
3966,31101902,王梦,女,二十五中,二十三中学,自费,496
3966,21102801,韩雪,女,十二中,五十六中学,统招,496
3966,21105116,高芳芳,女,四十四中,五十六中学,统招,496
3966,21108304,谷洋,男,五十五中,五十六中学,统招,496
3966,21108308,刘明秋,女,六十六中,五十六中学,统招,496
3966,31103311,姜楠,男,二十四中,五十六中学,统招,496
3966,31108310,王亮,男,三中,五十六中学,统招,496
3966,31113821,于浩琦,女,三十四中,五十六中学,统招,496
3966,31115313,彭鸣,女,三十四中,五十六中学,统招,496
3966,31115724,于添洋,男,景园中学,五十六中学,统招,496
3966,51101305,王亚娟,女,三十二中,五十六中学,统招,496
3966,51101505,冯文波,男,五十六中,五十六中学,统招,496
3966,51105122,杨金玉,男,庆阳山中,五十六中学,统招,496
3966,61105912,张丹,女,卧铁中学,五十六中学,统招,496
3966,41100413,臧威,女,十中,十七中学,自费,496
3966,51100105,张健,女,三十七中,十七中学,自费,496
3966,51105227,王思琪,女,三十七中,十中,自费,496
3966,21104630,高悦,女,六十六中,石油高中,自费,496
3966,31112606,李冰,男,二十五中,石油高中,自费,496
3966,41104120,杨璐,女,四十二中,石油高中,自费,496
3993,51104404,杨帆,男,大青山中,三十九中学,统招,495
3993,61104824,徐卓然,男,三十一中,三十九中学,统招,495
3993,41104026,陈梦,女,十中,三十五中学,自费,495
3993,51102619,穆昕宇,女,高台中学,三十五中学,自费,495
3993,51104514,肖海娟,女,三十三中,三十五中学,自费,495
3993,51105026,韩艳雪,男,高台中学,三十五中学,自费,495
3993,31102819,王妍,女,一中,二十八中学,自费,495
3993,31104318,胡楠,女,五十八中,二十八中学,自费,495
3993,31104706,唐纯鹏,男,二十八中,二十八中学,自费,495
3993,31108613,曲阳,女,二十八中,二十八中学,自费,495
3993,31110430,张经纬,男,一中,二十八中学,自费,495
3993,21106309,李煜,女,六十六中,五十六中学,统招,495
3993,21107601,梁红伟,女,六十六中,五十六中学,统招,495
3993,31110501,王作宇,男,喇镇中学,五十六中学,统招,495
3993,31110619,刘丹丹,女,一中,五十六中学,统招,495
3993,51101501,陈姣姣,女,新华中学,五十六中学,统招,495
3993,51102615,王岩,男,高台中学,五十六中学,统招,495
3993,51103103,毛继伟,男,祝三中学,五十六中学,统招,495
3993,51103417,张雪菊,女,祝三中学,五十六中学,统招,495
3993,51104124,韩丽,女,高台中学,五十六中学,统招,495
3993,51105128,叶海波,男,庆阳山中,五十六中学,统招,495
3993,51105418,全海霞,女,和平牧场,五十六中学,统招,495
3993,51106001,辛立民,男,高台中学,五十六中学,统招,495
3993,51106105,刘雨萌,男,五十六中,五十六中学,统招,495
3993,61101805,谷艳,女,龙镇一中,五十六中学,统招,495
3993,61104009,杨洋,女,四十九中,五十六中学,统招,495
3993,31115127,石文娟,女,景园中学,十七中学,自费,495
3993,41100322,高楠,女,四十二中,十七中学,自费,495
3993,41104202,王雪,女,六十五中,十七中学,自费,495
3993,21101230,张博群,男,六十九中,十中,自费,495
3993,31111321,郑波,男,一中,十中,自费,495
3993,41101609,孙超,男,十中,十中,自费,495
3993,41105813,张雪,女,五十二中,十中,自费,495
3993,21105407,张国宁,女,四十四中,石油高中,自费,495
3993,31106306,刘璐,女,二十五中,石油高中,自费,495
3993,31114515,于迪,男,三十四中,石油高中,自费,495
3993,31115606,李浩然,男,景园中学,石油高中,自费,495
3993,51101202,于帆,女,和平牧场,石油高中,自费,495
3993,61102805,玄期林,男,向阳中学,石油高中,自费,495
4032,31105227,宋伽祺,男,五十八中,三十九中学,统招,494
4032,61100512,李大鹏,男,十九中学,三十九中学,统招,494
4032,61101014,杨赫,男,五十一中,三十九中学,统招,494
4032,41101207,于杰,女,二十七中,三十五中学,自费,494
4032,51104327,王纪婉,女,三十二中,三十五中学,自费,494
4032,31103614,邓皓元,男,一中,二十八中学,自费,494
4032,31113813,王佳,女,一中,二十八中学,自费,494
4032,21101706,李硕峰,男,六中,五十六中学,统招,494
4032,21102015,安文博,男,二十三中,五十六中学,统招,494
4032,21104601,王蕊,女,二十一中,五十六中学,统招,494
4032,31113827,潘迪,女,三十中,五十六中学,统招,494
4032,41102317,孔德婧,女,四十二中,五十六中学,统招,494
4032,41103023,潘晓磊,男,十七中,五十六中学,统招,494
4032,51102017,田晓翠,女,庆阳山中,五十六中学,统招,494
4032,51103201,孙猜猜,女,祝三中学,五十六中学,统招,494
4032,51103920,杜云东,男,新华中学,五十六中学,统招,494
4032,51104504,裴阵军,男,老山头中,五十六中学,统招,494
4032,51104628,王颢宁,女,五十六中,五十六中学,统招,494
4032,51105011,张晓庆,男,祝三中学,五十六中学,统招,494
4032,51206524,姜玉交,男,双榆中学,五十六中学,统招,494
4032,51206621,郑恩阳,男,双榆中学,五十六中学,统招,494
4032,31115108,王中钰,男,三十中,十七中学,自费,494
4032,41104822,骆程,女,十中,十中,自费,494
4032,21107323,刘键,男,八中,石油高中,自费,494
4056,21109426,桑东岩,男,祥阁学校,三十九中学,统招,493
4056,51101905,曹婷,女,新华中学,三十九中学,统招,493
4056,61101624,卢长建,男,四十三中,三十九中学,统招,493
4056,61102302,吴雨芳,女,五十一中,三十九中学,统招,493
4056,41104518,王琪,女,六十五中,三十五中学,自费,493
4056,51101213,孟维丽,女,三十二中,三十五中学,自费,493
4056,51102706,陈琦,男,三十三中,三十五中学,自费,493
4056,51102720,张立超,男,三十二中,三十五中学,自费,493
4056,31104212,刘金龙,男,一中,二十三中学,自费,493
4056,31111904,郑轶,男,二十八中,二十八中学,自费,493
4056,41102524,刘宇洁,女,四十二中,五十六中学,自费,493
4056,41105315,高明明,男,十七中,十七中学,自费,493
4056,41101622,李硕,男,十中,十中,自费,493
4056,21103008,刘哲名,男,五十五中,石油高中,自费,493
4056,31106730,孙丽娜,女,三十四中,石油高中,自费,493
4056,31110717,单静,女,三十中,石油高中,自费,493
4056,31115504,江崴,女,二十五中,石油高中,自费,493
4073,21100507,陈实,男,六十六中,三十九中学,统招,492
4073,21101914,王雪菲,女,四十四中,三十九中学,统招,492
4073,41105816,王旭,女,十七中,三十九中学,统招,492
4073,51100511,刘恒,男,太阳升中,三十九中学,统招,492
4073,61106209,李向春,男,四十三中,三十九中学,统招,492
4073,21100921,杨涛,男,四十四中,三十五中学,自费,492
4073,51104301,任晓光,男,三十二中,三十五中学,自费,492
4073,51106003,刘囡囡,女,三十三中,三十五中学,自费,492
4073,51106006,王晓东,男,三十七中,三十五中学,自费,492
4073,51106123,张晓迪,女,新华中学,三十五中学,自费,492
4073,21106514,姚新园,女,祥阁学校,二十三中学,自费,492
4073,21103618,何粤珠,女,二十三中,二十八中学,自费,492
4073,21106301,赵玮琦,女,四十一中,二十八中学,自费,492
4073,31101415,万丹,女,景园中学,二十八中学,自费,492
4073,31106316,徐磊,男,景园中学,二十八中学,自费,492
4073,31113911,王春震,男,二十五中,二十八中学,自费,492
4073,31114317,何虹蕾,女,二十八中,二十八中学,自费,492
4073,41105612,王宁,女,四十七中,二十八中学,自费,492
4073,21104213,李滨,男,五十五中,十七中学,自费,492
4073,31100409,王志庆,男,二十四中,十七中学,自费,492
4073,31104514,崔晓,男,三十中,十七中学,自费,492
4073,31111323,王博,男,一中,十七中学,自费,492
4073,31101609,陈岩,女,景园中学,十中,自费,492
4073,31102424,徐亮,男,一中,十中,自费,492
4073,31106003,朱祥宇,男,景园中学,十中,自费,492
4073,31113509,刘秋皓,女,一中,十中,自费,492
4073,41103519,何琳鸿,女,十中,十中,自费,492
4073,41103610,陈国龙,男,十中,十中,自费,492
4073,41104811,李蕾,女,十中,十中,自费,492
4073,41104918,吴迪,女,四十二中,十中,自费,492
4073,31104526,许慧芳,女,二十二中,石油高中,自费,492
4073,31109424,李浩博,男,五十八中,石油高中,自费,492
4105,21108006,付丽,女,六十六中,三十九中学,统招,491
4105,61105117,王凤,女,四十九中,三十九中学,统招,491
4105,61105208,张浩,男,五十一中,三十九中学,统招,491
4105,61106005,宋继岩,男,龙镇一中,三十九中学,统招,491
4105,21106018,乔越,男,四十中,三十五中学,自费,491
4105,31108422,杨婉楠,女,三十四中,三十五中学,自费,491
4105,61104114,宋丝竹,女,五十一中,三十五中学,自费,491
4105,21104504,李森,男,五十五中,二十三中学,自费,491
4105,31102722,姜超,男,一中,二十三中学,自费,491
4105,31113811,李天舒,女,一中,二十三中学,自费,491
4105,31115627,张舒,女,十四中,二十三中学,自费,491
4105,31106330,迟远洋,男,二十八中,二十八中学,自费,491
4105,21109228,彭琦,男,八中,十七中学,自费,491
4105,21105209,蔡宇,女,八中,石油高中,自费,491
4105,31107503,杨旭,男,景园中学,石油高中,自费,491
4105,31107727,刘闯,男,五十八中,石油高中,自费,491
4105,31114726,肖朋朋,男,二十五中,石油高中,自费,491
4122,21100810,金昭彤,女,四十四中,三十九中学,统招,490
4122,21101418,韩璐璐,女,六十九中,三十九中学,统招,490
4122,21106705,王莹莹,女,四十四中,三十九中学,统招,490
4122,51104230,孙鸿新,男,新华中学,三十九中学,统招,490
4122,61101802,张卓鸣,女,五十一中,三十九中学,统招,490
4122,61105217,陈璐,女,五十一中,三十九中学,统招,490
4122,31109707,佘丽颖,女,三十六中,三十五中学,自费,490
4122,51104426,赵慧斌,男,三十二中,三十五中学,自费,490
4122,61100916,郝永泽,男,十九中学,三十五中学,自费,490
4122,01100110,刘硕,女,林甸初中,二十三中学,自费,490
4122,31106806,陈晶,女,四十六中,二十三中学,自费,490
4122,21104220,李颖,女,十三中,二十八中学,自费,490
4122,31105218,魏舒鹏,男,四十六中,二十八中学,自费,490
4122,31107628,高大龙,男,三十六中,二十八中学,自费,490
4122,31113522,李宪鹏,男,二十八中,二十八中学,自费,490
4122,31110422,王曲胜,男,一中,十中,自费,490
4122,21100803,沈鹿,女,六十六中,石油高中,自费,490
4139,21101803,张洪运,男,七十九中,三十九中学,统招,489
4139,21102617,陶春雨,男,六十九中,三十九中学,统招,489
4139,21106213,王影,女,四十四中,三十九中学,统招,489
4139,61103030,高源,女,五十一中,三十九中学,自费,489
4139,61103619,陈治伊,男,六十一中,三十九中学,统招,489
4139,61105909,张艺缘,女,六十一中,三十九中学,统招,489
4139,31110101,郑婷婷,女,四十六中,三十五中学,自费,489
4139,41105519,杜杨,男,十七中,三十五中学,自费,489
4139,51100509,张磊,男,三十七中,三十五中学,自费,489
4139,51101910,王洪娇,女,三十二中,三十五中学,自费,489
4139,21106229,唐晓彤,女,二十三中,二十三中学,自费,489
4139,21106330,颜世桥,男,四十四中,二十三中学,自费,489
4139,31104729,寇潇予,女,景园中学,二十三中学,自费,489
4139,31105324,刘晶,女,三十六中,二十三中学,自费,489
4139,31108818,柳成吉,男,三十四中,二十三中学,自费,489
4139,21104919,张巍,男,十三中,二十八中学,自费,489
4139,31102906,隋艳丽,女,三十中,二十八中学,自费,489
4139,31109630,马洋,男,三十四中,二十八中学,自费,489
4139,31106314,李朝雪,女,三中,五十六中学,自费,489
4139,31106315,刘子乔,女,三十中,五十六中学,自费,489
4139,31112415,仝琳,女,景园中学,五十六中学,自费,489
4139,21105109,赵珊珊,女,八中,十七中学,自费,489
4139,31108208,孙启东,男,二十五中,十七中学,自费,489
4139,31115010,庞思铭,女,二十四中,十七中学,自费,489
4139,41102622,岳志鹏,男,十七中,十七中学,自费,489
4139,51100727,田野,男,三十七中,十七中学,自费,489
4139,31113410,赵婉璐,女,二十四中,十中,自费,489
4139,41103918,赵明远,男,十中,十中,自费,489
4139,21108208,刘鑫颖,女,四十四中,石油高中,自费,489
4139,51101518,王莹,男,三十七中,石油高中,自费,489
4169,61101525,于洋,男,龙镇一中,三十九中学,统招,488
4169,61103601,郎关双,男,十九中学,三十九中学,统招,488
4169,61106020,陈静,女,五十一中,三十九中学,统招,488
4169,41104923,张亚楠,男,十六中,三十五中学,自费,488
4169,51104812,李扬,男,三十七中,三十五中学,自费,488
4169,51206328,张华雪,女,五十六中,三十五中学,自费,488
4169,51206424,刘桂路,男,五十六中,三十五中学,自费,488
4169,01100125,范玲玲,女,林甸初中,二十三中学,自费,488
4169,21100411,刘涵,男,四十四中,二十三中学,自费,488
4169,21105710,赵文君,男,二十三中,二十三中学,自费,488
4169,41101128,刘潇潇,女,十七中,二十三中学,自费,488
4169,21105929,李晶,男,二十三中,二十八中学,自费,488
4169,31101516,邵帅,男,景园中学,二十八中学,自费,488
4169,31108514,杨喻婷,女,景园中学,二十八中学,自费,488
4169,31114109,李少楠,女,景园中学,二十八中学,自费,488
4169,51100220,王奎元,男,五十六中,五十六中学,自费,488
4169,51206318,张吉磊,男,五十六中,五十六中学,自费,488
4169,31114412,张天达,女,六十四中,十七中学,自费,488
4169,31108330,金洋,男,二十四中,十中,自费,488
4169,41101920,侯佳宾,女,六十五中,十中,自费,488
4169,31102110,徐甜,女,一中,石油高中,自费,488
4169,31103419,张舒雅,女,一中,石油高中,自费,488
4169,31104415,王旭,男,二十二中,石油高中,自费,488
4169,31113913,吴雅茜,女,一中,石油高中,自费,488
4193,41103129,李荣薪,男,十七中,三十九中学,统招,487
4193,61104219,赵铁凯,男,六十一中,三十九中学,统招,487
4193,61104605,夏振,男,五十一中,三十九中学,统招,487
4193,61105914,刘洋,女,五十中学,三十九中学,统招,487
4193,41101508,张秀丽,女,十六中,三十五中学,自费,487
4193,51105518,王刚,男,新华中学,三十五中学,自费,487
4193,21108825,葛枫林,女,二十三中,二十三中学,自费,487
4193,31101528,林琳,女,三十中,二十八中学,自费,487
4193,51104329,奚云龙,男,五十六中,五十六中学,自费,487
4193,31103107,刘琎,女,六十四中,十七中学,自费,487
4193,31106923,易丙祥,男,二十四中,十七中学,自费,487
4193,31111130,韩斯嘉,男,景园中学,十七中学,自费,487
4193,41102613,李明洋,男,二十七中,十七中学,自费,487
4193,41100919,姜一宁,男,十中,十中,自费,487
4193,41101029,王海鸥,女,十中,十中,自费,487
4193,41101323,郑云龙,男,十中,十中,自费,487
4193,41102010,张璐琳,女,四十二中,十中,自费,487
4193,41102107,梅思文,女,十中,十中,自费,487
4193,41103502,刘旭东,男,十中,十中,自费,487
4193,21105025,张璐,女,二十三中,石油高中,自费,487
4193,31102305,王也,女,三十六中,石油高中,自费,487
4193,31110209,潘政男,男,一中,石油高中,自费,487
4215,21101217,于东明,男,七十九中,三十九中学,统招,486
4215,21103521,方琳,女,祥阁学校,三十九中学,统招,486
4215,61104515,果玲,女,五十中学,三十九中学,统招,486
4215,31105910,谭忠吉,女,一中,三十五中学,自费,486
4215,41105523,孟欣,女,二十七中,三十五中学,自费,486
4215,51105510,张金刚,男,三十三中,三十五中学,自费,486
4215,21102908,张雅丹,女,六十九中,二十三中学,自费,486
4215,21105221,强铁山,男,十三中,二十三中学,自费,486
4215,21106929,杨旭,男,十三中,二十八中学,自费,486
4215,31104129,贾磊,男,二十五中,二十八中学,自费,486
4215,51102815,李旭东,男,五十六中,五十六中学,自费,486
4215,51104619,张大龙,男,五十六中,五十六中学,自费,486
4215,31102315,冯文彦,女,三十中,十七中学,自费,486
4215,31108008,孙娇娇,女,四十六中,十七中学,自费,486
4215,31108019,刁维伟,男,四十六中,十七中学,自费,486
4215,31111503,刘芳,女,三十中,十七中学,自费,486
4215,21104525,梁丹,女,八中,石油高中,自费,486
4232,21101827,陈芳园,女,祥阁学校,三十九中学,统招,485
4232,21103426,王镜博,男,五十五中,三十九中学,统招,485
4232,31108323,杨鹤,女,十四中,三十九中学,统招,485
4232,31114326,武洁,女,二十二中,三十九中学,统招,485
4232,61100814,刘力溥,男,十九中学,三十九中学,统招,485
4232,61101325,唐文宇,男,五十七中,三十九中学,统招,485
4232,61103518,孟祥昱,女,五十七中,三十九中学,统招,485
4232,61104501,田爽,女,四十九中,三十九中学,统招,485
4232,21107204,张倩倩,女,六十六中,三十五中学,自费,485
4232,31110528,葛红丽,女,二十四中,三十五中学,自费,485
4232,41101028,黄赫,男,十六中,三十五中学,自费,485
4232,51101002,温德品,男,老山头中,三十五中学,自费,485
4232,51206209,王维维,女,八井中学,三十五中学,自费,485
4232,51206708,刘美玲,女,八井中学,三十五中学,自费,485
4232,31101420,仇军宇,男,三十四中,二十三中学,自费,485
4232,31103304,李秋磊,男,三十六中,二十八中学,自费,485
4232,31104213,常方园,女,二十八中,二十八中学,自费,485
4232,31105704,王健宇,男,二十八中,二十八中学,自费,485
4232,31106512,鄢守龙,男,四十六中,二十八中学,自费,485
4232,31108914,杜磊,男,一中,二十八中学,自费,485
4232,31111105,许申,男,三中,二十八中学,自费,485
4232,31111508,付秋影,女,喇镇中学,二十八中学,自费,485
4232,41102211,郝爽,女,四十二中,五十六中学,自费,485
4232,51206430,姜雪,女,五十六中,五十六中学,自费,485
4232,31109826,尹庆龙,男,四十六中,十七中学,自费,485
4232,31113609,张晓蕾,女,六十四中,十七中学,自费,485
4232,41101227,丁泽强,男,十中,十中,自费,485
4232,31103319,滕小龙,男,三十六中,石油高中,自费,485
4232,31111118,曹媛,女,景园中学,石油高中,自费,485
4261,61102326,匡源,女,六十一中,三十九中学,自费,484
4261,21107304,李石楠,女,四十中,三十五中学,自费,484
4261,51101220,李响,女,八井中学,三十五中学,自费,484
4261,51101808,雷媛杰,女,三十二中,三十五中学,自费,484
4261,51102723,高小斌,男,大青山中,三十五中学,自费,484
4261,41104617,刘天娇,女,二十七中,二十三中学,自费,484
4261,21108124,王菁菁,女,祥阁学校,二十八中学,自费,484
4261,31110112,孙启恰,男,景园中学,二十八中学,自费,484
4261,61101121,周洪如,女,十九中学,二十八中学,自费,484
4261,21102509,周新华,女,四十中,五十六中学,自费,484
4261,51102013,王萌,男,五十六中,五十六中学,自费,484
4261,31103224,李建宇,男,一中,十七中学,自费,484
4261,31106729,谭文榜,男,六十四中,十七中学,自费,484
4261,31108520,彭菲菲,女,一中,十七中学,自费,484
4261,31113512,杨振,男,四十六中,十七中学,自费,484
4261,31114209,董雪,女,三十六中,十七中学,自费,484
4261,41100805,窦超,男,十中,十七中学,自费,484
4261,31109118,朱美霖,女,景园中学,石油高中,自费,484
4279,61100808,戴斯祺,男,五十一中,三十九中学,自费,483
4279,61102408,于秀龙,男,四十九中,三十九中学,自费,483
4279,61102603,周鹭,女,五十一中,三十九中学,自费,483
4279,31111514,罗靖,男,一中,三十五中学,自费,483
4279,51102818,于贺年,男,老山头中,三十五中学,自费,483
4279,51103014,赵英男,男,太阳升中,三十五中学,自费,483
4279,51105429,刘大鹏,男,三十三中,三十五中学,自费,483
4279,21104007,吕贝,男,五十五中,二十三中学,自费,483
4279,31102327,孟凡琪,女,十四中,二十三中学,自费,483
4279,21103103,段昕彤,女,二十三中,二十八中学,自费,483
4279,31102301,牛雨萌,男,三十六中,二十八中学,自费,483
4279,31105026,翟月,女,三中,二十八中学,自费,483
4279,31109526,杨龙江,男,景园中学,二十八中学,自费,483
4279,31104715,陈岩,女,二十四中,五十六中学,自费,483
4279,31106913,姜微,女,四十六中,五十六中学,自费,483
4279,31111302,张妍,女,三中,五十六中学,自费,483
4279,21104524,周潇,男,四十四中,十七中学,自费,483
4279,21105823,贾富云,女,五十五中,十七中学,自费,483
4279,31109716,张欣,女,喇镇中学,十七中学,自费,483
4279,41105311,孙丹雪,女,十六中,十七中学,自费,483
4279,51104506,刘健,男,老山头中,十七中学,自费,483
4279,31102020,赵博,男,一中,十中,自费,483
4279,41100101,崔天宇,男,十中,十中,自费,483
4279,41104005,张婷婷,女,十中,十中,自费,483
4279,21107710,王迪,女,九中,石油高中,自费,483
4279,31102021,王海洋,男,三十六中,石油高中,自费,483
4279,31111915,张颖杰,女,二十二中,石油高中,自费,483
4306,61101102,郑姣扬,男,四十三中,三十九中学,自费,482
4306,61103817,宋博,男,六十一中,三十九中学,自费,482
4306,51105804,张小双,女,三十二中,三十五中学,自费,482
4306,51206722,庞立伟,男,五十六中,三十五中学,自费,482
4306,21101613,王颖,女,九中,二十三中学,自费,482
4306,31115619,孙阳,女,三中,二十三中学,自费,482
4306,31106519,柳楠,女,二十八中,二十八中学,自费,482
4306,31109226,刘昱含,女,景园中学,二十八中学,自费,482
4306,51101409,胡羽,女,三十二中,五十六中学,自费,482
4306,51206709,戴贺龙,男,五十六中,五十六中学,自费,482
4306,31102709,董峰,男,六十三中,十七中学,自费,482
4306,41101213,常子龙,男,四十七中,十七中学,自费,482
4306,21102327,杨鸷,男,四十四中,石油高中,自费,482
4306,31101406,徐滢,女,景园中学,石油高中,自费,482
4306,31105906,董晨,女,三十中,石油高中,自费,482
4306,41103713,李俊茹,女,四十七中,石油高中,自费,482
4322,61104729,梁春旭,男,五十一中,三十九中学,自费,481
4322,51102127,王春生,男,三十三中,三十五中学,自费,481
4322,51102821,张晓磊,女,五十六中,三十五中学,自费,481
4322,51104407,孙海东,男,三十二中,三十五中学,自费,481
4322,51206329,张键,男,八井中学,三十五中学,自费,481
4322,21102206,房守达,男,五十五中,二十三中学,自费,481
4322,21105703,邱新龙,男,二十三中,二十三中学,自费,481
4322,21107007,田刚,男,二十三中,二十三中学,自费,481
4322,31108420,于洋,女,三十六中,二十三中学,自费,481
4322,21102526,吕艳南,女,六十六中,二十八中学,自费,481
4322,31100813,张天爽,女,二十八中,二十八中学,自费,481
4322,31103214,潘为蛟,男,景园中学,二十八中学,自费,481
4322,31104119,梁兆亮,男,六十四中,二十八中学,自费,481
4322,31114009,王超,男,二十五中,二十八中学,自费,481
4322,31110210,凌云,女,二十四中,五十六中学,自费,481
4322,31112325,尹逊一,男,三十中,五十六中学,自费,481
4322,51102414,张春越,男,五十六中,五十六中学,自费,481
4322,31106718,薛梦茹,女,四十六中,石油高中,自费,481
4322,51100908,王启迪,女,新华中学,石油高中,自费,481
4322,61105827,张志龙,男,五十中学,石油高中,自费,481
4342,61102021,齐雪,女,六十一中,三十九中学,自费,480
4342,61104911,宋世敏,男,六十一中,三十九中学,自费,480
4342,21101608,杜爽,女,四十中,三十五中学,自费,480
4342,51206210,曲东东,男,双榆中学,三十五中学,自费,480
4342,51206512,蒋庆宇,男,八井中学,三十五中学,自费,480
4342,21101326,李想,男,五十五中,二十八中学,自费,480
4342,31100501,刘履鑫,男,二十八中,二十八中学,自费,480
4342,31101422,王茜,女,景园中学,二十八中学,自费,480
4342,31104010,刘传亮,男,三十六中,二十八中学,自费,480
4342,31107226,刘杨,女,一中,二十八中学,自费,480
4342,31107825,王鑫,男,五十八中,二十八中学,自费,480
4342,31110002,王翰,男,一中,二十八中学,自费,480
4342,31109806,代雪飞,女,三十中,十七中学,自费,480
4342,31114318,张媛媛,女,二十五中,十七中学,自费,480
4342,41105712,郎蕾,女,四十七中,十七中学,自费,480
4342,51103929,刘颖,女,高台中学,十七中学,自费,480
4342,41105128,于洋,男,十中,十中,自费,480
4342,21107606,杨洋,男,八中,石油高中,自费,480
4342,31103605,张汇一,男,二十二中,石油高中,自费,480
4342,31108529,曾维琼,女,四十六中,石油高中,自费,480
4362,31104720,武智慧,男,三十六中,二十二中学,统招,468
4363,31106717,赵金鑫,男,景园中学,十六中学,统招,465
4364,51103711,赵磊,男,祝三中学,十六中学,统招,463
4365,41104626,赵鲁男,男,杏树岗中,十一中学,统招,458
4366,31114711,贾雯婷,女,三十六中,三十九中学,自费,456
4367,21100301,张皓涵,女,二十三中,二十二中学,统招,453
4368,21103501,赵倩,女,二十三中,十六中学,统招,450
4369,21108106,韩雪峰,男,六十九中,三十九中学,自费,442
4370,31110018,王莹,女,三十六中,二十二中学,统招,440
4370,51103019,何成涛,男,八井中学,五十六中学,自费,440
4372,21105824,贾洪东,男,六十六中,二十二中学,统招,439
4372,31112621,吴延军,男,喇镇中学,二十二中学,统招,439
4372,41103507,黄荣,女,六十五中,十六中学,统招,439
4375,51100521,王立娜,女,三十三中,五十六中学,自费,438
4376,21102114,李旭,女,十三中,十三中学,自费,437
4376,21105304,赵明星,男,四十一中,十三中学,自费,437
4378,21101720,魏巍,女,六十六中,十六中学,统招,436
4378,31109419,王莉莉,女,二十二中,十六中学,统招,436
4380,21105028,齐迹,女,二十三中,五十六中学,自费,435
4380,41101828,邓悦,女,十六中,十六中学,统招,435
4382,21100421,孟竹,女,二十三中,五十六中学,自费,434
4382,21106310,张茜,女,四十四中,六中,统招,434
4382,31105327,夏晓曦,女,三十六中,十三中学,自费,434
4382,31103008,姚杭,男,一中,十六中学,统招,434
4386,31106611,陈畅,女,二十八中,二十二中学,统招,433
4386,31114425,孙靖文,女,二十五中,二十二中学,统招,433
4386,31112514,施杨,女,一中,五十六中学,自费,433
4389,21108919,于海洋,男,十三中,六中,统招,432
4389,31104927,黄凯,男,三十中,十三中学,自费,432
4391,21101301,欧阳玉龙,男,十三中,十三中学,自费,431
4391,21100516,梁田露,女,十三中,十六中学,统招,431
4393,31103030,高志芳,女,二十八中,二十二中学,统招,430
4394,21109017,王惠,女,四十四中,二十二中学,统招,429
4394,31104626,董洪琳,女,三十中,十三中学,自费,429
4396,31109024,张璐,女,景园中学,二十二中学,统招,427
4396,31106811,郑劼,男,三十六中,五十六中学,自费,427
4396,21103330,赵艳丽,女,二十三中,十三中学,自费,427
4396,21107011,赵婉余,女,十三中,十三中学,自费,427
4400,31110921,徐国强,男,二十四中,二十二中学,统招,426
4401,21100626,王晨宇,男,二十三中,三十九中学,自费,425
4401,31102202,李龑,男,一中,十六中学,统招,425
4403,21104129,徐鹏,男,四十四中,六十中学,统招,423
4404,61100219,田小方,女,五十一中,三十九中学,自费,422
4404,61100621,相兴海,男,六十一中,三十九中学,自费,422
4404,61105026,刘欢,女,龙镇一中,三十九中学,自费,422
4404,41103422,王炅昊,男,二十七中,二十七中学,统招,422
4404,21100611,杨光,男,五十五中,二十二中学,统招,422
4404,21107925,毕胜,男,二十三中,二十二中学,统招,422
4404,31108127,候雪良,男,三十六中,二十二中学,统招,422
4404,31115214,王靖,女,景园中学,二十二中学,统招,422
4404,41100722,王春艳,女,杏树岗中,二十二中学,统招,422
4404,41102708,孙吉,女,二十七中,五十六中学,自费,422
4404,21104706,陈菲,女,六十九中,六中,统招,422
4404,21108907,宋芳,女,二十三中,六中,统招,422
4404,31106025,关靖,男,四十六中,六中,统招,422
4404,31106325,官鹏,男,一中,六中,统招,422
4404,61100127,李晓燕,女,四十九中,六中,统招,422
4404,61103010,魏明慧,女,五十七中,六十中学,统招,422
4404,31114908,赵丽,女,三中,十一中学,统招,422
4404,21100519,李博龙,男,十三中,十三中学,自费,422
4404,21102321,宋阳,男,四十四中,十三中学,自费,422
4404,21102527,樊浩,男,八中,十九中学,自费,422
4404,21104829,鞠明龙,男,八中,十六中学,统招,422
4404,21105913,刘璐,女,祥阁学校,十六中学,统招,422
4404,51101025,仇中利,男,祝三中学,十六中学,统招,422
4427,21102017,孙瑾,男,二十三中,二十七中学,统招,421
4427,31109710,杨雪,女,二十四中,二十七中学,统招,421
4427,31105421,李袆雄,男,三十六中,二十二中学,统招,421
4427,31114315,任鑫鑫,女,四十六中,二十二中学,统招,421
4427,41100212,史天洁,男,四十二中,二十二中学,统招,421
4427,51102026,李影,女,高台中学,二十二中学,统招,421
4427,21102704,张茏庠,男,祥阁学校,五十六中学,自费,421
4427,21103323,赵琳君,女,二十三中,五十六中学,自费,421
4427,21105030,李莹莹,女,四十四中,五十六中学,自费,421
4427,31102217,陈浩,男,三十四中,五十六中学,自费,421
4427,21108629,周丽丽,女,九中,十三中学,自费,421
4427,31102902,陈国龙,男,喇化中学,十三中学,自费,421
4427,31104523,孙通泽,男,二十四中,十三中学,自费,421
4427,41104121,赵越,女,五十九中,十六中学,统招,421
4427,51100902,付佳鑫,女,老山头中,十六中学,统招,421
4427,51105515,陈光,男,和平牧场,十六中学,统招,421
4427,61106018,蔡鑫磊,男,十九中学,十六中学,统招,421
4444,21104816,韩欣媛,女,六十九中,三十九中学,自费,420
4444,31103227,盖鹏飞,男,二十五中,三十九中学,自费,420
4444,31110903,李天骄,女,一中,三十九中学,自费,420
4444,61101821,王冠楠,男,六十一中,三十九中学,自费,420
4444,61103620,邢晓义,男,四十九中,三十九中学,自费,420
4444,61104427,佟金亮,男,六十一中,三十九中学,自费,420
4444,61104724,肖玉竹,女,六十一中,三十九中学,自费,420
4444,21107125,刘瀚泽,男,四十四中,二十七中学,统招,420
4444,21102520,王晓明,女,八中,二十二中学,统招,420
4444,21107227,顼萌萌,女,八中,二十二中学,统招,420
4444,31105019,代丰阳,男,二十五中,二十二中学,统招,420
4444,21100116,栾咏煦,男,八中,六十中学,统招,420
4444,31113725,王琦,男,二十二中,十六中学,统招,420
4444,41101729,马灵,女,六十五中,十六中学,统招,420
4458,51102825,满延年,女,三十二中,二十七中学,统招,419
4458,31101416,李尔召,女,三十六中,二十二中学,统招,419
4458,31105628,鲁娇娇,女,三十六中,二十二中学,统招,419
4458,51101820,马静,女,大青山中,二十二中学,统招,419
4458,61101116,何录瑶,女,四十九中,二十二中学,统招,419
4458,21100814,王秀峰,男,六十九中,六中,统招,419
4458,21107024,冯忠鹏,男,二十三中,六中,统招,419
4458,51100414,孙超,男,五十六中,六十中学,统招,419
4458,21107703,张羽,男,十三中,十三中学,自费,419
4458,31104828,吕志超,男,四十六中,十六中学,统招,419
4458,31110815,叶宽,男,四十六中,十六中学,统招,419
4458,41102429,崔晓亭,女,杏树岗中,十六中学,统招,419
4458,51102227,田辉若,男,祝三中学,十六中学,统招,419
4458,51102729,王扬,女,三十七中,十六中学,统招,419
4458,51102807,丁希梅,女,三十二中,十六中学,统招,419
4458,51105720,白云莹,女,祝三中学,十六中学,统招,419
4458,51105930,李响,男,大青山中,十六中学,统招,419
4475,61101428,张博源,男,五十一中,三十九中学,自费,418
4475,61101718,韩啸,男,六十一中,三十九中学,自费,418
4475,31108109,陈杰,女,二十四中,二十七中学,统招,418
4475,31111021,高杨,男,二十二中,二十二中学,统招,418
4475,31113608,程龙,男,二十五中,二十二中学,统招,418
4475,31114804,马滔,男,景园中学,二十二中学,统招,418
4475,51101415,徐日,男,太阳升中,二十二中学,统招,418
4475,61101406,李秀红,女,十九中学,二十二中学,统招,418
4475,21103104,李姗姗,女,四十四中,六中,统招,418
4475,21103204,杜冰,男,四十中,六中,统招,418
4475,31103114,袁美,女,二十八中,六中,统招,418
4475,21100429,付铄博,女,八中,六十中学,统招,418
4475,21104120,李楠,女,五十五中,六十中学,统招,418
4475,61102423,王媛丽,女,龙镇一中,六十中学,统招,418
4475,31104430,何勇霖,男,二十五中,十一中学,统招,418
4475,31113415,张朔,女,三十六中,十一中学,统招,418
4475,41103412,李心源,男,十中,十一中学,统招,418
4475,21103129,郎爽,女,十三中,十三中学,自费,418
4475,41103304,祁政凯,男,五十九中,十六中学,统招,418
4494,21101612,张南,女,八中,二十七中学,统招,417
4494,41102828,苏丹,女,二十七中,二十七中学,统招,417
4494,41103827,张小兴,女,五十九中,二十七中学,统招,417
4494,41104510,史霜,女,五十九中,二十七中学,统招,417
4494,51102505,王鑫玉,男,新华中学,二十七中学,统招,417
4494,51105526,赵天刚,男,庆阳山中,二十七中学,统招,417
4494,51105905,王航,男,新华中学,二十七中学,统招,417
4494,21104723,高峰,男,十三中,二十二中学,统招,417
4494,21106912,王琳,女,五十五中,二十二中学,统招,417
4494,31102810,盖俊辰,男,一中,二十二中学,统招,417
4494,31104327,杨珅,女,三中,二十二中学,统招,417
4494,31105712,杨枫,女,十四中,二十二中学,统招,417
4494,31106421,周静,女,三十六中,二十二中学,统招,417
4494,31106713,宋剑,男,四十六中,二十二中学,统招,417
4494,51100604,田广贺,男,五十六中,二十二中学,统招,417
4494,61104503,姜伟,女,向阳中学,二十二中学,统招,417
4494,31103821,程祥,男,一中,六中,统招,417
4494,31104723,田宇,男,二十四中,十一中学,统招,417
4494,31107113,李洋,男,六十四中,十一中学,统招,417
4494,31107516,朱宏璐,女,三十四中,十一中学,统招,417
4494,51101728,王凯,男,和平牧场,十一中学,统招,417
4494,21101930,张旭,男,七十九中,十六中学,统招,417
4494,21103927,王泽,男,二十三中,十六中学,统招,417
4494,21106622,陈伟,男,十三中,十六中学,统招,417
4494,31112330,墨莉,女,三十中,十六中学,统招,417
4494,41101124,刘丽雪,女,杏树岗中,十六中学,统招,417
4494,41105212,石晓晨,男,十七中,十六中学,统招,417
4494,51103006,刘健男,男,五十六中,十六中学,统招,417
4522,41103413,苏丹,女,四十七中,二十七中学,统招,416
4522,51100117,李紫婷,女,三十七中,二十七中学,统招,416
4522,21101205,赵旭东,男,八中,二十二中学,统招,416
4522,21108221,吴亚楠,女,八中,二十二中学,统招,416
4522,21108222,王文彬,男,六中,二十二中学,统招,416
4522,31112914,马晓巍,女,二十四中,二十二中学,统招,416
4522,21103226,张宇,男,六十九中,六中,统招,416
4522,21106208,曹山巍,男,六十六中,六中,统招,416
4522,31102926,陆鑫,女,三十中,六中,统招,416
4522,31109911,刘帅,男,一中,六中,统招,416
4522,51101211,许立东,男,大青山中,六中,统招,416
4522,31106016,鲁沣锐,女,四十六中,十一中学,统招,416
4522,61103409,尹丽,女,十九中学,十九中学,自费,416
4522,61103503,王丹丹,女,十九中学,十九中学,自费,416
4522,61105502,吕金鹏,男,十九中学,十九中学,自费,416
4522,31114101,陈亚楠,女,十四中,十六中学,统招,416
4522,41102030,刘强,男,十六中,十六中学,统招,416
4522,51101729,高得春,男,双榆中学,十六中学,统招,416
4522,61101303,姜妍,女,十九中学,十六中学,统招,416
4541,41101519,杨维,男,十六中,二十七中学,统招,415
4541,21104625,赵雷,女,四十四中,二十二中学,统招,415
4541,31100530,吴丽娜,女,一中,二十二中学,统招,415
4541,31105614,杨柳,女,三十六中,二十二中学,统招,415
4541,41103921,张雷鸣,男,六十五中,二十二中学,统招,415
4541,41105622,马翠平,女,杏树岗中,二十二中学,统招,415
4541,21100528,刘羽超,男,六十六中,六中,统招,415
4541,21104306,冯雪娇,女,十三中,十三中学,自费,415
4541,31105221,赵丹,女,十一中,十六中学,统招,415
4541,31107615,赵琦,男,二十八中,十六中学,统招,415
4551,21109113,吴笛,女,四十一中,二十七中学,统招,414
4551,51105819,宋丽娟,女,庆阳山中,二十七中学,统招,414
4551,31104604,任楠,女,景园中学,二十二中学,统招,414
4551,31105627,孙浩兴,男,三中,二十二中学,统招,414
4551,31108925,于江,男,一中,二十二中学,统招,414
4551,31101028,公平,女,景园中学,六中,统招,414
4551,31102120,李星辰,女,一中,六中,统招,414
4551,21101826,舒芯,女,八中,六十中学,统招,414
4551,21106203,王洋,男,四十中,六十中学,统招,414
4551,21109010,于东洋,男,四十中,六十中学,统招,414
4551,51101315,李宝龙,男,三十七中,六十中学,统招,414
4551,31102311,王萌,男,二十四中,十一中学,统招,414
4551,31112323,王雅薇,女,景园中学,十一中学,统招,414
4551,41102408,鞠铁城,男,五十九中,十一中学,统招,414
4551,41104703,杨涛,男,六十五中,十一中学,统招,414
4551,41104922,侯玉芳,女,五十九中,十一中学,统招,414
4551,31111227,陈继光,男,四十六中,十九中学,自费,414
4551,31110423,于洋,女,三十六中,十六中学,统招,414
4551,51105007,张丽丽,女,三十二中,十六中学,统招,414
4551,51105502,李东敏,女,大青山中,十六中学,统招,414
4571,41103409,杨琳,女,二十七中,二十七中学,统招,413
4571,61103530,曲焕章,男,六十一中,二十七中学,统招,413
4571,31103814,王博涵,男,三十六中,二十二中学,统招,413
4571,41103305,卢晶鑫,女,四十二中,二十二中学,统招,413
4571,41103912,姚楠,男,四十二中,二十二中学,统招,413
4571,31114904,杨龙,男,一中,六中,统招,413
4571,21105121,陈美君,女,六十九中,六十中学,统招,413
4571,21108309,刘龙,男,五十五中,六十中学,统招,413
4571,21104425,郑金龙,男,祥阁学校,十一中学,统招,413
4571,31104225,胡明宇,男,四十六中,十一中学,统招,413
4571,31109025,陈鑫,男,三十六中,十一中学,统招,413
4571,61104528,李畔,女,五十中学,十一中学,统招,413
4571,21100409,吕杰,男,五十五中,十六中学,统招,413
4571,41100913,白成涛,男,十中,十六中学,统招,413
4571,41105111,张鑫婵,女,杏树岗中,十六中学,统招,413
4571,41105422,鲍亚平,男,六十五中,十六中学,统招,413
4571,51101204,苗玉林,男,老山头中,十六中学,统招,413
4571,51101406,于忠成,男,五十六中,十六中学,统招,413
4571,51101724,董秋影,女,三十三中,十六中学,统招,413
4590,21102606,赵昱爽,男,四十中,二十七中学,统招,412
4590,31112824,杨阳,女,三十中,二十七中学,统招,412
4590,41100319,王一,女,二十七中,二十七中学,统招,412
4590,41103801,吴琼,女,四十七中,二十七中学,统招,412
4590,41104907,代松慧,男,二十七中,二十七中学,统招,412
4590,51102319,郭立娜,女,太阳升中,二十七中学,统招,412
4590,51105618,李洪柱,男,大青山中,二十七中学,统招,412
4590,21105004,程健,女,六十六中,二十二中学,统招,412
4590,31108910,赵明远,男,一中,二十二中学,统招,412
4590,31112328,田园园,女,景园中学,二十二中学,统招,412
4590,51100428,郝文涛,男,和平牧场,二十二中学,统招,412
4590,51103423,宋欢欢,女,三十三中,二十二中学,统招,412
4590,31113014,洪琳洋,男,二十八中,十一中学,统招,412
4590,31113920,奚源,男,二十八中,十一中学,统招,412
4590,31113330,胡海洋,男,一中,十六中学,统招,412
4590,41100717,董智伟,男,十中,十六中学,统招,412
4590,41101411,何琳琳,女,杏树岗中,十六中学,统招,412
4590,41105406,王晶,女,十七中,十六中学,统招,412
4608,21106621,郭巍,女,六十六中,二十二中学,统招,411
4608,31102009,路遥,女,三十六中,二十二中学,统招,411
4608,31106614,田群星,男,二十四中,二十二中学,统招,411
4608,31110104,赵紫桐,男,三十中,二十二中学,统招,411
4608,61101926,邢艳苹,女,向阳中学,二十二中学,统招,411
4608,21108910,刘金喆,男,二十三中,六中,统招,411
4608,61100828,郭丹丹,女,十九中学,六十中学,统招,411
4608,61102515,杨永强,男,十九中学,六十中学,统招,411
4608,31109409,董雪耕,男,景园中学,十一中学,统招,411
4608,31110920,贺璐璐,女,一中,十一中学,统招,411
4608,31114719,王景红,女,三中,十一中学,统招,411
4608,31113525,韩抒奇,男,三十中,十六中学,统招,411
4608,41104502,王岩,男,十六中,十六中学,统招,411
4608,41104716,苏楠,男,四十二中,十六中学,统招,411
4622,31104802,刘阳,男,二十五中,二十七中学,统招,410
4622,21103713,刘成斌,男,二十三中,二十二中学,统招,410
4622,31102601,李彦良,男,三中,六中,统招,410
4622,31115610,王紫墨,女,一中,六中,统招,410
4622,61101512,刘宏,女,向阳中学,六十中学,统招,410
4622,21103316,徐浩然,男,八中,十一中学,统招,410
4622,31109411,姜传奇,男,三中,十一中学,统招,410
4622,41105412,李娜,女,五十二中,十一中学,统招,410
4622,51104703,王林,男,新华中学,十一中学,统招,410
4622,21106306,王宇,女,六中,十九中学,自费,410
4622,21107707,吉书纬,女,六中,十九中学,自费,410
4622,61100619,燕存龙,男,五十中学,十九中学,自费,410
4622,41105324,纪松鹤,男,十六中,十六中学,自费,410
4635,21100828,辛瀚,男,四十四中,二十二中学,统招,409
4635,21106025,刘海越,男,七十九中,二十二中学,统招,409
4635,31104217,张浩,女,三中,二十二中学,统招,409
4635,31106916,李娜,女,喇镇中学,二十二中学,统招,409
4635,51103407,覃明明,女,高台中学,二十二中学,统招,409
4635,51106019,高飞,女,新华中学,二十二中学,统招,409
4635,21100812,崔振峰,男,二十三中,六中,统招,409
4635,21105705,武黎,女,十二中,六中,统招,409
4635,31105820,李梦媛,女,一中,六中,统招,409
4635,61105429,张金宇,男,六十一中,六十中学,统招,409
4635,51100206,包君,男,和平牧场,十一中学,自费,409
4635,51103710,都伟勋,男,大青山中,十一中学,统招,409
4635,51103203,刘博儒,男,五十六中,十六中学,自费,409
4648,21109124,全虹达,男,八中,二十七中学,统招,408
4648,31112506,王春涛,男,一中,二十七中学,统招,408
4648,41101718,周明阳,男,五十九中,二十七中学,统招,408
4648,61100104,张昊翔,男,六十一中,二十七中学,统招,408
4648,21103910,曾山,男,二十三中,二十二中学,统招,408
4648,21105921,高海峰,男,二十一中,二十二中学,统招,408
4648,21108530,赵健,女,二十一中,二十二中学,统招,408
4648,31115311,王璟钰,男,三十六中,二十二中学,统招,408
4648,51103012,鲍宝安,男,双榆中学,二十二中学,统招,408
4648,61104519,赵宇,女,向阳中学,二十二中学,统招,408
4648,61104525,孟凡亮,男,四十三中,六十中学,统招,408
4648,61105825,王珩,男,四十三中,六十中学,统招,408
4648,21106601,陈延超,男,四十中,十一中学,统招,408
4648,31110103,李珍,女,五十八中,十一中学,统招,408
4648,41102126,邓琳琳,女,四十七中,十九中学,自费,408
4648,61104426,王昱,男,十九中学,十九中学,自费,408
4664,31102806,郭书诚,男,一中,二十七中学,统招,407
4664,31112702,王峥超,男,一中,二十七中学,统招,407
4664,41102430,孙雷,男,十七中,二十七中学,统招,407
4664,41103301,宋一丹,女,二十七中,二十七中学,统招,407
4664,41105312,刘彩霞,女,五十九中,二十七中学,统招,407
4664,41105908,张春光,女,二十七中,二十七中学,统招,407
4664,51101426,邢国红,女,大青山中,二十七中学,统招,407
4664,31101705,司金辉,男,三中,六中,统招,407
4664,31104106,闫伟,男,二十五中,六中,统招,407
4664,21100212,许乔云龙,男,四十四中,六十中学,统招,407
4664,21101107,高蕾,女,二十三中,十一中学,统招,407
4664,31105414,辛文策,男,二十四中,十一中学,统招,407
4664,51101811,冯自强,男,祝三中学,十一中学,统招,407
4664,31112610,段姝婧,女,三十六中,十三中学,自费,407
4678,41102026,李颖,女,十六中,二十七中学,统招,406
4678,41102125,宁贺,女,二十七中,二十七中学,统招,406
4678,41104321,王斐超,男,十中,二十七中学,统招,406
4678,21100904,蔡佳澄,男,五十五中,二十二中学,统招,406
4678,31101619,邢玢,女,三十六中,二十二中学,统招,406
4678,51105203,葛宝超,男,五十六中,二十二中学,统招,406
4678,31105113,孙美娜,女,二十五中,六中,统招,406
4678,31106820,范磊,男,一中,六中,统招,406
4678,51101214,兰可新,女,高台中学,六中,统招,406
4678,31108503,程培峰,男,十一中,十一中学,统招,406
4678,61104517,王玉峰,男,四十九中,十一中学,统招,406
4678,61100526,隋玥,女,十九中学,十九中学,自费,406
4678,61100801,丁妍,女,五十七中,十九中学,自费,406
4678,41105015,周丽,女,十中,十六中学,自费,406
4692,41102820,张晓宇,男,杏树岗中,二十七中学,统招,405
4692,41103308,张娇,女,杏树岗中,二十七中学,统招,405
4692,21103604,高媛,女,八中,二十二中学,统招,405
4692,31113101,朱剑波,男,三十四中,二十二中学,统招,405
4692,31113919,付文珠,女,一中,二十二中学,统招,405
4692,31114906,崔莹,女,景园中学,二十二中学,统招,405
4692,41105708,石岩,男,二十七中,二十二中学,统招,405
4692,51100709,郭玲雪,女,五十六中,二十二中学,统招,405
4692,31107121,张欣,女,二十四中,六中,统招,405
4692,61100119,徐姝琦,女,十九中学,六十中学,统招,405
4692,21106516,沙弋,男,四十中,十一中学,统招,405
4692,51104419,孙雪航,男,三十二中,十一中学,统招,405
4692,41105215,王烁,女,十六中,十六中学,自费,405
4705,21103709,赵伟,女,九中,二十七中学,统招,404
4705,31108414,律庚吾,男,六十四中,二十七中学,统招,404
4705,41102415,李新,女,十六中,二十七中学,统招,404
4705,41102624,王涛涛,男,十七中,二十七中学,统招,404
4705,41104016,王卓,男,二十七中,二十七中学,统招,404
4705,51102504,郭晓晶,女,老山头中,二十七中学,统招,404
4705,51105511,何新,男,五十六中,二十七中学,统招,404
4705,21104722,张克龙,男,二十三中,二十二中学,统招,404
4705,31110005,惠智,女,景园中学,二十二中学,统招,404
4705,51104428,宋锐,男,祝三中学,二十二中学,统招,404
4705,21102109,姜乐,女,祥阁学校,六中,统招,404
4705,21102428,崔莹,女,二十三中,六中,统招,404
4705,21103321,李明景,男,六十六中,六中,统招,404
4705,21105619,张丽娜,女,六中,六中,统招,404
4705,31101024,胡克,男,一中,六中,统招,404
4705,31105122,赵野,男,二十四中,六中,统招,404
4705,31112201,李季时,男,二十四中,六中,统招,404
4705,21101029,钱雪佳,女,二十三中,六十中学,统招,404
4705,31109212,曹凤,女,一中,十一中学,统招,404
4705,31114305,马翠桐,女,让铁中学,十一中学,统招,404
4705,51101730,郭丽娟,女,祝三中学,十一中学,统招,404
4705,51103602,程文冠,男,五十六中,十一中学,统招,404
4705,21106918,崔龙,男,四十四中,十三中学,自费,404
4705,31101227,隋婧,女,二十八中,十三中学,自费,404
4705,31102209,朱光浩,男,三十中,十六中学,自费,404
4705,31112811,张欣欣,女,二十四中,十六中学,自费,404
4731,41101918,张硕,男,五十九中,二十七中学,统招,403
4731,31100606,冯逾,女,景园中学,二十二中学,统招,403
4731,31110428,王婉璐,女,一中,二十二中学,统招,403
4731,41104427,魏昊彤,男,十中,二十二中学,统招,403
4731,21102719,董谷越,男,五十五中,六中,统招,403
4731,31105619,黄超,男,景园中学,六中,统招,403
4731,51100523,吕朕,男,五十六中,六中,统招,403
4731,61105016,王东旭,女,五十一中,六十中学,统招,403
4731,31102413,武巨,男,景园中学,十一中学,统招,403
4731,51100311,仲维娜,女,大青山中,十一中学,统招,403
4731,51103024,郭凯,男,和平牧场,十一中学,统招,403
4731,21108101,田晓雪,女,五十五中,十三中学,自费,403
4731,31112022,杨晨,男,喇镇中学,十三中学,自费,403
4731,41102815,姚美珠,女,二十七中,十六中学,自费,403
4731,41104903,王鑫,男,十六中,十六中学,自费,403
4731,51100107,张忠国,男,五十六中,十六中学,自费,403
4747,21102316,孙鹏,男,四十一中,二十七中学,统招,402
4747,21102906,曹猛,男,五十五中,二十七中学,统招,402
4747,21107714,张丹,女,八中,二十二中学,统招,402
4747,21107918,邰蒙,女,六十九中,二十二中学,统招,402
4747,31113709,彭田宇,女,二十五中,二十二中学,统招,402
4747,51104806,张立国,男,祝三中学,二十二中学,统招,402
4747,61102015,张硕,男,五十七中,六中,统招,402
4747,21101216,吕成丽,女,六十九中,六十中学,统招,402
4747,31114201,庄天印,男,一中,六十中学,统招,402
4747,61103903,钱程亮,男,六十一中,六十中学,统招,402
4747,61105421,都阳,女,五十七中,六十中学,统招,402
4747,31113705,汪星宇,男,一中,十一中学,统招,402
4747,31113829,张震,男,一中,十一中学,统招,402
4747,31114602,符音,男,四十六中,十一中学,统招,402
4747,21104911,孙研,男,二十三中,十三中学,自费,402
4747,21107829,杨春,女,四十四中,十三中学,自费,402
4747,61104226,奚姗,女,六十一中,十九中学,自费,402
4764,21106924,闫旭,男,六十六中,二十七中学,统招,401
4764,41105207,武宇,男,十七中,二十七中学,统招,401
4764,31100420,蔡明伦,男,三十六中,二十二中学,统招,401
4764,41104414,罗晓薇,女,十七中,二十二中学,统招,401
4764,51105607,杜利洋,男,和平牧场,二十二中学,统招,401
4764,61102426,何月明,男,三十一中,二十二中学,统招,401
4764,21108620,韩杨,男,五十五中,六中,统招,401
4764,21108712,张金辰,男,五十五中,六中,统招,401
4764,61102425,高梦笔,女,五十七中,六十中学,统招,401
4764,31108722,张兴亮,男,景园中学,十一中学,统招,401
4764,31113201,李喆玮,男,六十四中,十一中学,统招,401
4764,51105014,王雨,男,大青山中,十一中学,统招,401
4764,21105606,王洋,男,九中,十三中学,自费,401
4764,41101007,吴阳,男,四十七中,十九中学,自费,401
4778,21101315,苑泽宇,男,五十五中,二十七中学,统招,400
4778,51100211,唐沿明,女,三十二中,二十七中学,统招,400
4778,61101123,陶蕾,女,十九中学,二十二中学,统招,400
4778,61103611,宋继凤,女,十九中学,二十二中学,统招,400
4778,21100406,王卓,女,五十五中,六中,统招,400
4778,21101509,王雪原,男,二十三中,六中,统招,400
4778,21105706,郭维,女,二十三中,六中,统招,400
4778,21106009,李云龙,男,六中,六中,统招,400
4778,41103206,于洋,女,五十九中,六中,统招,400
4778,61100620,杨书博,男,四十九中,六中,统招,400
4778,61105206,于群,女,五十七中,六中,统招,400
4778,51103004,王樱,女,五十六中,六十中学,自费,400
4778,51104923,李波,女,高台中学,六十中学,自费,400
4778,61103918,王凯,男,四十九中,六十中学,统招,400
4778,51103927,董梦阳,女,五十六中,十一中学,统招,400
4778,51105609,鲍宝蛟,女,三十三中,十一中学,统招,400
4778,61102222,蒋凤龙,男,龙镇一中,十一中学,统招,400
4778,41101116,栾涛,男,十六中,十六中学,自费,400
4778,41104824,佟爽,女,二十七中,十六中学,自费,400
4797,31115428,刘博,男,三中,二十七中学,统招,399
4797,41101402,孟凡超,男,杏树岗中,二十七中学,统招,399
4797,61102922,宋强,男,三十一中,二十七中学,统招,399
4797,21103109,杨同玥,女,五十五中,二十二中学,统招,399
4797,31113307,张晶晶,女,景园中学,二十二中学,统招,399
4797,41104424,王越,男,十中,二十二中学,统招,399
4797,61105214,吴文力,男,四十九中,二十二中学,统招,399
4797,61102807,翟芳浡,女,十九中学,六十中学,统招,399
4797,31103709,王晓莹,女,二十八中,十一中学,统招,399
4797,31105922,唐继业,男,六十四中,十一中学,统招,399
4797,41100712,陆志远,男,四十二中,十一中学,统招,399
4797,41104711,刘倩,女,五十二中,十一中学,统招,399
4797,51102314,荣阳阳,女,老山头中,十一中学,统招,399
4797,31112015,杨媛媛,女,三十中,十六中学,自费,399
4797,41104605,田鑫一,女,四十二中,十六中学,自费,399
4812,21100919,王春琦,男,六十九中,二十七中学,统招,398
4812,21102411,张鑫,男,祥阁学校,二十七中学,统招,398
4812,21103319,宋飞,男,四十中,二十七中学,统招,398
4812,31113519,赵强,男,二十四中,二十七中学,统招,398
4812,41100103,赵春娜,女,杏树岗中,二十七中学,统招,398
4812,21106019,胡孟楠,男,六十九中,二十二中学,统招,398
4812,31108412,李超,男,一中,二十二中学,统招,398
4812,41101101,张伟明,男,杏树岗中,二十二中学,统招,398
4812,51101727,季彦来,男,三十七中,二十二中学,统招,398
4812,21101119,薛磊,女,四十一中,六中,统招,398
4812,21108524,范成龙,男,二十三中,六中,统招,398
4812,61100213,戴紫龙,男,六十一中,六十中学,统招,398
4812,31109119,张娟,女,三中,十一中学,统招,398
4812,31115022,代维,男,三十中,十一中学,自费,398
4812,21100914,孙伟铭,男,七十九中,十九中学,自费,398
4812,21107320,门海菲,女,五十五中,十九中学,自费,398
4812,51101911,徐慧玲,女,五十六中,十九中学,自费,398
4812,41100516,姜娜,女,十六中,十六中学,自费,398
4812,41101706,于淼,女,四十七中,十六中学,自费,398
4812,41103420,董志伟,男,六十五中,十六中学,自费,398
4832,51105110,朱宇,女,三十二中,二十七中学,统招,397
4832,31103309,马腾,男,二十二中,二十二中学,统招,397
4832,31113815,朱蕾,女,三中,二十二中学,统招,397
4832,31114929,邵佳冬,男,三十中,二十二中学,统招,397
4832,31104226,李问,男,景园中学,六中,统招,397
4832,41103701,杜金寰,女,十中,十一中学,统招,397
4832,21102610,叶英英,女,二十一中,十三中学,自费,397
4832,21107503,刘芳,女,二十三中,十三中学,自费,397
4832,31111818,杨羽薇,女,二十八中,十三中学,自费,397
4832,51105028,王莹,女,五十六中,十九中学,自费,397
4832,41103416,韩振刚,男,杏树岗中,十六中学,自费,397
4832,41105017,杨修,男,十六中,十六中学,自费,397
4844,41104707,王越,男,二十七中,二十七中学,统招,396
4844,41104709,黄超,男,十七中,二十七中学,统招,396
4844,41104911,王丹丹,女,五十二中,二十七中学,统招,396
4844,41105912,赵雪,女,十六中,二十七中学,统招,396
4844,31105918,刘胜胜,男,四十五中,二十二中学,统招,396
4844,31114924,徐静,女,二十五中,二十二中学,统招,396
4844,31115120,王蕾,女,三十六中,二十二中学,统招,396
4844,61105713,华玉超,男,十九中学,二十二中学,统招,396
4844,21102612,鞠庆龙,男,八中,六十中学,统招,396
4844,21103017,许达,男,八中,六十中学,统招,396
4844,61105617,曹如,女,四十三中,六十中学,统招,396
4844,61105920,陶爽,女,六十一中,六十中学,统招,396
4844,61106105,王金龙,男,十九中学,六十中学,统招,396
4844,21104301,王欢欢,女,二十三中,十三中学,自费,396
4844,31103704,齐衡,女,二十八中,十三中学,自费,396
4844,41103215,尹智力,男,十七中,十六中学,自费,396
4860,31101524,赵爽,女,十一中,二十七中学,统招,395
4860,41105702,王鑫,女,五十九中,二十七中学,统招,395
4860,21107819,盖永佳,男,二十三中,二十二中学,统招,395
4860,31111222,张莹,女,二十二中,二十二中学,统招,395
4860,31114512,施志强,男,三中,二十二中学,统招,395
4860,61104414,张微微,女,十九中学,二十二中学,统招,395
4860,21103701,陆邦交,男,二十三中,六中,统招,395
4860,21100802,张旭龙,男,六十九中,六十中学,统招,395
4860,61101930,韩婷婷,女,六十一中,六十中学,统招,395
4860,61102205,丁立新,男,十九中学,六十中学,统招,395
4860,61104813,宋越,男,五十一中,六十中学,统招,395
4860,21108210,任晓伟,男,五十五中,十一中学,统招,395
4860,41103924,徐燃,女,十中,十一中学,统招,395
4860,31105205,姜为,女,一中,十三中学,自费,395
4860,61106219,王秋红,女,五十中学,十九中学,自费,395
4860,41100606,李慧玲,女,十六中,十六中学,自费,395
4876,41101723,董军,女,十七中,二十七中学,统招,394
4876,41103202,张秀贺,女,杏树岗中,二十七中学,统招,394
4876,21106303,陈岩,女,七十九中,二十二中学,统招,394
4876,21106315,邓德隆,男,二十三中,二十二中学,统招,394
4876,31104326,张鑫,女,三十六中,二十二中学,统招,394
4876,31107629,门帅,男,二十二中,二十二中学,统招,394
4876,51104928,姜忠华,男,祝三中学,二十二中学,统招,394
4876,61102813,张男男,男,四十九中,二十二中学,统招,394
4876,31105720,李东洋,男,六十三中,六中,统招,394
4876,61100826,丁永东,男,十九中学,六十中学,统招,394
4876,61101422,李牧原,男,六十一中,六十中学,统招,394
4876,21101902,赵关子,女,祥阁学校,十一中学,统招,394
4876,41104212,王炳哲,男,四十七中,十一中学,统招,394
4876,61103904,吴昊翰,男,五十七中,十九中学,自费,394
4876,21101807,车婷婷,女,二十三中,十六中学,自费,394
4876,41101130,孙亮,男,十六中,十六中学,自费,394
4876,41102217,马应男,女,十七中,十六中学,自费,394
4876,41105117,杨刚,男,十中,十六中学,自费,394
4894,41103005,杨延宇,男,五十二中,二十七中学,统招,393
4894,41105502,张月,女,二十七中,二十七中学,统招,393
4894,21107423,曹欣,女,六十六中,二十二中学,统招,393
4894,31105521,李响,男,二十八中,二十二中学,统招,393
4894,51105926,范玲敏,女,高台中学,二十二中学,统招,393
4894,31111329,于尧,男,景园中学,六十中学,统招,393
4894,61100816,柳琦,男,十九中学,六十中学,统招,393
4894,21104115,潘行宇,男,十三中,十一中学,统招,393
4894,41102713,张春荣,女,杏树岗中,十一中学,统招,393
4894,51105408,庄显越,男,高台中学,十一中学,统招,393
4894,21101809,付治豪,男,祥阁学校,十三中学,自费,393
4905,21104914,韩雨彤,女,九中,二十七中学,统招,392
4905,41103007,赵玉苹,女,杏树岗中,二十七中学,统招,392
4905,41103608,余爽,女,二十七中,二十七中学,统招,392
4905,31112118,马羚刚,男,二十四中,二十二中学,自费,392
4905,21101524,严雪,女,六十九中,六中,统招,392
4905,21100113,张成全,男,祥阁学校,六十中学,统招,392
4905,21101621,马爽,男,五十五中,六十中学,统招,392
4905,31104108,周振兴,男,二十八中,十一中学,统招,392
4905,31111416,马雪斌,男,一中,十一中学,统招,392
4905,41100530,董玉贵,男,四十二中,十一中学,统招,392
4905,41103526,杨晨鹭,女,四十二中,十一中学,自费,392
4905,51102022,张哲宁,男,五十六中,十一中学,统招,392
4905,31106409,金洪生,男,二十五中,十三中学,自费,392
4905,61101020,林玉杰,女,十九中学,十九中学,自费,392
4905,31107728,冯尧,男,二十四中,十六中学,自费,392
4905,41104224,万宇,男,十六中,十六中学,自费,392
4905,41105107,周晓红,女,十六中,十六中学,自费,392
4922,41102716,刘芳,女,十七中,二十七中学,统招,391
4922,51102616,孙木交,女,三十三中,二十七中学,统招,391
4922,31107417,付士山,男,景园中学,二十二中学,自费,391
4922,21106809,刘燕欣,女,二十三中,六中,统招,391
4922,21106811,卢嫣,女,二十三中,六中,统招,391
4922,21108419,李芳玄,男,十三中,六中,统招,391
4922,41100301,李娜,女,杏树岗中,六中,统招,391
4922,21107711,张琦,男,六中,十一中学,统招,391
4922,31114217,于航浩,男,二十五中,十一中学,统招,391
4922,31111405,王俞衡,男,四十六中,十三中学,自费,391
4922,21107314,张丽娜,女,二十一中,十九中学,自费,391
4922,31105315,印秀惠,女,三十四中,十六中学,自费,391
4922,41100921,燕宏君,男,十中,十六中学,自费,391
4922,41103630,毛星,男,杏树岗中,十六中学,自费,391
4936,41102805,梁向楠,女,杏树岗中,二十七中学,统招,390
4936,51102426,张一,女,五十六中,二十七中学,统招,390
4936,51105529,刘云飞,男,老山头中,二十七中学,统招,390
4936,61103911,孙庆华,女,十九中学,二十七中学,统招,390
4936,41101317,张宇,男,六十五中,二十二中学,自费,390
4936,21104720,董超,男,五十五中,六中,统招,390
4936,41103217,陈莹,女,四十七中,六中,统招,390
4936,61100922,张爽,女,十九中学,六十中学,统招,390
4936,61103727,陈美玲,女,向阳中学,六十中学,统招,390
4936,61105424,薛佩哲,男,五十七中,六十中学,统招,390
4936,61106001,闫妍,女,五十七中,六十中学,统招,390
4936,31102425,刘婷婷,女,三十六中,十一中学,自费,390
4936,21104410,彭雪菲,女,十三中,十三中学,自费,390
4936,21107303,刘芳丽,女,八中,十三中学,自费,390
4936,31109624,许倩倩,女,景园中学,十三中学,自费,390
4936,31114211,王舟,男,三十中,十三中学,自费,390
4936,61106025,刘雨佳,男,十九中学,十九中学,自费,390
4936,41103120,赵璐,女,四十七中,十六中学,自费,390
4936,51104317,姜虹,女,三十二中,十六中学,自费,390
4955,31114219,刘宇峰,男,景园中学,二十七中学,统招,389
4955,41102423,王庆莹,女,杏树岗中,二十七中学,统招,389
4955,51101718,王宏兴,男,新华中学,二十七中学,自费,389
4955,51103322,刘清超,男,老山头中,二十七中学,统招,389
4955,31102618,朱晓丹,女,一中,二十二中学,自费,389
4955,31102818,陈禹,男,景园中学,二十二中学,自费,389
4955,31107612,刘庆冬,女,一中,二十二中学,自费,389
4955,61104923,赵金平,女,十九中学,二十二中学,自费,389
4955,21102802,周宝明,男,七十九中,六中,自费,389
4955,31108612,吴云龙,男,三十中,六中,统招,389
4955,61105013,任庆伟,男,三十一中,六十中学,统招,389
4955,21106428,郭明,男,五十五中,十一中学,自费,389
4955,21107224,王爽,女,八中,十一中学,统招,389
4955,31101510,信誉,男,一中,十一中学,统招,389
4955,31104113,常思宇,女,三十六中,十一中学,统招,389
4955,31105510,王璐,女,二十四中,十一中学,统招,389
4955,51105123,张庆敏,女,和平牧场,十一中学,统招,389
4955,31105406,王欢,男,二十四中,十九中学,自费,389
4955,51105414,褚征,男,五十六中,十九中学,自费,389
4955,61100305,张萍,女,五十七中,十九中学,自费,389
4955,21107521,陈禹莹,女,五十五中,十六中学,自费,389
4955,41102523,崔淼,女,十中,十六中学,自费,389
4977,41100926,张明鑫,男,六十五中,二十七中学,统招,388
4977,41102419,王茜,女,二十七中,二十七中学,统招,388
4977,31107916,杨海涛,男,喇镇中学,二十二中学,自费,388
4977,21100427,张迪,男,二十三中,六中,统招,388
4977,21108105,连朕,男,二十三中,六中,统招,388
4977,31109115,孙丽丽,女,喇镇中学,六十中学,自费,388
4977,61101518,任玉峰,男,五十一中,六十中学,统招,388
4977,31105725,孙振扬,男,三十中,十一中学,统招,388
4977,21104304,张海成,男,祥阁学校,十三中学,自费,388
4977,61101809,刘洋,女,十九中学,十九中学,自费,388
4977,61103605,宋超,男,五十中学,十九中学,自费,388
4977,21100125,吴冰冰,女,七十九中,十六中学,自费,388
4989,41101110,王燕,女,杏树岗中,二十七中学,统招,387
4989,41101515,张永吉,男,六十五中,二十七中学,统招,387
4989,41101915,张轲轶,女,十七中,二十七中学,统招,387
4989,21101606,邹晨箫,女,四十四中,六中,统招,387
4989,21102413,李鹏,男,二十三中,六中,统招,387
4989,21105303,乔瑀迟,男,六十九中,六中,统招,387
4989,31103707,程宇,女,六十三中,六中,统招,387
4989,41104614,纪磊,女,十七中,六中,统招,387
4989,21101822,王晓龙,男,五十五中,六十中学,自费,387
4989,61103920,宋立楠,女,十九中学,六十中学,统招,387
4989,61104905,李存昱,男,五十一中,六十中学,统招,387
4989,31107830,张阳,男,六十四中,十一中学,统招,387
4989,21108123,潘鑫蕊,女,十三中,十三中学,自费,387
4989,31114827,许垚,男,二十五中,十三中学,自费,387
4989,51102403,孙梅,女,八井中学,十三中学,自费,387
4989,41102704,武琳,女,杏树岗中,十六中学,自费,387
5005,41102413,陈晓磊,男,二十七中,二十七中学,统招,386
5005,31114502,唐作敏,男,三十六中,二十二中学,自费,386
5005,61104028,张雨葳,女,四十九中,二十二中学,自费,386
5005,21106808,王明溥,男,四十四中,六中,统招,386
5005,31108111,陈尧,女,三十中,六十中学,统招,386
5005,61103107,杜川北,男,五十一中,六十中学,自费,386
5005,31107627,朱冬久,女,六十三中,十一中学,自费,386
5005,31114027,陈艳艳,女,让铁中学,十三中学,自费,386
5005,21108628,温婷婷,女,六十六中,十九中学,自费,386
5005,41101804,田武,男,五十九中,十六中学,自费,386
5015,41105704,许涛,男,二十七中,二十七中学,统招,385
5015,51104004,孙苗苗,女,三十七中,二十七中学,统招,385
5015,31106721,李俊楠,男,一中,六中,统招,385
5015,61102520,赵佳鑫,女,十九中学,六十中学,统招,385
5015,31110013,程渤,男,四十六中,十一中学,统招,385
5015,31115002,郑宁涛,男,三十中,十一中学,统招,385
5015,21104419,郝洪岩,男,五十五中,十三中学,自费,385
5015,41105301,李朋芸,男,十中,十六中学,自费,385
5023,41100117,王守明,男,四十二中,二十七中学,统招,384
5023,41101228,候丽华,女,杏树岗中,二十七中学,统招,384
5023,41103307,高頔,男,十七中,二十七中学,统招,384
5023,51103525,佟国权,男,大青山中,二十七中学,自费,384
5023,51103526,陈招弟,女,双榆中学,二十七中学,统招,384
5023,31103302,郝然,女,景园中学,二十二中学,自费,384
5023,31112626,张思思,女,三十中,六十中学,统招,384
5023,31113106,袁磊,男,四十六中,六十中学,统招,384
5023,61101301,魏越,男,三十一中,六十中学,统招,384
5023,21102524,雷恒,男,东三初中,十一中学,统招,384
5023,21105513,黄帅,女,十三中,十三中学,自费,384
5023,31114805,毕帅,女,三十六中,十三中学,自费,384
5023,21108218,李新龙,男,二十三中,十六中学,自费,384
5023,51100711,周龙龙,男,三十二中,十六中学,自费,384
5037,21102530,薛斯野,男,六十九中,二十七中学,统招,383
5037,41100418,刘丹丹,女,杏树岗中,二十七中学,统招,383
5037,41102507,李娜,女,杏树岗中,二十七中学,统招,383
5037,41103720,耿雪敏,女,四十七中,二十七中学,统招,383
5037,51103110,于海楠,女,祝三中学,二十七中学,统招,383
5037,31109627,刘畅,女,景园中学,二十二中学,自费,383
5037,31115225,李佳文,男,三十六中,二十二中学,自费,383
5037,61100421,王朝龙,男,五十七中,六十中学,统招,383
5037,21108005,王杨,女,六十九中,十一中学,统招,383
5037,31101526,曹宇翔,男,一中,十一中学,统招,383
5037,31101719,刘少楠,女,景园中学,十一中学,统招,383
5037,31104515,赵剑,男,一中,十一中学,统招,383
5037,31111811,夏秋华,女,二十四中,十一中学,统招,383
5037,51101807,何影,女,和平牧场,十一中学,统招,383
5037,31104023,王海龙,男,三十六中,十三中学,自费,383
5037,61104304,李欣书,女,五十中学,十九中学,自费,383
5053,51101121,关宇,男,五十六中,二十七中学,统招,382
5053,51105204,杨洋,男,三十二中,二十七中学,统招,382
5053,21105902,赵君玲,女,二十三中,二十二中学,自费,382
5053,31111922,明锦哲,男,景园中学,二十二中学,自费,382
5053,61101306,魏迪,男,十九中学,二十二中学,自费,382
5053,31110410,张隽,男,喇化中学,六中,统招,382
5053,31111107,闫洪坤,男,四十五中,六十中学,统招,382
5053,31111010,韩金弢,男,二十四中,十一中学,统招,382
5053,31112129,谷键,男,二十二中,十一中学,统招,382
5053,31102103,曹阳,女,三十六中,十三中学,自费,382
5063,51100307,李晓庄,男,祝三中学,二十七中学,统招,381
5063,21107004,王佳静,女,二十三中,六中,统招,381
5063,31102114,赵乾坤,男,一中,六中,统招,381
5063,31112612,常冬雪,女,喇镇中学,六中,自费,381
5063,21109329,吕彦龙,男,四十四中,六十中学,统招,381
5063,31104611,崔孝,男,十一中,十一中学,统招,381
5063,41102616,薛萌,男,十中,十一中学,统招,381
5063,31105615,贾博文,男,景园中学,十三中学,自费,381
5063,21106806,李雪,女,五十五中,十九中学,自费,381
5063,41100929,耿云龙,男,六十五中,十六中学,自费,381
5073,31112124,文锐,女,三十中,二十七中学,统招,380
5073,41101830,康蕾,女,五十二中,二十七中学,统招,380
5073,41102603,刘凤丽,女,杏树岗中,二十七中学,统招,380
5073,31112114,白婧,女,三十六中,二十二中学,自费,380
5073,41101908,林洪梅,女,杏树岗中,六中,统招,380
5073,21102928,吴刚,男,六十九中,六十中学,统招,380
5073,61100906,陈露露,女,十九中学,六十中学,统招,380
5073,61102601,刘辉德,男,六十一中,六十中学,统招,380
5073,31109701,郭远博,女,三十六中,十一中学,统招,380
5073,51102027,赵明楠,女,五十六中,十一中学,统招,380
5073,51104603,江浩,女,五十六中,十一中学,统招,380
5073,21101003,刘静竹,女,四十四中,十三中学,自费,380
5073,31105420,徐玲,女,二十八中,十三中学,自费,380
5073,31109201,李玮,男,二十四中,十三中学,自费,380
5073,41101923,郭晶,女,十六中,十六中学,自费,380
5088,31109523,王一彬,男,二十四中,二十七中学,统招,379
5088,51102318,佘福明,男,五十六中,二十七中学,统招,379
5088,31100417,辛卓滨,男,一中,二十二中学,自费,379
5088,31102130,景冠宇,男,一中,二十二中学,自费,379
5088,31108508,王朋,男,三十中,二十二中学,自费,379
5088,21107621,马野,男,二十三中,六中,统招,379
5088,31105422,包文莉,女,三十中,六中,统招,379
5088,41105505,袁玉云,女,四十二中,六中,统招,379
5088,21100826,刘玉昕,女,二十三中,六十中学,统招,379
5088,61101008,刘宽,男,五十七中,六十中学,统招,379
5088,61102509,李晨曦,男,六十一中,六十中学,统招,379
5088,31105509,刘清,女,二十八中,十一中学,统招,379
5088,31107514,姜涛,男,四十六中,十一中学,统招,379
5088,31110309,马铭泽,男,三十中,十三中学,自费,379
5088,31110805,杨春明,女,三中,十三中学,自费,379
5088,21103210,赵洁,女,东三初中,十九中学,自费,379
5088,31107309,李占伟,男,三十六中,十九中学,自费,379
5088,41100727,李冬峰,男,十中,十六中学,自费,379
5106,41101610,陈菁伟,女,二十七中,二十七中学,统招,378
5106,21106010,曹月,女,八中,二十二中学,自费,378
5106,31101517,李晶,女,三中,二十二中学,自费,378
5106,31103316,李浩天,男,三十六中,二十二中学,自费,378
5106,31105806,邹昊辰,男,三十六中,二十二中学,自费,378
5106,31106008,王贺岚,女,三十六中,二十二中学,自费,378
5106,31109725,何禹男,男,让铁中学,二十二中学,自费,378
5106,21102120,肖姗,女,二十三中,六中,自费,378
5106,21104325,王硕,男,祥阁学校,十一中学,统招,378
5106,31115325,陈鲁杭,男,十一中,十一中学,统招,378
5106,61100921,代玉,女,四十九中,十一中学,统招,378
5106,21101614,王宇,男,二十三中,十三中学,自费,378
5106,21103625,崔莎,女,五十五中,十三中学,自费,378
5106,21105210,邵明雪,女,七十九中,十九中学,自费,378
5106,61100721,于立涛,男,六十一中,十九中学,自费,378
5106,61101902,王娜娜,女,四十九中,十九中学,自费,378
5106,31103402,楚鑫磊,男,二十五中,十六中学,自费,378
5123,41103306,张敏,女,二十七中,二十七中学,统招,377
5123,51101425,齐淑园,女,老山头中,二十七中学,统招,377
5123,31103106,曲正,男,三十六中,二十二中学,自费,377
5123,31104903,张丽妍,女,景园中学,二十二中学,自费,377
5123,31107408,刘洋,男,二十二中,二十二中学,自费,377
5123,31112113,燕妮,女,三中,二十二中学,自费,377
5123,51106014,李丹丹,女,三十三中,二十二中学,自费,377
5123,21100822,张莹,女,四十四中,六中,统招,377
5123,31114618,高瑞,男,一中,六中,自费,377
5123,21102611,徐昊,男,六十六中,六十中学,统招,377
5123,41105522,魏国亮,男,十七中,六十中学,统招,377
5123,31103505,陈妍苏,女,五十八中,十一中学,统招,377
5123,31114830,王天衡,男,景园中学,十一中学,统招,377
5123,41104909,邵壮,男,十七中,十一中学,统招,377
5123,51105928,汪晶晶,女,五十六中,十一中学,统招,377
5123,21101722,宫敏,女,二十三中,十六中学,自费,377
5139,51101222,崔庆鑫,男,和平牧场,二十七中学,统招,376
5139,41102511,乔长贺,男,杏树岗中,二十二中学,自费,376
5139,41105729,李东影,女,四十七中,六中,统招,376
5139,61104006,王佳,女,三十一中,六十中学,统招,376
5139,41103222,窦岩岩,女,四十二中,十一中学,统招,376
5139,51104225,于宁,女,和平牧场,十一中学,统招,376
5139,31104530,苏晶,女,三十中,十三中学,自费,376
5139,31105522,张锐,女,三十中,十三中学,自费,376
5139,21101913,刁习庆,男,八中,十六中学,自费,376
5148,21102911,张皓南,男,六十九中,二十七中学,统招,375
5148,41101105,林丽茹,女,杏树岗中,二十七中学,统招,375
5148,41104204,贺宇迪,男,十六中,二十七中学,统招,375
5148,41105417,王庆岩,男,杏树岗中,二十七中学,统招,375
5148,51103730,汤洪鹏,男,高台中学,二十七中学,统招,375
5148,51103829,李春秋,女,祝三中学,二十七中学,统招,375
5148,41104720,林洋,男,杏树岗中,二十二中学,自费,375
5148,31110111,祁巍,女,三十中,六中,自费,375
5148,41100816,张云鹏,男,十七中,六中,统招,375
5148,61105813,吴昌宇,男,五十中学,六中,统招,375
5148,61102028,刘成龙,男,四十九中,六十中学,统招,375
5148,61102105,赵松,男,五十七中,六十中学,统招,375
5148,61103821,郭楠楠,女,三十一中,六十中学,统招,375
5148,61105718,张莹,女,十九中学,六十中学,统招,375
5148,41101919,陈思思,女,四十二中,十一中学,统招,375
5148,51103619,陈东旭,男,三十二中,十一中学,统招,375
5148,61101617,郑亚秋,女,十九中学,十一中学,统招,375
5148,61104124,武丽冬,女,向阳中学,十一中学,统招,375
5148,31111018,赵龙,男,景园中学,十三中学,自费,375
5148,51102904,李晓芳,女,新华中学,十三中学,自费,375
5148,61100609,冯伟,男,十九中学,十九中学,自费,375
5148,41103419,宫辉,女,十七中,十六中学,自费,375
5170,41103011,刘昊,男,十七中,二十七中学,统招,374
5170,41105511,赵喜龙,男,杏树岗中,二十七中学,统招,374
5170,51103801,宋永男,女,老山头中,二十七中学,统招,374
5170,21104405,邓康元,女,六中,六中,统招,374
5170,31106530,姜大年,男,喇镇中学,六十中学,统招,374
5170,31105329,任敏,男,三十中,十一中学,统招,374
5170,31105829,高锋,男,三十中,十一中学,统招,374
5170,31107403,于齐,男,六十四中,十一中学,统招,374
5170,51103828,刘可欣,女,和平牧场,十一中学,统招,374
5170,21102426,汪亚霖,男,四十中,十三中学,自费,374
5170,61102624,杨盼盼,女,十九中学,十九中学,自费,374
5170,61103516,王皓,男,五十七中,十九中学,自费,374
5170,31107729,王重阳,男,四十六中,十六中学,自费,374
5170,41101621,段鉴刚,男,四十七中,十六中学,自费,374
5184,21104523,梁宇微,女,七十九中,二十七中学,统招,373
5184,21107206,宋哲俊,男,四十四中,二十七中学,统招,373
5184,41102924,李龙海,男,十中,二十七中学,统招,373
5184,21104725,王梦楠,女,八中,二十二中学,自费,373
5184,31107221,王艳龙,男,二十五中,二十二中学,自费,373
5184,21100329,题峻卓,女,二十三中,六中,统招,373
5184,21109022,孙宏光,男,二十三中,六中,统招,373
5184,21104225,任可馨,女,东三初中,六十中学,统招,373
5184,21106014,李敬远,男,四十四中,六十中学,统招,373
5184,61101717,郭鸿鹏,男,五十中学,六十中学,统招,373
5184,21101023,武英芳,女,二十三中,十一中学,统招,373
5184,31100829,姜世杰,男,三十六中,十一中学,统招,373
5184,31106120,魏兴超,男,二十四中,十一中学,统招,373
5184,31110219,韩立洋,女,四十六中,十一中学,统招,373
5184,41103702,付雪,女,六十五中,十一中学,统招,373
5184,51103718,刘立勋,男,和平牧场,十一中学,统招,373
5184,21102103,杜鑫,男,五十五中,十三中学,自费,373
5184,41102520,徐丛庆,男,四十二中,十三中学,自费,373
5202,61104412,张文婷,女,三十一中,二十七中学,统招,372
5202,31112624,陈东阳,男,景园中学,二十二中学,自费,372
5202,21107528,谢彬彬,女,二十三中,六中,统招,372
5202,31109218,王琳,女,景园中学,六中,统招,372
5202,61100601,孙世丽,女,五十一中,六中,统招,372
5202,21108925,刘祺斌,男,七十九中,六十中学,统招,372
5202,61100612,李杨,男,六十一中,六十中学,统招,372
5202,61105623,刘立东,男,三十一中,六十中学,统招,372
5202,31111203,宫雪,女,十一中,十一中学,统招,372
5202,31112223,谢越,女,二十五中,十一中学,统招,372
5202,31115410,高晗,男,四十六中,十一中学,统招,372
5202,21101814,朱明德,男,十三中,十三中学,自费,372
5202,21105914,张爽,女,八中,十三中学,自费,372
5202,21100916,陈禹兵,男,五十五中,十六中学,自费,372
5216,41103218,刘磊,男,二十七中,二十七中学,统招,371
5216,51102727,王业梅,女,五十六中,二十七中学,统招,371
5216,31109410,刘磊,男,三十六中,二十二中学,自费,371
5216,31112501,李晓宇,女,二十八中,六中,统招,371
5216,61101009,王鑫,女,六十一中,六十中学,统招,371
5216,21109021,杨苹苹,女,六十六中,十一中学,统招,371
5216,31109824,王瑞鑫,男,三十中,十一中学,统招,371
5216,31109918,杨波,女,一中,十三中学,自费,371
5216,31110102,张冰洁,女,三十六中,十三中学,自费,371
5216,31115408,刘秉凤,女,四十六中,十三中学,自费,371
5216,21103617,郑秀波,女,二十一中,十九中学,自费,371
5216,21105622,李鹏程,男,五十五中,十九中学,自费,371
5228,31114712,崔菲菲,女,景园中学,二十七中学,统招,370
5228,21108220,孟文续,女,二十三中,六中,统招,370
5228,31108601,王双,男,一中,六中,自费,370
5228,21108611,王健美,女,二十三中,十一中学,统招,370
5228,31103128,刘浩,男,一中,十一中学,统招,370
5228,31108029,高鑫,女,景园中学,十一中学,统招,370
5228,31107206,王占凤,女,三十中,十三中学,自费,370
5228,51102529,李海会,女,新华中学,十六中学,自费,370
5236,31115004,冯超,男,景园中学,二十七中学,统招,369
5236,41104303,胡方超,男,六十五中,二十七中学,统招,369
5236,31112226,涂冲,女,三十六中,二十二中学,自费,369
5236,21100801,孟哲,男,二十三中,六中,统招,369
5236,31105730,段琼琼,女,二十八中,六十中学,自费,369
5236,61102628,王德龙,男,十九中学,六十中学,统招,369
5236,61105611,王杨,男,五十中学,六十中学,统招,369
5236,21102217,许成龙,男,六十六中,十一中学,统招,369
5236,31107901,李轩宇,女,三十六中,十一中学,统招,369
5236,31109202,徐铭,男,景园中学,十一中学,统招,369
5236,31115219,袁博,男,二十五中,十三中学,自费,369
5236,41101410,闫锐,女,四十二中,十六中学,自费,369
5248,41100321,甄妮,女,五十二中,二十七中学,统招,368
5248,41105801,王浩宇,男,六十五中,二十七中学,统招,368
5248,31100507,张孟龙,男,一中,二十二中学,自费,368
5248,31103230,陈歆,男,一中,二十二中学,自费,368
5248,31108828,杜婷婷,女,景园中学,二十二中学,自费,368
5248,31109621,李洋,男,一中,二十二中学,自费,368
5248,31111220,苏秋实,男,二十二中,二十二中学,自费,368
5248,31114007,陈岩,男,景园中学,二十二中学,自费,368
5248,31107917,王蕾,男,二十四中,六中,统招,368
5248,61105405,郭宇,男,五十七中,六中,统招,368
5248,21105915,郑源,男,六十六中,六十中学,统招,368
5248,61102106,胡培培,女,四十九中,六十中学,统招,368
5248,21108420,田秋佳,女,四十四中,十一中学,统招,368
5261,41104211,李厚辞,男,五十二中,二十七中学,统招,367
5261,51101527,李百剑,男,五十六中,二十七中学,统招,367
5261,21105727,张伟洋,男,六十六中,二十二中学,自费,367
5261,31101809,孙海川,男,二十四中,二十二中学,自费,367
5261,31111516,王思琪,男,景园中学,二十二中学,自费,367
5261,31104603,张永骁,男,一中,六中,统招,367
5261,21106905,蒋再鑫,男,六十九中,六十中学,自费,367
5261,61104024,曹静静,女,十九中学,六十中学,统招,367
5261,61104315,张雪峰,男,六十一中,六十中学,统招,367
5261,61106011,顾博峰,女,五十七中,六十中学,统招,367
5261,31114920,李杨,女,景园中学,十一中学,统招,367
5261,31115317,王琪,男,景园中学,十一中学,统招,367
5261,31115509,何瑞韬,男,景园中学,十一中学,统招,367
5261,61103323,董鑫,男,四十九中,十九中学,自费,367
5261,41103516,姜国超,男,十六中,十六中学,自费,367
5276,41102817,宋凯,男,二十七中,二十七中学,统招,366
5276,51103919,付冬亮,男,祝三中学,二十七中学,统招,366
5276,31109026,方源,男,二十八中,二十二中学,自费,366
5276,31103422,李悦,女,一中,六中,统招,366
5276,21100216,李文龙,男,八中,六十中学,统招,366
5276,61100323,高晶,女,五十七中,六十中学,统招,366
5276,31105411,刘钊,男,一中,十一中学,统招,366
5276,31115026,侯继恒,男,四十五中,十一中学,统招,366
5276,41100820,吴鹏,男,四十七中,十六中学,自费,366
5276,41101921,吕翔超,男,十六中,十六中学,自费,366
5276,41104219,于潇,女,十六中,十六中学,自费,366
5276,41105230,宋阳阳,女,五十九中,十六中学,自费,366
5276,51100325,佟玲,女,五十六中,十六中学,自费,366
5289,31112512,晏凤,女,一中,二十七中学,统招,365
5289,31114801,孟凡兴,男,三十中,二十七中学,统招,365
5289,41102128,马洪波,女,杏树岗中,二十七中学,统招,365
5289,41104610,赵龙,男,二十七中,二十七中学,统招,365
5289,51100218,陈云凤,女,大青山中,二十七中学,统招,365
5289,31101408,金钊,男,景园中学,二十二中学,自费,365
5289,31111913,闫时雨,男,景园中学,二十二中学,自费,365
5289,31102809,靳秀秀,女,三中,六中,自费,365
5289,31104709,王文晶,女,三十四中,六中,统招,365
5289,51102214,赵静,女,五十六中,六中,统招,365
5289,21105812,王学军,男,十三中,十一中学,统招,365
5289,31106507,张满达,男,二十八中,十一中学,统招,365
5289,41105328,赖芸玮,男,十中,十六中学,自费,365
5302,41103727,梁舒瑞,女,六十五中,二十七中学,统招,364
5302,41100410,丁菲,女,十中,六中,统招,364
5302,21108928,张巍,男,八中,六十中学,统招,364
5302,31104215,蔡玲明,女,十一中,十一中学,统招,364
5302,61105930,张金营,女,向阳中学,十一中学,统招,364
5302,21109308,孙美娜,女,四十四中,十六中学,自费,364
5308,41100810,潘晓露,女,杏树岗中,二十七中学,统招,363
5308,31109427,孔维娜,女,三十四中,二十二中学,自费,363
5308,31111723,许喜明,男,二十八中,二十二中学,自费,363
5308,31112814,王翔宇,男,一中,二十二中学,自费,363
5308,21100103,张媛媛,女,六十九中,六中,统招,363
5308,31105905,刑家凯,男,三十六中,六中,统招,363
5308,61103812,盖星竹,女,三十一中,六十中学,统招,363
5308,61103827,刘岩超,男,四十九中,六十中学,统招,363
5308,61104411,裘丹丹,女,四十三中,十一中学,统招,363
5308,41100411,冯晓巍,女,四十七中,十六中学,自费,363
5308,41104125,李天卓,男,十六中,十六中学,自费,363
5319,41103826,张义刚,男,二十七中,二十七中学,统招,362
5319,31101212,刘殿超,男,二十五中,二十二中学,自费,362
5319,31109217,周鑫龙,男,三十六中,二十二中学,自费,362
5319,31115528,牟鑫鑫,女,喇化中学,六中,统招,362
5319,31115615,杨磊,女,二十四中,六中,统招,362
5319,21108827,刘冬雪,女,祥阁学校,六十中学,统招,362
5319,61105313,孙亚丹,男,四十三中,六十中学,统招,362
5319,31100424,高峰,男,景园中学,十一中学,统招,362
5319,31109702,胡睿姣,女,景园中学,十一中学,统招,362
5319,41102813,谢萌萌,女,杏树岗中,十一中学,统招,362
5329,21100811,董延涛,男,五十五中,二十七中学,统招,361
5329,21105230,赵鹏举,男,六十九中,二十七中学,统招,361
5329,41103111,温玲琳,女,十七中,二十七中学,统招,361
5329,41104921,崔博文,女,四十七中,二十七中学,统招,361
5329,21102613,张哲,女,六中,六中,统招,361
5329,31109305,黄晶,女,二十八中,六中,统招,361
5329,31110208,刘佳,男,让铁中学,六中,统招,361
5329,21105127,杨旭,男,八中,十一中学,统招,361
5329,41102811,史晓林,女,杏树岗中,十一中学,统招,361
5329,51101709,马敬岩,男,大青山中,十一中学,统招,361
5339,41103806,宋菲,男,杏树岗中,二十七中学,统招,360
5339,51103424,李超,男,双榆中学,二十七中学,统招,360
5339,31113215,关胜杰,女,三中,二十二中学,自费,360
5339,31103813,刘佳,男,二十八中,六十中学,自费,360
5339,61105014,刘静,女,十九中学,六十中学,统招,360
5339,21101908,姜路路,女,十三中,十一中学,统招,360
5339,51101716,张蔓,女,五十六中,十一中学,统招,360
5339,61103824,林子育,男,四十九中,十一中学,统招,360
5339,31104630,张婷,女,三十四中,十六中学,自费,360
5339,41100507,任啸晨,男,十中,十六中学,自费,360
5349,21100717,张中良,男,五十五中,二十七中学,统招,359
5349,21106517,丁宁,男,祥阁学校,二十七中学,统招,359
5349,21108614,孙欣,女,十三中,二十七中学,统招,359
5349,31111522,李娜,女,景园中学,二十七中学,统招,359
5349,21104026,刘竞男,女,七十九中,二十二中学,自费,359
5349,31103407,张翔,男,三十中,二十二中学,自费,359
5349,31109330,白广群,男,二十五中,二十二中学,自费,359
5349,21101611,吕诗沫,女,二十三中,六中,统招,359
5349,21100403,刘晓鑫,女,二十三中,六十中学,自费,359
5349,31113323,刘天龙,男,三十中,六十中学,统招,359
5349,61103302,王书宇,男,五十七中,六十中学,统招,359
5349,31110608,吕洪达,男,三十四中,十一中学,统招,359
5349,51101510,王佳,男,五十六中,十六中学,自费,359
5362,41101601,张加峰,男,杏树岗中,二十七中学,统招,358
5362,41105404,周天博,男,五十二中,二十七中学,统招,358
5362,51103701,李晶超,女,老山头中,二十七中学,统招,358
5362,21105905,王筱琳,女,东三初中,二十二中学,自费,358
5362,31110722,王成刚,男,喇镇中学,二十二中学,自费,358
5362,61100702,王宝康,男,五十一中,六十中学,统招,358
5362,61101713,孟洋,女,四十九中,六十中学,统招,358
5362,31101125,孟丹,女,三十四中,十一中学,统招,358
5362,41100510,李鑫,男,十中,十六中学,自费,358
5371,21101824,王凯,男,四十一中,二十七中学,统招,357
5371,31102509,张骥龙,男,三十中,二十七中学,自费,357
5371,31111928,陶潮钢,男,一中,二十七中学,统招,357
5371,41104420,高广志,男,二十七中,二十七中学,统招,357
5371,21105928,史亮,男,七十九中,二十二中学,自费,357
5371,21106311,孙磊,男,九中,二十二中学,自费,357
5371,31103009,赵立宪,女,三中,二十二中学,自费,357
5371,31106613,丁勇年,男,二十二中,二十二中学,自费,357
5371,31114817,邹建文,男,喇镇中学,二十二中学,自费,357
5371,31115327,魏法书,女,三中,二十二中学,自费,357
5371,51101827,王海霞,女,老山头中,六中,统招,357
5371,21108406,周小钰,女,八中,六十中学,统招,357
5371,61100201,陈娇龙,女,五十七中,六十中学,统招,357
5371,61100513,姜雪,女,五十一中,六十中学,统招,357
5371,21104327,赵尚卿,男,二十三中,十九中学,自费,357
5371,31101428,李博,男,景园中学,十六中学,自费,357
5371,41103126,张琪,男,四十七中,十六中学,自费,357
5388,31101320,于哲,男,一中,二十七中学,统招,356
5388,41102402,李相辰,男,二十七中,二十七中学,自费,356
5388,41105220,姚楠,女,二十七中,二十七中学,自费,356
5388,21104227,鲁珊珊,女,六十六中,二十二中学,自费,356
5388,61101826,袁达,男,龙镇一中,六中,统招,356
5388,31103113,高明,男,景园中学,十一中学,统招,356
5388,31109011,褚迪,男,三十四中,十一中学,统招,356
5388,41103108,刘珊珊,女,四十二中,十一中学,统招,356
5388,41104416,张慧,女,五十九中,十一中学,统招,356
5388,21106816,张宇,女,七十九中,十九中学,自费,356
5398,31106605,马思聪,男,一中,二十七中学,统招,355
5398,41103717,李洋,女,十六中,二十七中学,统招,355
5398,51102419,张单单,女,老山头中,二十七中学,统招,355
5398,61102402,张晶,女,四十九中,二十七中学,统招,355
5398,21103815,唐磊,男,八中,六中,自费,355
5398,31104308,张凤才,男,喇镇中学,六十中学,统招,355
5398,41103013,陈杨,女,十中,六十中学,自费,355
5398,61102720,张媛媛,女,五十一中,六十中学,统招,355
5398,31111801,栾晓雯,女,二十四中,十一中学,统招,355
5398,31112026,宋利宝,男,二十四中,十一中学,自费,355
5398,41101728,王文平,男,五十九中,十一中学,统招,355
5398,21105403,田井泉,男,七十九中,十九中学,自费,355
5410,21102011,桑莉娜,女,东三初中,二十七中学,统招,354
5410,51103504,姜海涛,男,大青山中,二十七中学,统招,354
5410,31108803,汪潜,女,景园中学,二十二中学,自费,354
5410,41104607,门铜超,男,十七中,六中,自费,354
5410,51101927,陈龙生,男,双榆中学,六十中学,统招,354
5410,51103803,张海庆,男,老山头中,六十中学,统招,354
5410,61101528,庄园,女,四十三中,六十中学,统招,354
5410,61102328,王彦超,女,六十一中,六十中学,统招,354
5410,21102208,孙庆,男,五十五中,十一中学,统招,354
5410,31104916,郑叶,女,十一中,十一中学,统招,354
5410,41101412,刘晓强,男,四十二中,十一中学,统招,354
5410,41101721,张洁,女,杏树岗中,十一中学,统招,354
5410,41102628,宋丹妮,女,十中,十一中学,统招,354
5423,21103126,李崇,男,二十三中,二十七中学,自费,353
5423,41103417,李宏涛,男,二十七中,二十七中学,统招,353
5423,41105620,王齐,女,杏树岗中,二十七中学,统招,353
5423,51103405,张美巍,女,高台中学,二十七中学,统招,353
5423,61101610,谷雪,女,十九中学,二十七中学,统招,353
5423,31101328,朱平,女,三十六中,二十二中学,自费,353
5423,31111630,张叶叶,女,二十二中,二十二中学,自费,353
5423,21103011,田智,女,二十三中,六十中学,自费,353
5423,31105511,初伟丽,女,三十六中,六十中学,自费,353
5423,41103021,段小木,男,十六中,六十中学,自费,353
5433,21104903,王超,男,六十九中,二十七中学,统招,352
5433,31113614,李轶,男,六十四中,二十七中学,统招,352
5433,31111609,隋英奇,男,四十六中,二十二中学,自费,352
5433,21103125,蔡莹,男,四十四中,六十中学,自费,352
5433,21108819,刘博鑫,男,祥阁学校,十一中学,统招,352
5433,41104117,张轩瑞,男,四十二中,十一中学,统招,352
5433,41104521,王蕊,女,十中,十一中学,统招,352
5433,51101225,褚金龙,男,大青山中,十一中学,统招,352
5433,51103202,田俊军,男,太阳升中,十一中学,统招,352
5433,31100509,程湘元,男,三十六中,十九中学,自费,352
5443,31106313,郑伟,男,二十八中,二十二中学,自费,351
5443,51105125,史洪斌,男,三十七中,二十二中学,自费,351
5443,21108111,庄国忠,男,七十九中,六十中学,统招,351
5443,31104911,许锐,男,三十六中,十一中学,统招,351
5443,31111129,王磊,男,二十四中,十一中学,统招,351
5443,51102623,王馨遥,女,双榆中学,十一中学,统招,351
5443,61101816,徐磊,男,四十九中,十一中学,统招,351
5443,31110930,姜杰,男,二十八中,十九中学,自费,351
5451,31106604,王磊,男,三十六中,二十七中学,统招,350
5451,41102911,王雅琼,女,二十七中,二十七中学,统招,350
5451,41103329,张艳,女,二十七中,二十七中学,统招,350
5451,41105513,梁峰,男,十中,六中,自费,350
5451,61103024,于子惠,女,六十一中,六中,自费,350
5451,21103225,邸克,男,祥阁学校,六十中学,自费,350
5451,61101923,刘嘉旭,男,五十一中,六十中学,自费,350
5451,21104907,刘欢,女,六十九中,十一中学,统招,350
5451,21104916,魏巍,男,八中,十一中学,统招,350
5451,31108120,王德淼,男,二十五中,十一中学,统招,350
5451,51105114,李旭,女,五十六中,十一中学,统招,350
5462,41103229,陶思静,女,二十七中,二十七中学,统招,349
5462,31113103,王旭,女,三十六中,二十二中学,自费,349
5462,21108809,郑博,男,祥阁学校,六十中学,自费,349
5462,31107515,袁伟,男,一中,六十中学,自费,349
5462,61101714,全文虎,男,十九中学,六十中学,统招,349
5462,61104820,许彦龙,男,五十七中,六十中学,统招,349
5462,61105222,周沣洋,男,十九中学,六十中学,统招,349
5462,21101324,张超,女,二十三中,十一中学,自费,349
5462,21103908,刘可,女,东三初中,十一中学,统招,349
5462,21106023,马健,女,二十三中,十一中学,统招,349
5462,21101322,许德宇,男,八中,十九中学,自费,349
5473,41101217,段奕,女,十中,二十七中学,统招,348
5473,41102201,牛彤,男,二十七中,二十七中学,自费,348
5473,31109922,沙金钢,男,二十四中,六中,自费,348
5473,21103725,孙韬,男,四十中,六十中学,自费,348
5473,31111030,景挚羽,男,六十四中,十一中学,自费,348
5473,51101412,李庆新,男,五十六中,十一中学,自费,348
5479,41105227,高岩,男,十中,二十七中学,自费,347
5479,21103328,王健东,男,五十五中,二十二中学,自费,347
5479,21100804,孟凡刚,男,二十三中,六中,自费,347
5479,51102418,孙维娜,女,高台中学,六中,自费,347
5479,51105726,袁英,女,高台中学,六中,自费,347
5479,31101006,孔云鹤,女,一中,十一中学,自费,347
5479,31101026,赵柏,女,一中,十一中学,统招,347
5479,31114114,徐蕊,女,景园中学,十一中学,统招,347
5479,51101416,程晓东,男,三十二中,十一中学,统招,347
5479,51103912,陈远秋,女,三十七中,十一中学,统招,347
5479,61102711,孙平,女,四十九中,十一中学,统招,347
5490,21102116,沈普钟,男,六十九中,二十七中学,统招,346
5490,31110823,刘美辰,女,三十中,二十七中学,自费,346
5490,31112001,马丹丹,女,三十中,二十七中学,统招,346
5490,41102106,关欣,男,十六中,二十七中学,自费,346
5490,31115601,李楠,女,二十八中,六中,自费,346
5490,21106501,孙鹏,男,四十四中,六十中学,自费,346
5490,31104007,魏纯宇,男,景园中学,十一中学,统招,346
5490,31112818,文宝沣,男,景园中学,十一中学,自费,346
5498,21100401,于淼,男,二十三中,二十七中学,自费,345
5498,41103312,李清,女,十中,二十七中学,自费,345
5498,41104226,孙晶,女,杏树岗中,二十七中学,统招,345
5498,51104321,柳丽爽,女,和平牧场,二十七中学,统招,345
5498,31107212,吴朋,男,一中,六中,自费,345
5498,61102427,毕琳琦,男,五十七中,六十中学,统招,345
5498,61104103,刘淇,男,四十三中,六十中学,统招,345
5498,21102311,王超,男,二十三中,十一中学,统招,345
5498,31107606,张丁翔,男,三十中,十一中学,自费,345
5498,31109120,胡婧妍,女,景园中学,十一中学,自费,345
5498,41100818,刘丹丹,女,四十二中,十一中学,统招,345
5498,41104308,佟赫,男,十中,十一中学,统招,345
5498,61101126,王兴旺,男,龙镇一中,十一中学,统招,345
5498,21102804,李宏柱,男,二十三中,十九中学,自费,345
5512,31111607,郭建伟,男,二十五中,二十七中学,自费,344
5512,31112505,宫磊,女,三十六中,二十七中学,自费,344
5512,31113615,刘钊,男,景园中学,二十七中学,自费,344
5512,41105917,张胜冬,男,十六中,二十七中学,自费,344
5512,51101920,杨园影,女,三十三中,二十七中学,自费,344
5512,21102315,王佳亮,男,东三初中,六中,自费,344
5512,61104628,张琪,男,五十一中,六十中学,统招,344
5512,21108018,岳英伟,男,六中,十一中学,统招,344
5512,31107720,潘蕻予,女,二十八中,十一中学,自费,344
5512,31114507,薛何嘉,男,四十六中,十一中学,统招,344
5512,31114921,常悦,男,二十四中,十一中学,统招,344
5512,21102108,徐静,女,七十九中,十九中学,自费,344
5512,41100125,杨波,男,杏树岗中,十九中学,自费,344
5525,21102020,杨寒宇,男,二十三中,二十七中学,自费,343
5525,21103805,郭嫱,女,五十五中,二十七中学,自费,343
5525,31110730,赵路明,男,二十五中,二十七中学,自费,343
5525,41103706,马德明,男,五十九中,二十七中学,自费,343
5525,31106618,邓雪,女,二十五中,六中,自费,343
5525,21103816,孔祥龙,男,祥阁学校,六十中学,统招,343
5525,21104814,何迪,男,五十五中,六十中学,统招,343
5525,61105302,高洋,男,五十七中,六十中学,统招,343
5525,31111415,刘彤佳,男,四十六中,十一中学,统招,343
5525,21104621,王旭海,男,东三初中,十九中学,自费,343
5535,21102427,任志鸿,男,东三初中,二十七中学,自费,342
5535,61100218,桂云龙,男,六十一中,六中,自费,342
5535,31108705,高颀,男,六十四中,十一中学,统招,342
5535,31111425,张盛楠,女,二十八中,十一中学,自费,342
5535,41103618,王超群,男,四十二中,十一中学,统招,342
5535,51104018,张龙雨,男,三十七中,十一中学,统招,342
5535,21102319,康明智,男,八中,十九中学,自费,342
5535,31102404,刘磊,男,一中,十九中学,自费,342
5543,21102306,沙戈,男,四十中,二十七中学,自费,341
5543,31103220,万群,女,二十二中,二十七中学,自费,341
5543,41101624,李晗子,女,十中,二十七中学,自费,341
5543,31105718,王庆美,女,二十八中,六中,自费,341
5543,31106608,杨洋,男,五十八中,六中,自费,341
5543,31109128,张云龙,男,喇镇中学,六中,自费,341
5543,21108215,金利利,女,二十三中,六十中学,统招,341
5543,61100605,王迪,男,六十一中,六十中学,自费,341
5543,61103805,邵成龙,男,五十七中,六十中学,统招,341
5543,31102324,牟伟,男,一中,十一中学,统招,341
5543,31108309,席鹏,男,景园中学,十一中学,统招,341
5543,31110509,袁晓云,女,三十中,十一中学,统招,341
5543,31111316,王晶,女,十一中,十一中学,统招,341
5543,41102223,宫磊,男,十七中,十一中学,统招,341
5557,31111211,崔淇,女,三十六中,二十七中学,自费,340
5557,51104305,任俊竹,女,三十七中,二十七中学,自费,340
5557,21105630,刘巍,男,四十中,六中,自费,340
5557,21107316,胡金龙,男,四十一中,六中,自费,340
5557,61105812,谢鑫,男,六十一中,六十中学,统招,340
5557,31105015,陆晨,男,二十五中,十一中学,统招,340
5557,31107701,李贺,女,三十六中,十一中学,统招,340
5564,31108724,王娜,女,四十六中,二十七中学,自费,339
5564,61102907,马景宇,男,十九中学,二十七中学,自费,339
5564,61104017,张仟,男,六十一中,二十七中学,自费,339
5564,21102123,石金宝,男,五十五中,六中,自费,339
5564,21104408,徐莹,女,七十九中,六中,自费,339
5564,31107107,赵辰龙,男,五十八中,六中,自费,339
5564,31113419,刘杨,男,二十二中,六中,自费,339
5564,41101527,李金玲,女,杏树岗中,六十中学,统招,339
5564,61106118,康铎,男,五十一中,六十中学,统招,339
5564,21101109,任芳园,女,七十九中,十一中学,自费,339
5564,21102502,李薇薇,女,七十九中,十一中学,自费,339
5564,21104506,谷春菊,女,二十一中,十一中学,统招,339
5564,21105404,肖天宇,男,东三初中,十一中学,统招,339
5564,41105304,肖佩莉,男,六十五中,十一中学,统招,339
5564,51102308,王明龙,男,和平牧场,十一中学,统招,339
5564,51102617,潘敏鑫,男,三十七中,十一中学,自费,339
5580,21107415,刁彦婷,女,六十九中,二十七中学,自费,338
5580,41100523,陈薇,女,二十七中,二十七中学,自费,338
5580,41101803,刘梦竹,男,五十二中,二十七中学,自费,338
5580,41102428,刘泳言,女,二十七中,六十中学,统招,338
5580,61100825,高显慧,女,六十一中,六十中学,统招,338
5580,21100227,邢玉婷,女,五十五中,十九中学,自费,338
5586,31104830,陶金秋,男,二十五中,二十七中学,自费,337
5586,31113319,王妍,女,二十八中,二十七中学,自费,337
5586,41100213,田野,女,十中,二十七中学,自费,337
5586,41104710,孙伟,男,十六中,二十七中学,自费,337
5586,41105104,李晓晓,女,十七中,二十七中学,自费,337
5586,31107706,高音,女,一中,六中,自费,337
5586,21106114,谢春莉,女,祥阁学校,六十中学,统招,337
5586,61102819,郭宏雷,男,六十一中,六十中学,统招,337
5586,31107908,陈欣逸,男,二十八中,十一中学,统招,337
5586,31108827,艾鑫,男,二十四中,十一中学,统招,337
5586,31113601,赵明旭,男,景园中学,十一中学,统招,337
5597,21108621,刘龙潇,男,二十三中,六中,自费,336
5597,31107420,刘亮,男,景园中学,六十中学,自费,336
5597,61105008,朱曈雯,女,三十一中,六十中学,统招,336
5597,31111224,朱学良,男,三十六中,十一中学,自费,336
5597,31111826,朱行,女,三十六中,十一中学,统招,336
5597,51104022,徐淑伟,男,双榆中学,十一中学,统招,336
5597,31112508,丁明明,男,二十八中,十九中学,自费,336
5604,21104705,徐航,男,五十五中,二十七中学,自费,335
5604,21105113,郭辰,男,东三初中,六中,自费,335
5604,31100709,王璐,女,二十八中,十一中学,统招,335
5604,41100605,潘剑超,男,四十七中,十一中学,自费,335
5604,51100619,李婷玉,女,和平牧场,十一中学,统招,335
5609,51100302,佘瑛瑛,女,五十六中,二十七中学,自费,334
5609,51103802,崔赞,男,五十六中,二十七中学,自费,334
5609,21104023,金鑫,男,六中,六中,自费,334
5609,61105711,王喆,男,三十一中,六中,自费,334
5609,21105321,刘丹,女,七十九中,六十中学,统招,334
5609,31104210,柏源龙,男,二十四中,十一中学,自费,334
5609,31108815,闫立严,男,景园中学,十一中学,自费,334
5609,41103208,冉宏丽,女,二十七中,十一中学,自费,334
5617,21104428,张淼,女,二十三中,六中,自费,333
5617,21104817,倪玉龙,男,六中,六中,自费,333
5617,41104028,钟诚,男,十六中,十一中学,自费,333
5620,21101303,张爽,男,七十九中,六中,自费,332
5620,21103403,沈童,女,七十九中,六十中学,统招,332
5620,21106528,于宝龙,男,四十四中,十九中学,自费,332
5623,31112530,刘国保,男,喇镇中学,十一中学,自费,331
5623,31113926,张春宇,男,喇镇中学,十一中学,自费,331
5623,31114513,郭雪,女,三十中,十一中学,自费,331
5623,41101823,李健,男,五十九中,十一中学,自费,331
5623,51105003,纪淑龙,男,高台中学,十一中学,自费,331
5623,51100423,胡丹丹,女,五十六中,十九中学,自费,331
5629,21106508,罗斯太,男,五十五中,六十中学,统招,330
5629,41101216,张宏欣,女,六十五中,六十中学,自费,330
5629,41101615,余丹婷,女,十七中,六十中学,统招,330
5629,21104322,王姝懿,女,八中,十一中学,自费,330
5629,31100818,耿一磊,男,景园中学,十一中学,自费,330
5634,21100902,张强,男,六十九中,二十七中学,自费,329
5634,21107223,姜国鑫,男,四十四中,六十中学,统招,329
5634,31101321,韩冰,女,景园中学,六十中学,自费,329
5634,21103915,赵鑫,女,东三初中,十一中学,自费,329
5634,21107403,刘凯,男,东三初中,十一中学,自费,329
5634,31102830,陈欣嫒,女,二十四中,十一中学,自费,329
5634,31109109,陈蕾,女,一中,十一中学,自费,329
5634,31110016,赵阳,女,六十四中,十一中学,自费,329
5634,21100927,李士佳,男,六十九中,十九中学,自费,329
5634,61100316,王凯,男,十九中学,十九中学,自费,329
5634,61103708,王雪,女,五十中学,十九中学,自费,329
5645,31112203,陶冶,男,二十五中,二十七中学,自费,328
5645,21101904,崔路瑶,女,七十九中,六十中学,统招,328
5645,21105212,林艳秋,女,六十九中,十一中学,自费,328
5645,31112101,崔凯,男,景园中学,十一中学,自费,328
5645,31112528,赵婉樱,女,景园中学,十一中学,自费,328
5645,41103728,张洋,男,五十九中,十一中学,自费,328
5645,41105425,张琳,女,十中,十一中学,自费,328
5645,21109106,张可明,男,祥阁学校,十九中学,自费,328
5645,51101621,王圣楠,女,五十六中,十九中学,自费,328
5654,41105604,曹芳,女,十中,六十中学,自费,327
5654,61103527,赵洋,男,十九中学,六十中学,自费,327
5654,31102018,原龙,男,一中,十一中学,自费,327
5657,21107426,杨慧,女,八中,二十七中学,自费,326
5657,41100310,苏姮,女,十六中,二十七中学,自费,326
5657,51102811,梅庆贺,男,老山头中,二十七中学,自费,326
5657,21102303,王哲,女,东三初中,六中,自费,326
5657,41104304,余琨超,男,四十二中,六中,自费,326
5657,21101405,高维明,男,七十九中,六十中学,统招,326
5657,21107404,夏美玲,女,六十六中,六十中学,统招,326
5657,61102110,孙彬彬,男,三十一中,六十中学,统招,326
5657,61103325,张琦,女,十九中学,六十中学,统招,326
5657,21101223,刘英龙,男,二十三中,十一中学,自费,326
5657,31103705,王岩,女,喇镇中学,十一中学,自费,326
5657,41103815,夏（禹）,男,十中,十一中学,自费,326
5669,41105507,徐晓晶,女,杏树岗中,二十七中学,自费,325
5669,51102024,顾洪影,女,三十三中,二十七中学,自费,325
5669,21103216,周金龙,男,东三初中,六中,自费,325
5669,21105122,程凤岩,女,七十九中,六中,自费,325
5669,31105013,杨洋,男,二十五中,六中,自费,325
5669,51102010,程欣源,女,五十六中,六十中学,统招,325
5669,61101426,王群,女,六十一中,六十中学,统招,325
5669,31112803,李政,男,四十六中,十一中学,自费,325
5669,51102515,胡龙泉,男,三十七中,十一中学,自费,325
5669,61101203,赵凤宇,男,三十一中,十一中学,自费,325
5679,21108716,赵丽南,女,七十九中,十一中学,自费,324
5679,51101006,吴艳白,女,和平牧场,十一中学,自费,324
5681,51101125,刘律师,男,三十三中,二十七中学,自费,323
5681,21100115,王晓龙,男,二十三中,六中,自费,323
5681,21105120,时韬,男,四十四中,六中,自费,323
5681,61101404,吴格萱,女,六十一中,六十中学,自费,323
5681,61103624,李明杨,男,四十三中,六十中学,统招,323
5686,41101420,张洪涛,男,杏树岗中,二十七中学,自费,322
5686,21103202,李庆龙,男,八中,六十中学,自费,322
5686,21104202,李金凤,女,二十三中,六十中学,自费,322
5686,61103324,魏蒙,男,五十一中,六十中学,统招,322
5686,61105227,赵雪,女,三十一中,六十中学,统招,322
5691,21102814,张莹莹,女,二十三中,二十七中学,自费,320
5691,61100215,张明磊,男,六十一中,六十中学,自费,320
5691,61101817,李鹏飞,男,六十一中,六十中学,自费,320
5691,61104112,薛明,男,十九中学,六十中学,自费,320
5691,31103520,房磊,男,三十四中,十一中学,自费,320
5691,31105714,薛何平,男,四十六中,十一中学,自费,320
5691,31111615,孙志学,男,六十四中,十一中学,自费,320
5691,61101418,刘志平,男,三十一中,十九中学,自费,320
5699,41102220,张春宇,男,十六中,二十七中学,自费,319
5699,31102922,张涵,男,景园中学,十一中学,自费,319
5699,61103604,田明,男,四十九中,十一中学,自费,319
5702,41102113,赵晨,男,十中,二十七中学,自费,318
5702,31101620,马成龙,男,一中,十一中学,自费,318
5702,31102913,张中庆,男,一中,十一中学,自费,318
5702,31108927,杨爱萍,女,景园中学,十一中学,自费,318
5702,21103421,韩峥,男,五十五中,十九中学,自费,318
5707,41101608,刘琦,女,十六中,二十七中学,自费,317
5707,61104030,刘子赫,男,十九中学,十九中学,自费,317
5709,61100410,郭超越,男,五十七中,六十中学,自费,316
5709,61100705,张蕾,女,三十一中,六十中学,自费,316
5709,41101902,刘晓玲,女,十七中,十一中学,自费,316
5712,51102117,付佳,女,三十三中,二十七中学,自费,315
5712,51105616,于海龙,男,五十六中,二十七中学,自费,315
5712,61101704,张佳阳,男,四十九中,十九中学,自费,315
5715,31108729,陈超,男,喇镇中学,二十七中学,自费,314
5715,31111907,尤帅,男,二十四中,十一中学,自费,314
5715,31115603,梁晓娜,女,十一中,十一中学,自费,314
5715,41100203,樊志鹏,男,十中,十一中学,自费,314
5719,21109006,杨康,男,八中,二十七中学,自费,313
5719,51100310,鞠鹏飞,男,双榆中学,二十七中学,自费,313
5719,21108219,杜泓霏,女,十三中,六十中学,自费,313
5719,21105507,李慧,女,四十四中,十一中学,自费,313
5719,31102312,蒋心海,男,一中,十一中学,自费,313
5719,31111217,李智,男,二十五中,十一中学,自费,313
5725,21107520,王佳,女,祥阁学校,十九中学,自费,312
5726,31110228,刘宇,男,景园中学,二十七中学,自费,311
5726,41102619,商东梅,女,杏树岗中,二十七中学,自费,311
5726,21105412,韩琳,女,东三初中,六十中学,自费,311
5726,21100211,肖静雯,女,祥阁学校,十九中学,自费,311
5726,61101604,沈枭然,男,十九中学,十九中学,自费,311
5731,31114626,崔钊,男,三十六中,二十七中学,自费,310
5731,61101719,荀岳,男,卧铁中学,十一中学,自费,310
5733,21102419,李洪影,女,四十四中,二十七中学,自费,309
5733,31103611,崔迪,男,一中,二十七中学,自费,309
5733,41103020,孙杨,女,杏树岗中,二十七中学,自费,309
5733,41104712,王龙,男,十中,十九中学,自费,309
5737,21107218,王菲,女,二十一中,二十七中学,自费,308
5737,21102422,刘萌,女,二十一中,六十中学,自费,308
5737,61104207,张中禹,男,五十七中,六十中学,自费,308
5737,61101329,张兴宇,男,四十九中,十九中学,自费,308
5741,21102728,刘莹莹,女,六中,二十七中学,自费,307
5741,41105005,吴晓晨,男,十中,二十七中学,自费,307
5741,51104802,姜瑶,男,三十七中,十一中学,自费,307
5744,51104602,袁静,女,和平牧场,六十中学,自费,306
5745,21108623,梅剑南,男,二十三中,十九中学,自费,305
5746,21104926,刘超,男,六十九中,十一中学,自费,304
5746,31108522,刘龙飞,男,二十八中,十一中学,自费,304
5746,31109214,赵洋,男,二十四中,十九中学,自费,304
5749,21107021,张晓光,男,二十一中,二十七中学,自费,303
5749,51104623,郭彬,女,三十二中,二十七中学,自费,303
5749,21104824,欧阳春晖,男,祥阁学校,十九中学,自费,303
5752,51103020,李颖超,男,三十三中,二十七中学,自费,302
5752,61101026,张振宇,男,十九中学,六十中学,自费,302
5752,61101319,赵龙,男,十九中学,六十中学,自费,302
5755,21106707,高曌懿,女,五十五中,六十中学,自费,301
5755,31108604,杜天一,男,六十四中,六十中学,自费,301
5755,31112119,刘宏亮,男,三中,十九中学,自费,301
5758,61100404,李华逸,男,五十七中,六十中学,自费,300
5758,61103626,曲均洋,男,五十七中,六十中学,自费,300
5758,61105201,汤韬,男,六十一中,六十中学,自费,300
