学号,姓名,性别,考区,毕业中学,院系,班级
2008010001,张冰洁,女,四川,四川省金堂中学,建筑系,建81
2008010002,姜文婷,女,吉林,四平市实验中学,建筑系,建81
2008010003,徐若云,男,重庆,重庆市南开中学,建筑系,建81
2008010004,程玉海,男,安徽,贵池中学,建筑系,建81
2008010005,赵婧贤,女,河南,中原油田第二高级中学,建筑系,建81
2008010006,刘晓阳,女,山东,烟台开发区高级中学,建筑系,建81
2008010007,陈曦,女,云南,昆明市第一中学,建筑系,建81
2008010008,王牧洲,男,内蒙古,巴彦淖尔市中学,建筑系,建81
2008010009,崔敏,男,吉林,延边一中,建筑系,建81
2008010010,郑涛,男,湖南,湘郡中学,建筑系,建81
2008010011,茹笑岚,女,内蒙古,呼市二中,建筑系,建81
2008010012,王心怡,女,河北,秦皇岛市第一中学,建筑系,建81
2008010013,周显坤,男,广西,广西南宁市第二中学,建筑系,建81
2008010014,伍毅敏,女,湖南,雅礼中学,建筑系,建81
2008010015,覃斯之,男,湖北,华中师范大学第一附属中学,建筑系,建81
2008010016,刘傲,男,北京,北京市第四中学,建筑系,建81
2008010017,夏梦晨,女,北京,北京市第一０一中学,建筑系,建81
2008010018,邢腾,男,北京,北京师范大学附属实验中学,建筑系,建81
2008010019,郄崇霄,女,北京,北京师范大学附属实验中学,建筑系,建81
2008010020,邱丽丹,女,江苏,省锡中,建筑系,建81
2008010021,刘隆基,男,上海,上海市上海中学,建筑系,建81
2008010022,郭昊,男,天津,一中,建筑系,建81
2008010023,孙昊德,男,陕西,高新一中,建筑系,建81
2008010024,雷楠,男,广东,512018,建筑系,建81
2008010025,王逸凡,女,江西,江西师大附中,建筑系,建81
2008010026,朱一君,男,福建,莆田一中,建筑系,建81
2008010027,李明扬,男,北京,北京市第八中学,建筑系,建81
2008010028,张璋,女,北京,清华大学附属中学,建筑系,建81
2008010029,陈惠安,男,江苏,江苏省淮阴中学,建筑系,建81
2008010030,邓施莹,女,湖北,华中师范大学第一附属中学,建筑系,建81
2008010031,阴倩雯,女,海南,海南中学,建筑系,建82
2008010032,韩凌宇,男,海南,海南中学,建筑系,建82
2008010033,宗沛进,男,四川,成都市树德中学,建筑系,建82
2008010034,李宛,女,山东,定陶县二中,建筑系,建82
2008010035,马欣然,女,河北,张家口市第一中学,建筑系,建82
2008010036,杨雨霜,女,四川,彭州中学,建筑系,建82
2008010037,杨施薇,女,云南,下关一中,建筑系,建82
2008010038,刘诗晴,女,山东,枣庄三中,建筑系,建82
2008010039,张博远,男,广东,402001,建筑系,建82
2008010040,黄琦,女,湖北,武汉市第十一中学,建筑系,建82
2008010041,李蠡,男,安徽,合肥1中,建筑系,建82
2008010042,柯珂,女,湖北,湖北省仙桃中学,建筑系,建82
2008010043,楼吉昊,男,浙江,奉化中学,建筑系,建82
2008010044,赵文宁,女,辽宁,鞍山市第一中学,建筑系,建82
2008010045,李泽诚,男,河北,河北衡水中学,建筑系,建82
2008010046,李佳婧,女,北京,北京市十一学校,建筑系,建82
2008010047,赵东旭,男,北京,中国人民大学附中培训中心,建筑系,建82
2008010048,陈海江,男,江苏,江苏省木渎高级中学,建筑系,建82
2008010049,张琎,女,北京,北京市第四中学,建筑系,建82
2008010050,郑旭航,男,北京,北京市第一０一中学,建筑系,建82
2008010051,沙子岩,男,北京,北京师范大学附属实验中学,建筑系,建82
2008010052,杨柳青,女,北京,北京市朝阳区八里庄街道,建筑系,建82
2008010053,周南,女,上海,上海华东师范大学第二附属中学,建筑系,建82
2008010054,刘盾,男,湖北,华中师范大学第一附属中学,建筑系,建82
2008010055,夏文谦,男,湖南,长沙市雅礼中学,建筑系,建82
2008010056,钟佳富,男,香港,天主教崇德英文书院,建筑系,建82
2008010057,房宇巍,男,黑龙江,大庆市铁人中学,建筑系,建82
2008010058,张博,男,辽宁,本溪市高级中学,建筑系,建82
2008010059,余地,男,江西,江西师大附中,建筑系,建82
2008010060,陈安琪,女,江苏,江苏省常州高级中学,建筑系,建82
2008010061,林明信,男,海南,文昌市文昌中学,建筑系,建83
2008010062,蒋春雨,男,吉林,辽源市第五中学,建筑系,建83
2008010063,王建竹,女,天津,静海一中,建筑系,建83
2008010064,范司琪,女,湖北,武汉外国语学校,建筑系,建83
2008010065,张丙生,男,陕西,高新一中,建筑系,建83
2008010066,朱琳,女,山东,泰安一中,建筑系,建83
2008010067,张浩,女,河南,延津县一中,建筑系,建83
2008010068,田昊,男,天津,一中,建筑系,建83
2008010069,宋宁,女,辽宁,辽河油田第一高级中学,建筑系,建83
2008010070,秦李虎,男,山西,运城康杰二中(往),建筑系,建83
2008010071,李宇昂,男,湖南,长郡中学,建筑系,建83
2008010072,廖凌云,女,福建,邵武一中,建筑系,建83
2008010073,连晓刚,男,福建,惠安一中,建筑系,建83
2008010074,郑婷婷,女,贵州,道真中学,建筑系,建83
2008010075,康博雅,女,山西,太谷中学,建筑系,建83
2008010076,李荣战,男,广西,百色高级中学,建筑系,建83
2008010077,迪丽娜·努拉力,女,新疆,乌鲁木齐市一中,建筑系,建83
2008010078,胡越,男,江苏,金陵中学,建筑系,建83
2008010079,刘明轩,男,北京,北京市第八中学,建筑系,建83
2008010080,张超,男,北京,中央民族大学附属中学,建筑系,建83
2008010081,龚梦雅,女,北京,首都师范大学附属中学,建筑系,建83
2008010082,张旭,女,北京,北京市第四中学,建筑系,建83
2008010083,林炜,男,浙江,宁波市镇海中学,建筑系,建83
2008010084,吕帅,男,山东,山东省青岛第二中学,建筑系,建83
2008010085,胡双婧,女,湖南,长郡中学,建筑系,建83
2008010086,彭哲,男,湖南,雅礼中学,建筑系,建83
2008010087,王浩然,男,黑龙江,哈市师大附中,建筑系,建83
2008010088,史之骄,女,上海,上海复旦大学附属中学,建筑系,建83
2008010089,伍志桢,女,重庆,重庆市南开中学,建筑系,建83
2008010090,彭鑫,男,四川,四川省双流县中学,土木系,结81
2008010091,徐克龙,男,吉林,社会青年,土木系,结81
2008010092,张经纬,男,山东,寿光一中,土木系,结81
2008010093,陈元龙,男,重庆,重庆市第八中学,土木系,结81
2008010094,宁晓旭,男,安徽,阜阳一中,土木系,结81
2008010095,王佳祥,男,新疆,乌鲁木齐市一中,土木系,结81
2008010096,张官印,男,内蒙古,鄂尔多斯市第一中学,土木系,结81
2008010097,陈爽,女,湖北,武汉外国语学校,土木系,结81
2008010098,姜聪,男,云南,玉溪一中,土木系,结81
2008010099,曹宇龙,男,陕西,西北工业大学附中,土木系,结81
2008010100,施唯,女,辽宁,本溪市高级中学,土木系,结81
2008010101,陈航,男,湖北,华中师范大学第一附属中学,土木系,结81
2008010102,冯海龙,男,山西,徐沟中学,土木系,结81
2008010103,柯永权,男,广东,802001,土木系,结81
2008010104,林文斌,男,福建,厦门市同安一中,土木系,结81
2008010105,宫婷,女,青海,河北省中学,土木系,结81
2008010106,刘文平,男,江西,都昌县二中,土木系,结81
2008010107,吴同,男,北京,北京师范大学附属实验中学,土木系,结81
2008010108,张濛檬,女,江苏,江苏省西亭高级中学,土木系,结81
2008010109,何田丰,男,北京,首都师范大学附属中学,土木系,结81
2008010110,张欢,女,北京,北京市第四中学,土木系,结81
2008010111,朱逸文,女,福建,双十中学,土木系,结81
2008010112,王芃,男,上海,上海交通大学附属中学,土木系,结81
2008010113,邵世骏,男,北京,中国人民大学附属中学,土木系,结81
2008010114,李一昕,男,江苏,江苏省如皋中学,土木系,结81
2008010115,孙玉进,男,湖北,宜昌市夷陵中学,土木系,结81
2008010116,张灿,男,湖南,湖南省浏阳市第一中学,土木系,结81
2008010117,骆云龙,男,河北,河北衡水中学,土木系,结81
2008010118,陆啸宇,男,广西,广西柳州高级中学,土木系,结81
2008010119,柴华骏,男,浙江,金华市第一中学,土木系,结81
2008010120,王凯,男,上海,上海市大同中学,土木系,结81
2008010121,刘斌,男,黑龙江,哈市第九中学,土木系,结81
2008010122,张旭,男,甘肃,嘉峪关市一中,土木系,结82
2008010123,李梦珂,女,山东,金乡一中,土木系,结82
2008010124,黄健章,男,广东,1901007,土木系,结82
2008010125,李吉超,男,云南,云南师范大学附属中学,土木系,结82
2008010126,江浩然,男,安徽,六安市第一中学,土木系,结82
2008010127,宋晓朦,女,辽宁,大连市第二十四中学,土木系,结82
2008010128,周悟晨,男,湖北,十堰东风教育集团第一中学,土木系,结82
2008010129,陈祥祥,男,湖南,东安一中,土木系,结82
2008010130,郑艺斌,男,福建,厦门双十中学,土木系,结82
2008010131,丁鹏飞,男,山西,运城康杰二中(往),土木系,结82
2008010132,黄世亚,男,江西,江西师大附中,土木系,结82
2008010133,杜磊,男,北京,中国人民大学附属中学,土木系,结82
2008010134,徐杨菲,女,江苏,如东马塘中学,土木系,结82
2008010135,王泓杰,男,北京,北京市第二十中学,土木系,结82
2008010136,朱玺,女,北京,北京师范大学第二附属中学,土木系,结82
2008010137,陈经纬,男,江苏,江苏省宿迁中学,土木系,结82
2008010138,马原,女,北京,中国人民大学附属中学,土木系,结82
2008010139,倪国泉,男,浙江,浙江萧山中学,土木系,结82
2008010140,陈虹宇,男,重庆,重庆市南开中学校,土木系,结82
2008010141,吕超,男,四川,四川省绵阳中学,土木系,结82
2008010142,刘家名,男,河北,秦皇岛市第一中学,土木系,结82
2008010143,匡文博,男,湖南,湖南师大附中（在湖南广益实验中,土木系,结82
2008010144,徐跃进,男,江苏,江苏省如皋中学,土木系,结82
2008010145,杨皓,男,吉林,东北师大附属中学,土木系,结82
2008010146,杨馨,女,四川,四川省绵阳中学,土木系,结82
2008010147,梁硕,男,内蒙古,内蒙古赤峰市松山区红旗中学,土木系,结82
2008010148,付桐,男,北京,中国人民大学附属中学,土木系,结82
2008010149,吴守君,男,海南,海南国科园学校,土木系,结82
2008010150,闫盛枫,男,黑龙江,大庆市实验中学,土木系,结82
2008010151,王遥,男,上海,华东师范大学第二附属中学,土木系,结82
2008010152,高鹏,男,山东,淄博市第十一中学,土木系,结82
2008010153,冷彦松,男,四川,大邑中学,土木系,结83
2008010154,林俊舟,男,四川,泸州高中,土木系,结83
2008010155,邰立斌,男,河南,商城县上石桥高中,土木系,结83
2008010156,张景硕,男,甘肃,渭源县第一中学,土木系,结83
2008010157,任沛琪,女,山东,郯城县第一中学,土木系,结83
2008010158,王朝忆,女,云南,昆钢一中,土木系,结83
2008010159,汤岩楠,男,天津,一中,土木系,结83
2008010160,姜怡名,女,辽宁,大连育明高中,土木系,结83
2008010161,李伟,男,安徽,潜山二中,土木系,结83
2008010162,张渤钰,男,河北,廊坊大城县第一中学,土木系,结83
2008010163,陈富盛,男,福建,永定一中,土木系,结83
2008010164,杨帆,男,广西,柳州铁一中学,土木系,结83
2008010165,章冬杰,男,北京,中国人民大学附属中学,土木系,结83
2008010166,管悦,女,北京,北京市第八中学,土木系,结83
2008010167,管骊然,男,北京,北京市第四中学,土木系,结83
2008010168,肖星岳,女,北京,中央民族大学附属中学,土木系,结83
2008010169,拉旺,男,西藏,山东省日照第一中学,土木系,结83
2008010170,王雨阳,男,吉林,吉林省实验中学,土木系,结83
2008010171,沈琦,男,江苏,江苏省东台中学,土木系,结83
2008010172,吕品,男,湖北,黄冈中学,土木系,结83
2008010173,吴刚祥,男,湖南,湖南省长郡中学,土木系,结83
2008010174,陈理昂,男,江西,南昌十中,土木系,结83
2008010175,孔郁斐,男,江苏,江苏省泰兴中学,土木系,结83
2008010176,王一干,男,湖南,长沙市一中,土木系,结83
2008010177,张波,男,山西,山西省太原市第五中学,土木系,结83
2008010178,王庆凯,男,海南,海南省农垦中学,土木系,结83
2008010179,王浩,男,辽宁,大连市第二十四中学,土木系,结83
2008010180,罗孙一鸣,男,浙江,宁波市效实中学,土木系,结83
2008010181,陈星辰,女,江苏,江苏省淮阴中学,土木系,结83
2008010182,周逸清,男,上海,上海市西南位育中学,土木系,结83
2008010183,刘洵,男,黑龙江,哈尔滨市三中,土木系,结83
2008010184,刘鹏飞,男,河南,项城市第三高级中学,土木系,结84
2008010185,张龙,男,四川,三台芦溪中学,土木系,结84
2008010186,谭辉,男,陕西,西安铁一中,土木系,结84
2008010187,宋歌,女,甘肃,西北师大附属中学,土木系,结84
2008010188,郄毅,男,河北,邢台一中,土木系,结84
2008010189,何锐,男,重庆,重庆市巴蜀中学,土木系,结84
2008010190,周侃,男,辽宁,大连瓦房店市往届生,土木系,结84
2008010191,邹明桥,男,贵州,遵义县第一中学,土木系,结84
2008010192,刘喆,男,广东,201001,土木系,结84
2008010193,牧天,男,内蒙古,赤峰元宝山区第一中学,土木系,结84
2008010194,韩三伟,男,河北,河北正定中学,土木系,结84
2008010195,张思谋,男,宁夏,银川一中,土木系,结84
2008010196,柯建发,男,福建,厦门市同安一中,土木系,结84
2008010197,康历,男,广西,钦州市二中,土木系,结84
2008010198,张文言,男,北京,北京市通州区永乐店中学,土木系,结84
2008010199,王呈冰,女,北京,北京市密云县第二中学,土木系,结84
2008010200,蔡亚庆,女,北京,北京市第二中学,土木系,结84
2008010201,李翔宇,男,湖南,湖南省长沙麓山国际实验学校,土木系,结84
2008010202,吴越,男,江西,南昌市外国语学校,土木系,结84
2008010203,王立,男,湖北,武汉市第二中学,土木系,结84
2008010204,邢力,男,江苏,江苏省南菁高级中学,土木系,结84
2008010205,苏宇坤,男,福建,厦门双十中学,土木系,结84
2008010206,王翩翩,男,江苏,南京师范大学附属中学,土木系,结84
2008010207,刘己舟,男,北京,中国人民大学附属中学,土木系,结84
2008010208,王晓,女,山东,枣庄市第八中学,土木系,结84
2008010209,刘婷,女,浙江,金华市第一中学,土木系,结84
2008010210,陆益欣,男,浙江,绍兴县柯桥中学,土木系,结84
2008010211,韩哲,男,吉林,长春市第十一中学,土木系,结84
2008010212,徐冰,女,上海,上海交通大学附属中学,土木系,结84
2008010213,于学皓,男,黑龙江,哈尔滨市三中,土木系,结84
2008010214,李烨君,男,上海,上海市市西中学,土木系,结84
2008010215,黄勇,男,四川,新津县华润学校,水利系,水工81
2008010216,何威威,女,四川,成都市实验外国语学校（西区）,水利系,水工81
2008010217,梁国贺,男,山东,聊城一中,水利系,水工81
2008010218,全钟贤,男,吉林,延边一中,水利系,水工81
2008010219,尚文绣,女,山东,单县一中,水利系,水工81
2008010220,张文舟,男,辽宁,鞍山市第一中学,水利系,水工81
2008010221,陈俊峰,男,西藏,西藏军区八一校,水利系,水工81
2008010222,龚檬,男,浙江,宁波市镇海中学,水利系,水工81
2008010223,肖绪青,男,湖北,黄石市第二中学,水利系,水工81
2008010224,孙立涛,男,辽宁,大连市沙河口区往届生,水利系,水工81
2008010225,周敏,男,湖南,宁乡一中,水利系,水工81
2008010226,彭慧民,女,湖北,湖北省荆州中学,水利系,水工81
2008010227,王丰,男,陕西,师大附中,水利系,水工81
2008010228,黎嘉宁,男,山西,省实验中学,水利系,水工81
2008010229,田川,男,天津,新华中学,水利系,水工81
2008010230,曲小星,男,河南,偃师高级中学,水利系,水工81
2008010231,王意发,男,宁夏,长庆银川高级中学,水利系,水工81
2008010232,唐德泓,男,贵州,黔东南州民族高级中学,水利系,水工81
2008010233,刘益,男,江西,临川第一中学,水利系,水工81
2008010234,陈文创,男,福建,德化一中,水利系,水工81
2008010235,蔡加祥,男,福建,厦门市同安一中,水利系,水工81
2008010236,卓麟,男,广西,柳州地区民族高级中学,水利系,水工81
2008010237,孙烨,女,北京,中国人民大学附属中学,水利系,水工81
2008010238,宁政,男,江苏,江苏省新海高级中学,水利系,水工81
2008010239,徐擎,男,北京,北京师范大学附属实验中学,水利系,水工81
2008010240,凌虹霞,女,江苏,江苏省苏州实验中学,水利系,水工81
2008010241,谢新昕,男,北京,中国人民大学附属中学,水利系,水工81
2008010242,石天,男,黑龙江,大庆市实验中学,水利系,水工81
2008010243,张丹,女,天津,耀华中学,水利系,水工81
2008010244,王念,女,湖北,当阳市第一高级中学,水利系,水工81
2008010245,施正捷,男,浙江,温州中学,水利系,水工81
2008010246,杨文宇,男,北京,北京市第五中学,水利系,水工81
2008010247,樊新贺,男,黑龙江,大庆市实验中学,水利系,水工82
2008010248,李威,男,四川,都江堰外国语实验学校,水利系,水工82
2008010249,程国安,男,甘肃,静宁一中,水利系,水工82
2008010250,张鹏,男,吉林,德惠实验中学,水利系,水工82
2008010251,贾萌,女,山东,冠县一中,水利系,水工82
2008010252,宋昆,男,山东,齐河县第一中学,水利系,水工82
2008010253,朱政,男,辽宁,营口市高级中学,水利系,水工82
2008010254,李正博,男,安徽,六安市第一中学,水利系,水工82
2008010255,李彰,男,浙江,浙江省春晖中学,水利系,水工82
2008010256,魏江涛,男,新疆,八一中学,水利系,水工82
2008010257,陈杰,男,贵州,遵义市四中,水利系,水工82
2008010258,汪伟,男,湖北,孝昌县第一高级中学,水利系,水工82
2008010259,段亚飞,男,内蒙古,赤峰实验中学,水利系,水工82
2008010260,杜雨珊,女,湖北,湖北省武昌实验中学,水利系,水工82
2008010261,王君,女,河北,河北省唐山市第一中学,水利系,水工82
2008010262,郭艳召,男,河北,河北省唐山市遵化市第一中学,水利系,水工82
2008010263,骆鑫,男,天津,宝坻一中,水利系,水工82
2008010264,黄海,男,福建,莆田一中,水利系,水工82
2008010265,杨妙帆,女,湖南,石门县第一中学,水利系,水工82
2008010266,赵恒光,男,广西,南宁市宾阳县高级中学,水利系,水工82
2008010267,罗伟韬,男,福建,永定一中,水利系,水工82
2008010268,吴双,男,江西,鹰潭市第一中学,水利系,水工82
2008010269,白玛曲宗,女,西藏,山南地区区外高中往届毕业生,水利系,水工82
2008010270,吴天蛟,男,北京,北京师范大学附属实验中学,水利系,水工82
2008010271,格桑多吉,男,西藏,江苏省南通中学,水利系,水工82
2008010272,付博,男,北京,北京师范大学第二附属中学,水利系,水工82
2008010273,梁立昕,男,黑龙江,大庆市实验中学,水利系,水工82
2008010274,安晨歌,男,河南,河南师大附中,水利系,水工82
2008010275,何嘉权,男,广东,2001001,水利系,水工82
2008010276,李国桢,男,江苏,江苏省新海高级中学,水利系,水工82
2008010277,张露,女,江苏,江苏省启东中学,水利系,水工82
2008010278,陈靖,女,北京,北京市陈经纶中学,水利系,水工82
2008010279,刘延,男,四川,威远中学,水利系,水工83
2008010280,吕恒,男,吉林,东北师大附属中学,水利系,水工83
2008010281,刘照琛,男,重庆,重庆市南开中学,水利系,水工83
2008010282,刘星,男,河南,信阳高中,水利系,水工83
2008010283,宋良丰,男,安徽,宿城一中,水利系,水工83
2008010284,章燕喃,女,浙江,浙江省诸暨中学,水利系,水工83
2008010285,黎学优,男,广东,1224001,水利系,水工83
2008010286,包蓁,男,内蒙古,呼市二中,水利系,水工83
2008010287,童建,男,湖北,湖北省武昌实验中学,水利系,水工83
2008010288,张泽宜,男,山西,交城一中,水利系,水工83
2008010289,黄涛,男,云南,建水一中,水利系,水工83
2008010290,刘春泽,男,天津,四十五中,水利系,水工83
2008010291,程立,男,陕西,户县第一中学,水利系,水工83
2008010292,岳煜斐,女,河南,鹤壁高中（新校区）,水利系,水工83
2008010293,王铖,男,江西,吉安一中(应届),水利系,水工83
2008010294,肖鹏,男,湖南,娄底三中,水利系,水工83
2008010295,何柱,男,福建,师大附中,水利系,水工83
2008010296,葛啸,男,江苏,江苏省泗阳中学,水利系,水工83
2008010297,王莹,女,北京,北京市密云县第二中学,水利系,水工83
2008010298,黄宇峰,男,江苏,江苏省南菁高级中学,水利系,水工83
2008010299,赵俊峰,男,北京,北京市第八中学,水利系,水工83
2008010300,李学明,男,黑龙江,鹤岗市第一中学,水利系,水工83
2008010301,王腾,男,辽宁,大连育明高中,水利系,水工83
2008010302,张俊琳,男,浙江,宁波市镇海中学,水利系,水工83
2008010303,陈翔,男,青海,敦煌基地中学,水利系,水工83
2008010304,李娴婧,女,广西,广西柳州高级中学,水利系,水工83
2008010305,王瑜,女,内蒙古,通辽一中,水利系,水工83
2008010306,王晓玥,女,湖北,武汉外国语学校,水利系,水工83
2008010307,季伟强,男,新疆,实验中学,水利系,水工83
2008010308,陈贝特,男,江西,鹰潭市第一中学,水利系,水工83
2008010309,王英骁,男,北京,北京师范大学附属中学,水利系,水工83
2008010310,郭秋萍,女,海南,琼海市加积中学,环境系,环81
2008010311,彭雨薇,女,四川,德阳中学,环境系,环81
2008010312,伍金伟,男,吉林,长春市第二实验中学,环境系,环81
2008010313,宁雄,男,安徽,铜陵市第一中学,环境系,环81
2008010314,王雅娇,女,内蒙古,海拉尔市二中,环境系,环81
2008010315,常吟琳,女,云南,腾冲县第一中学,环境系,环81
2008010316,柯文伟,男,广东,802001,环境系,环81
2008010317,张倩,女,天津,油田实验,环境系,环81
2008010318,吕宝磊,男,山东,聊城一中,环境系,环81
2008010319,胡月,女,湖北,襄樊市第五中学,环境系,环81
2008010320,海日汉,男,内蒙古,锡林浩特市六中,环境系,环81
2008010321,李士翔,男,贵州,贵阳市第一中学,环境系,环81
2008010322,范仲,男,河南,固始慈济高级中学,环境系,环81
2008010323,杨晓帆,女,湖南,岳阳市十四中,环境系,环81
2008010324,汪俊,女,贵州,遵义市四中,环境系,环81
2008010325,张培,女,江西,安义中学,环境系,环81
2008010326,何银山,男,宁夏,银川市唐徕回民中学,环境系,环81
2008010327,王晓璐,女,上海,上海市久隆模范中学,环境系,环81
2008010328,黄洁馨,女,北京,北京市第四中学,环境系,环81
2008010329,俞敏,女,江苏,海安县曲塘中学,环境系,环81
2008010330,叶向阳,男,北京,北京师范大学第二附属中学,环境系,环81
2008010331,黄心锐,男,江苏,金陵中学,环境系,环81
2008010332,王佳明,男,四川,四川北川中学,环境系,环81
2008010333,黄韵清,女,浙江,宁波市镇海中学,环境系,环81
2008010334,鲍晨骏,男,上海,上海市七宝中学,环境系,环81
2008010335,张首驰,男,北京,清华大学附属中学,环境系,环81
2008010336,毛瑞琪,女,北京,清华大学附属中学,环境系,环81
2008010337,刘洋,男,天津,一中,环境系,环81
2008010338,刘雪凌,女,甘肃,兰州第一中学,环境系,环81
2008010339,周慧,女,北京,北京师范大学附属实验中学,环境系,环81
2008010340,吴羽,女,广东,,环境系,环81
2008010341,龙翔,男,四川,绵阳外国语学校,环境系,环82
2008010342,田恒,女,重庆,重庆市南开中学,环境系,环82
2008010343,孙昊天,男,黑龙江,齐市实验中学,环境系,环82
2008010344,李杨,男,山东,山东省实验中学,环境系,环82
2008010345,张博,男,新疆,阿克苏地区二中,环境系,环82
2008010346,戴春燕,女,浙江,绍兴县柯桥中学,环境系,环82
2008010347,马庆华,女,河南,中原油田第一中学,环境系,环82
2008010348,张亦驰,女,陕西,西北工业大学附中,环境系,环82
2008010349,郑括,女,湖北,华中师范大学第一附属中学,环境系,环82
2008010350,陈冠华,男,湖北,襄樊市第五中学,环境系,环82
2008010351,侯雷,男,辽宁,凤城市第一中学,环境系,环82
2008010352,尹倩,女,天津,杨村一中,环境系,环82
2008010353,何正旭,女,贵州,都匀市一中,环境系,环82
2008010354,龙晓东,男,山西,清徐中学,环境系,环82
2008010355,赵洁,女,青海,敦煌基地中学,环境系,环82
2008010356,黄黛诗,女,福建,南安一中,环境系,环82
2008010357,张驰,女,广西,北海市北海中学,环境系,环82
2008010358,张丹,女,江苏,高淳高级中学,环境系,环82
2008010359,杨天,女,北京,北京师范大学附属实验中学,环境系,环82
2008010360,史文博,男,北京,中国人民大学附中培训中心,环境系,环82
2008010361,洪朝鹏,男,福建,晋江养正中学,环境系,环82
2008010362,周伟,男,陕西,西安铁一中,环境系,环82
2008010363,陈靓,女,四川,成都市第七中学,环境系,环82
2008010364,陈昕遥,男,江苏,南师大附中,环境系,环82
2008010365,余祎,女,北京,北京市十一学校,环境系,环82
2008010366,云昀,女,吉林,东北师大附属中学,环境系,环82
2008010367,邬慧婷,女,广东,303021,环境系,环82
2008010368,黄泳锋,男,广东,2001001,环境系,环82
2008010369,朱李强,男,上海,奉贤中学,环境系,环82
2008010370,朱迪,女,北京,清华大学附属中学,环境系,环82
2008010371,车晗,男,北京,北京师范大学附属实验中学,环境系,环82
2008010372,丑赛,女,海南,海南中学,环境系,环83
2008010373,谢延骅,女,四川,成都市第七中学,环境系,环83
2008010374,刘翼飞,女,四川,蒲江中学,环境系,环83
2008010375,庄林岚,女,天津,静海一中,环境系,环83
2008010376,黄睿昆,男,四川,什邡中学,环境系,环83
2008010377,鞠传伦,男,山东,泰安英雄山中学,环境系,环83
2008010378,丁一,女,浙江,嵊州中学,环境系,环83
2008010379,戚圣琦,男,浙江,浙江省春晖中学,环境系,环83
2008010380,向熙,女,云南,下关一中,环境系,环83
2008010382,吴林蔚,女,湖南,衡阳县一中,环境系,环83
2008010383,杨宁,男,辽宁,建昌一高中,环境系,环83
2008010384,岳淏伟,男,湖南,邵阳市一中,环境系,环83
2008010385,张丽捷,女,福建,三明一中,环境系,环83
2008010386,江永楷,男,江西,都昌县一中,环境系,环83
2008010387,高桑妮,女,北京,北京师范大学附属实验中学,环境系,环83
2008010388,王晓翔,男,北京,中国人民大学附属中学,环境系,环83
2008010389,孙硕,女,河北,石家庄市第二中学,环境系,环83
2008010390,原佩琪,女,澳门,劳工子弟学校,环境系,环83
2008010391,张奕辰,男,上海,上海市格致中学,环境系,环83
2008010392,杨超,男,山西,山大附中,环境系,环83
2008010393,冯媛媛,女,江苏,如皋中学,环境系,环83
2008010394,周丹,女,北京,北京市通州区潞河中学,环境系,环83
2008010395,李晴,女,黑龙江,大庆市铁人中学,环境系,环83
2008010396,杨婷,女,甘肃,兰化中小学总校一中,环境系,环83
2008010397,方舟,男,北京,首都师范大学附属中学,环境系,环83
2008010398,路平,女,河南,河南省实验中学,环境系,环83
2008010399,朱剑锋,男,上海,浦东外国语学校,环境系,环83
2008010400,邹素瑶,女,广东,,环境系,环83
2008010401,尤鑫,男,陕西,西安铁一中国际学校,环境系,环83
2008010402,彭博,男,广东,304004,环境系,环83
2008010403,欧阳良琦,男,四川,乐山一中,机械系,机械81
2008010404,孙海涛,男,黑龙江,阿城市第一中学,机械系,机械81
2008010405,朱天辉,男,吉林,松原市实验高中,机械系,机械81
2008010406,贺阿亚达,男,甘肃,张掖中学,机械系,机械81
2008010407,王念,男,河南,漯河高级中学,机械系,机械81
2008010408,董超,男,安徽,肥西中学,机械系,机械81
2008010409,何程,男,湖北,随州市第二中学,机械系,机械81
2008010410,艾厚望,男,辽宁,本溪市高级中学,机械系,机械81
2008010411,陈觅凯,男,浙江,慈溪中学,机械系,机械81
2008010412,林路禅,男,湖北,钟祥市第一中学,机械系,机械81
2008010413,杨明昆,男,云南,香格里拉县第五中学,机械系,机械81
2008010414,要亚坤,男,河北,河北衡水中学,机械系,机械81
2008010415,郭力,男,贵州,兴义市八中,机械系,机械81
2008010416,曾锦乐,男,广东,1901001,机械系,机械81
2008010417,许星星,男,江西,鄱阳县私立饶州中学,机械系,机械81
2008010418,欧阳礼亮,男,江西,万载中学,机械系,机械81
2008010419,臧振,男,青海,河北省中学,机械系,机械81
2008010420,张颖川,男,北京,北京大学附属中学,机械系,机械81
2008010421,任崇宇,男,北京,北京市通州区潞河中学,机械系,机械81
2008010422,邢耀淇,男,江苏,如东高级中学,机械系,机械81
2008010423,王兆焜,男,北京,北京大学附属中学,机械系,机械81
2008010424,黄程保,男,海南,海南省农垦中学,机械系,机械81
2008010425,张帆,女,山西,山大附中,机械系,机械81
2008010426,吴骏巍,男,浙江,绍兴市第一中学,机械系,机械81
2008010427,曹杨晓璐,女,新疆,乌鲁木齐市一中,机械系,机械81
2008010428,张傲南,男,北京,中国人民大学附属中学,机械系,机械81
2008010429,原文祯,女,山东,青岛开发区第一中学,机械系,机械81
2008010430,高云霆,男,辽宁,大连第八中学,机械系,机械81
2008010431,周骏汇,男,上海,上海市南洋中学,机械系,机械81
2008010432,靳宇,男,山西,太原五中,机械系,机械81
2008010433,张唯一,男,北京,北京景山学校,机械系,机械81
2008010434,王涛,男,辽宁,本溪市高级中学,机械系,机械81
2008010435,吴健,男,四川,遂宁中学,机械系,机械82
2008010436,赵严,男,黑龙江,哈市师大附中,机械系,机械82
2008010437,孙欢欢,男,山东,山东省平度第一中学,机械系,机械82
2008010438,纪飞,男,天津,新华中学,机械系,机械82
2008010439,司广涛,男,河南,新郑一中分校,机械系,机械82
2008010440,王兴旻,男,重庆,重庆市南开中学,机械系,机械82
2008010441,汪力骁,男,浙江,金华市第一中学,机械系,机械82
2008010442,任桥,男,陕西,高新一中,机械系,机械82
2008010443,朱文睿,男,湖北,武汉市第一中学,机械系,机械82
2008010444,马韬,男,内蒙古,赤峰二中,机械系,机械82
2008010445,杜长远,男,辽宁,大连市第二十四中学,机械系,机械82
2008010446,汤杰,男,湖南,湘一,机械系,机械82
2008010447,陈子砚,女,广东,201002,机械系,机械82
2008010448,李晓阳,男,山西,忻州希望中学(往),机械系,机械82
2008010449,梁锟锟,男,宁夏,宁夏六盘山高级中学,机械系,机械82
2008010450,李艳军,男,江西,樟树中学,机械系,机械82
2008010451,黄逍遥,男,广西,广西柳州高级中学,机械系,机械82
2008010452,贾津耀,男,北京,北京市第八中学,机械系,机械82
2008010453,邓子贤,男,北京,中央民族大学附属中学,机械系,机械82
2008010454,周文武,男,江苏,江苏省东海高级中学,机械系,机械82
2008010455,张芃,男,北京,北方交通大学附属中学,机械系,机械82
2008010456,岳姗,女,江苏,江苏省淮阴中学,机械系,机械82
2008010457,董佳鑫,男,吉林,东北师大附中,机械系,机械82
2008010458,张心弘,男,江苏,江苏省启东中学,机械系,机械82
2008010459,戚翔,男,甘肃,兰州第一中学,机械系,机械82
2008010460,蒙亚龙,男,贵州,贵州省贵阳市第一中学,机械系,机械82
2008010461,卢泽西,男,辽宁,东北育才,机械系,机械82
2008010462,邵一桓,男,浙江,嵊州中学,机械系,机械82
2008010463,彭存远,男,北京,北京汇文中学,机械系,机械82
2008010464,李凯龙,男,辽宁,本溪市高级中学,机械系,机械82
2008010465,汪陈跃,男,安徽,宁国中学,机械系,机械82
2008010466,刘骁,男,吉林,社会青年,机械系,机械83
2008010467,张睿善,男,甘肃,民乐县第一中学,机械系,机械83
2008010468,龙江游,男,云南,昆明市第十二中学,机械系,机械83
2008010469,邓炜兴,男,浙江,浙江省龙游中学,机械系,机械83
2008010470,李轶非,男,湖北,襄樊市第五中学,机械系,机械83
2008010471,薛韵然,女,广东,606003,机械系,机械83
2008010472,宋晓明,男,贵州,汇川区高坪中学,机械系,机械83
2008010473,王盛曦,男,内蒙古,天山一中,机械系,机械83
2008010474,张祎嵩,男,河北,河北衡水中学,机械系,机械83
2008010475,冯岗,男,山西,阳泉冠盛教培中心,机械系,机械83
2008010476,刘江瑾,男,湖南,株洲市二中,机械系,机械83
2008010477,周诗颖,女,福建,厦门双十中学,机械系,机械83
2008010478,黄纪丰,男,江西,九江市一中,机械系,机械83
2008010479,张泽明,男,广西,桂林市桂林中学,机械系,机械83
2008010480,孙林根,男,江苏,江苏省海安高级中学,机械系,机械83
2008010481,付宏昌,男,北京,北京市密云县第二中学,机械系,机械83
2008010482,罗昊昆,男,北京,北京市第二中学,机械系,机械83
2008010483,赵熹,男,甘肃,兰州第一中学,机械系,机械83
2008010484,杨奇,男,浙江,杭州市第二中学,机械系,机械83
2008010485,何雨晨,男,江苏,江苏省扬中高级中学,机械系,机械83
2008010486,王宏伟,男,山东,滕州市第一中学新校,机械系,机械83
2008010487,尹航,男,北京,北京市第四中学,机械系,机械83
2008010488,闫文韬,男,河南,河南省实验中学,机械系,机械83
2008010489,崔盛辉,男,吉林,河南省实验中学,机械系,机械83
2008010490,龚铭,男,江西,江西省景德镇市第一中学,机械系,机械83
2008010491,孙鹏展,男,辽宁,辽宁省本溪市高级中学,机械系,机械83
2008010492,肖乾坤,男,新疆,兵团二中,机械系,机械83
2008010493,刘一凡,男,上海,华东师范大学第二附属中学,机械系,机械83
2008010494,孙杰,男,北京,北京市密云县第二中学,机械系,机械83
2008010495,孙振宁,男,辽宁,本溪市高级中学,机械系,机械83
2008010496,高雨浩,男,四川,沫若中学,精仪系,精81
2008010497,刘慧,女,四川,简阳市简阳中学,精仪系,精81
2008010498,苗天时,男,吉林,桦甸社会青年,精仪系,精81
2008010499,王士锋,男,黑龙江,双城市兆麟中学,精仪系,精81
2008010500,马晓堃,男,新疆,奎屯市第一高级中学,精仪系,精81
2008010501,宋璟,男,甘肃,天水市第一中学,精仪系,精81
2008010502,乔明,男,内蒙古,鄂尔多斯市第一中学,精仪系,精81
2008010503,孔惠东,男,浙江,浙江省磐安中学,精仪系,精81
2008010504,吴洋,男,湖北,武汉外国语学校,精仪系,精81
2008010505,卫超,男,陕西,西安远东一中,精仪系,精81
2008010506,戴晓霖,男,安徽,宿城一中,精仪系,精81
2008010507,韩笑傲,男,天津,实验中学,精仪系,精81
2008010508,曾新,男,云南,个旧市第一中学,精仪系,精81
2008010509,刘畅,男,河北,廊坊三河市第一中学,精仪系,精81
2008010510,尹亚江,男,河南,济源市第一中学,精仪系,精81
2008010511,阙辉星,男,福建,古田县一中,精仪系,精81
2008010512,蓝丽娟,女,福建,晋江子江中学,精仪系,精81
2008010513,宋涛,男,湖南,雅礼中学,精仪系,精81
2008010514,黄超,男,江西,婺源县天佑中学,精仪系,精81
2008010515,李忆南,男,北京,中国人民大学附属中学,精仪系,精81
2008010516,蔡星星,男,江苏,盐城中学,精仪系,精81
2008010517,戴辰晨,男,北京,北京市第四中学,精仪系,精81
2008010518,艾厚溥,男,北京,北京师范大学附属实验中学,精仪系,精81
2008010519,刘蔚然,女,北京,北京师范大学附属实验中学,精仪系,精81
2008010520,马冬晗,女,辽宁,大连育明高中,精仪系,精81
2008010521,张静娴,女,新疆,乌鲁木齐市一中,精仪系,精81
2008010522,邢冰,男,山西,省实验中学,精仪系,精81
2008010523,谢佳柏,男,海南,海南中学,精仪系,精81
2008010524,吴志宏,男,广东,513065,精仪系,精81
2008010525,樊稳婧,女,河南,项城市第一高级中学,精仪系,精81
2008010526,刘畅流,女,上海,华东师范大学第二附属中学,精仪系,精81
2008010527,张祎,男,北京,北京市第一０一中学,精仪系,精81
2008010528,林杰,男,吉林,社会,精仪系,精82
2008010529,王观,男,辽宁,辽宁省实验中学中外友好合作学校,精仪系,精82
2008010530,刘倚瑞,男,重庆,重庆市巴蜀中学,精仪系,精82
2008010531,王京,男,陕西,西北工业大学附中,精仪系,精82
2008010532,周坤,男,安徽,涡阳一中,精仪系,精82
2008010533,王珏,男,湖北,华中师范大学第一附属中学,精仪系,精82
2008010534,曹明路,女,湖北,宜昌市第一中学,精仪系,精82
2008010535,蔡暻煊,男,云南,澜沧一中,精仪系,精82
2008010536,王家蕊,女,云南,腾冲县第一中学,精仪系,精82
2008010537,常双凯,男,河南,灵宝一高,精仪系,精82
2008010538,段传凯,男,山西,灵石招办（往）,精仪系,精82
2008010539,刘小斌,男,福建,泉州第七中学,精仪系,精82
2008010540,庞祖富,男,广西,浦北中学,精仪系,精82
2008010541,熊桦,男,江西,宜丰中学,精仪系,精82
2008010542,王峤,男,北京,北京市十一学校,精仪系,精82
2008010543,于维旸,女,北京,北京师范大学附属实验中学,精仪系,精82
2008010544,张全胜,男,北京,北京师范大学良乡附属中学,精仪系,精82
2008010545,迪力夏提·艾海提,男,新疆,上海市七宝中学,精仪系,精82
2008010546,王超,女,新疆,乌鲁木齐市一中,精仪系,精82
2008010547,金毅,男,浙江,杭州市学军中学,精仪系,精82
2008010548,王帆,男,天津,南开中学,精仪系,精82
2008010549,赵伟斯,男,北京,北京市一零一中学,精仪系,精82
2008010550,王天宇,男,黑龙江,大庆铁人中学,精仪系,精82
2008010551,曾鹤翔,男,江苏,金陵中学,精仪系,精82
2008010552,颜学术,男,湖南,湖南师范大学附属中学(广益）,精仪系,精82
2008010553,梁梅,女,吉林,延边一中,精仪系,精82
2008010554,马希民,男,甘肃,西北师大附属中学,精仪系,精82
2008010555,宓璐娜,女,福建,厦门双十中学,精仪系,精82
2008010556,赵宇坤,男,山西,太原五中,精仪系,精82
2008010557,谢溢,男,四川,成都市外国语学校,精仪系,精82
2008010558,胡世煜,女,上海,上海市晋元高级中学,精仪系,精82
2008010559,张瀚,男,北京,中国人民大学附属中学,精仪系,精82
2008010560,杜念通,男,西藏,拉萨市区外高中应届毕业生,精仪系,精83
2008010561,裘园,男,浙江,临安於潜中学,精仪系,精83
2008010562,林广川,男,广东,604001,精仪系,精83
2008010563,王伟,女,山东,东营胜利第二中学,精仪系,精83
2008010564,付翱,男,湖北,当阳市第一高级中学,精仪系,精83
2008010565,郁文卓,男,辽宁,盘锦市高级中学,精仪系,精83
2008010566,杨子宁,男,内蒙古,包钢一中,精仪系,精83
2008010567,赵拯,男,山西,运城康杰二中(往),精仪系,精83
2008010568,刘玄烨,男,贵州,贵州师大附中,精仪系,精83
2008010569,彭一波,男,湖南,花垣县招生办,精仪系,精83
2008010570,魏有毅,男,青海,湟中一中,精仪系,精83
2008010571,王琼,女,上海,上海市文来中学,精仪系,精83
2008010572,张若凡,女,北京,清华大学附属中学,精仪系,精83
2008010573,董驰宇,男,北京,中国人民大学附属中学,精仪系,精83
2008010574,周晓桐,男,北京,北京市第十二中学,精仪系,精83
2008010575,柳叶,女,西藏,陕西省西安市第八十三中学,精仪系,精83
2008010576,罗瑞琨,男,吉林,东北师大附属中学,精仪系,精83
2008010577,陆正茂,男,安徽,安庆一中,精仪系,精83
2008010578,陈志豪,男,澳门,培道中学,精仪系,精83
2008010579,刘泽良,男,江西,新余市第一中学,精仪系,精83
2008010580,马天翼,男,北京,中国人民大学附属中学,精仪系,精83
2008010581,彭智轩,男,四川,四川省绵阳南山中学,精仪系,精83
2008010582,鲁超,男,天津,一中,精仪系,精83
2008010583,鲍重曦,男,陕西,西北工业大学附中,精仪系,精83
2008010584,吴越龙,男,浙江,杭州市第二中学,精仪系,精83
2008010585,鲍琦芳,女,湖北,武汉外国语学校,精仪系,精83
2008010586,谢锦宇,男,福建,上杭一中,精仪系,精83
2008010587,夏天,女,江苏,江苏省常州高级中学,精仪系,精83
2008010588,董恺琛,男,黑龙江,哈市师大附中,精仪系,精83
2008010589,覃冠杰,男,广西,柳州地区民族高级中学,精仪系,精83
2008010590,国浩,男,北京,北京市西城区教育考试中心高招办,精仪系,精83
2008010591,曹军,男,四川,崇州市崇庆中学,精仪系,精84
2008010592,王帅钦,男,甘肃,平凉一中,精仪系,精84
2008010593,瞿显俊,男,浙江,温岭中学,精仪系,精84
2008010594,叶良琛,男,安徽,淮南二中,精仪系,精84
2008010595,经昊达,男,辽宁,沈阳市第一二0中学,精仪系,精84
2008010596,邓新翱,男,湖北,湖北省监利县第一中学,精仪系,精84
2008010597,李耿,男,内蒙古,包头市九中,精仪系,精84
2008010598,赵鹏飞,男,西藏,林芝地区区外高中应届毕业生,精仪系,精84
2008010599,王森,男,河北,河北衡水中学,精仪系,精84
2008010600,连堃波,男,福建,德化一中,精仪系,精84
2008010601,黄凯,男,贵州,铜仁一中,精仪系,精84
2008010602,颜学之,男,湖南,娄底三中,精仪系,精84
2008010603,秦爽,男,宁夏,银川市唐徕回民中学,精仪系,精84
2008010604,杨欢欢,女,湖南,长沙雅礼寄宿制中学,精仪系,精84
2008010605,沈罗丰,男,江西,九江市一中,精仪系,精84
2008010606,周蕾,女,北京,北方交通大学附属中学,精仪系,精84
2008010607,严可逸,男,江苏,江苏省常州高级中学,精仪系,精84
2008010608,赵明远,男,北京,北京市第四中学,精仪系,精84
2008010609,蒋汇,男,北京,清华大学附属中学,精仪系,精84
2008010610,郭隆祥,男,北京,中国人民大学附属中学,精仪系,精84
2008010611,乐心怡,女,上海,上海市大同中学,精仪系,精84
2008010612,贾倩,女,青海,青海师范大学附属中学,精仪系,精84
2008010613,蔡峥,男,海南,海南中学,精仪系,精84
2008010614,吴昊禹,男,吉林,东北师大附属中学,精仪系,精84
2008010615,赵慧婵,女,山东,山东省实验中学,精仪系,精84
2008010616,晋鹏翔,男,山西,山大附中,精仪系,精84
2008010617,杨琳琳,女,江苏,江苏省海门中学,精仪系,精84
2008010618,李莹莹,女,北京,北京师范大学附属实验中学,精仪系,精84
2008010619,陈国峰,男,山东,寿光现代中学,精仪系,精84
2008010620,张煦,男,广东,304004,精仪系,精84
2008010621,井泽佳,男,北京,北京市第四中学,精仪系,精84
2008010622,罗治福,男,甘肃,甘肃省武威第一中学,精仪系,精85
2008010623,李杨,男,甘肃,张掖市第二中学,精仪系,精85
2008010624,辛宇鹏,男,内蒙古,杭锦后旗奋斗中学,精仪系,精85
2008010625,郭伟,男,内蒙古,锦山中学,精仪系,精85
2008010626,闵夫,男,湖北,仙桃市第八中学,精仪系,精85
2008010627,李晶,男,云南,曲靖市第一中学,精仪系,精85
2008010628,王超,男,贵州,遵义县第一中学,精仪系,精85
2008010629,刘东,男,云南,普洱中学,精仪系,精85
2008010630,张金海,男,河北,衡水市景县中学,精仪系,精85
2008010631,赵宇伟,男,河北,保定市曲阳县第一中学,精仪系,精85
2008010632,许剑,男,河北,河北衡水中学,精仪系,精85
2008010633,刘贤,男,贵州,盘县二中,精仪系,精85
2008010634,张丹,男,山西,忻州一中,精仪系,精85
2008010635,韩斌,男,山西,省实验中学,精仪系,精85
2008010636,李静龙,男,山西,长治市二中(应),精仪系,精85
2008010637,李思维,女,山西,太原五中,精仪系,精85
2008010638,杨明耀,男,云南,腾冲县第一中学,精仪系,精85
2008010639,张智,男,江西,安义中学,精仪系,精85
2008010640,陈小猛,男,福建,泉州第七中学,精仪系,精85
2008010641,丘健骢,男,江西,赣州一中(应届),精仪系,精85
2008010642,王猛,男,河南,睢县高级中学,精仪系,精85
2008010643,李临春,男,江西,临川第二中学往届,精仪系,精85
2008010644,宋秋,男,河南,罗山高中,精仪系,精85
2008010645,丁武文,男,黑龙江,宝清县第二高级中学,精仪系,精85
2008010646,宋明亮,男,黑龙江,鸡西市第一中学,精仪系,精85
2008010647,魏继卿,男,河北,衡水市冀州市中学1,精仪系,精85
2008010648,田源木,男,河北,保定市易县中学,精仪系,精85
2008010649,宋保江,男,黑龙江,牡丹江市第一中学,精仪系,精85
2008010650,许梦莹,女,四川,凉山民中,热能系,热动81
2008010651,张琦,男,河南,长葛市一高,热能系,热动81
2008010652,尹华亮,男,黑龙江,哈市师大附中,热能系,热动81
2008010653,鲁伟,男,甘肃,永登县第一中学,热能系,热动81
2008010654,朱余乐,男,安徽,滁州中学,热能系,热动81
2008010655,王佳男,男,浙江,杭州二中树兰实验学校,热能系,热动81
2008010656,陆未央,男,广西,玉林高中,热能系,热动81
2008010657,刘志刚,男,湖北,潜江市南浦高级中学,热能系,热动81
2008010658,李雨铮,男,内蒙古,赤峰元宝山区第一中学,热能系,热动81
2008010659,陈阳,男,河北,河北衡水中学,热能系,热动81
2008010660,黄俊峰,男,福建,长汀一中,热能系,热动81
2008010661,黄骞,男,江西,资溪县第一中学,热能系,热动81
2008010662,衡思江,男,青海,湟川中学,热能系,热动81
2008010663,郭政,男,北京,北京师范大学附属实验中学,热能系,热动81
2008010664,赵年珅,男,天津,实验中学,热能系,热动81
2008010665,苟金澜,男,重庆,重庆市巴蜀中学,热能系,热动81
2008010666,景李玥,男,陕西,西安铁一中,热能系,热动81
2008010667,赵夕炜,男,新疆,八一中学,热能系,热动81
2008010668,崔含章,女,天津,南开中学,热能系,热动81
2008010669,洪嘉驹,男,辽宁,铁岭市高级中学,热能系,热动81
2008010670,林菁,男,广东,105002,热能系,热动81
2008010671,于岑宁,女,上海,上海市七宝中学,热能系,热动81
2008010672,高骏,男,江苏,江苏省南菁高级中学,热能系,热动81
2008010673,李卓群,男,吉林,东北师大附属中学,热能系,热动81
2008010674,刘聪,男,山东,莱芜一中,热能系,热动81
2008010675,王吉,男,山西,长治太行中学(应),热能系,热动81
2008010676,赵一飞,男,北京,北京师范大学附属实验中学,热能系,热动81
2008010677,耿嘉,男,北京,北京市第十二中学,热能系,热动81
2008010678,束光阳子,女,江苏,江苏省苏州中学,热能系,热动81
2008010679,李俊浩,男,湖北,襄樊市第五中学,热能系,热动81
2008010680,朱柳,男,湖南,宁乡一中,热能系,热动81
2008010681,王旭,男,辽宁,大连瓦房店市往届生,热能系,热动81
2008010682,李荐鹤,男,海南,海南中学,热能系,热动82
2008010683,向杰,男,四川,四川省双流县棠湖中学,热能系,热动82
2008010684,王旭东,男,黑龙江,哈尔滨市三中,热能系,热动82
2008010685,徐超,男,浙江,浙江省东阳中学,热能系,热动82
2008010686,谈鹏,男,安徽,芜湖市第一中学,热能系,热动82
2008010687,王飞彪,男,山西,阳泉荫营中学,热能系,热动82
2008010688,李博,男,湖北,华中师范大学第一附属中学,热能系,热动82
2008010689,戴晓业,男,山东,青岛市崂山区第一中学,热能系,热动82
2008010690,王雨晴,女,河北,河北衡水中学,热能系,热动82
2008010691,朱红玉,女,贵州,思南中学,热能系,热动82
2008010692,林立,男,福建,莆田华侨中学,热能系,热动82
2008010693,胡康涛,男,湖南,涟源市一中,热能系,热动82
2008010694,周博,男,宁夏,银川九中,热能系,热动82
2008010695,程芮,男,北京,北京市第四中学,热能系,热动82
2008010696,高芃,男,北京,北京师范大学第二附属中学,热能系,热动82
2008010697,丁杰,男,上海,上海市晋元高级中学,热能系,热动82
2008010698,汪佩宁,男,甘肃,甘肃省会宁县第二中学,热能系,热动82
2008010699,刘江帆,男,陕西,西北工业大学附中,热能系,热动82
2008010700,高扬,男,天津,一中,热能系,热动82
2008010701,鲁睿,男,新疆,乌鲁木齐市一中,热能系,热动82
2008010702,王冠宇,男,内蒙古,鄂尔多斯市第一中学,热能系,热动82
2008010703,张志,男,江苏,南师大附中,热能系,热动82
2008010704,包光宇,男,辽宁,本溪市高级中学,热能系,热动82
2008010705,曹驰,男,湖北,华中师范大学第一附属中学,热能系,热动82
2008010706,朱昕予,男,广东,104032,热能系,热动82
2008010707,朱泓逻,女,上海,上海复旦大学附属中学,热能系,热动82
2008010708,沈毅,男,北京,清华大学附属中学,热能系,热动82
2008010709,党相懿,男,山东,滕州市第一中学,热能系,热动82
2008010710,李德旺,男,辽宁,辽河油田第一高级中学,热能系,热动82
2008010711,谭珂,男,湖南,湘潭县一中,热能系,热动82
2008010712,李瑞,男,山西,太谷荣新高考复习,热能系,热动82
2008010713,吴碧芬,女,福建,泉州第七中学,热能系,热动82
2008010714,王中伟,男,黑龙江,哈市师大附中,热能系,热动83
2008010715,王路遥,男,吉林,松原市职业高中,热能系,热动83
2008010716,刘志,男,天津,宝坻一中,热能系,热动83
2008010717,许开龙,男,甘肃,民勤县第一中学,热能系,热动83
2008010718,吴仪,男,重庆,重庆市南开中学,热能系,热动83
2008010719,刘文巍,男,陕西,高新一中,热能系,热动83
2008010720,蔡畅,男,广东,512018,热能系,热动83
2008010721,许霖杰,男,浙江,浙江省湖州中学,热能系,热动83
2008010722,赵艺博,男,河南,开封高中,热能系,热动83
2008010723,陈申,男,湖北,嘉鱼县第一中学,热能系,热动83
2008010724,王阳,男,河北,邯郸市第一中学,热能系,热动83
2008010725,周承川,男,内蒙古,包头市九中,热能系,热动83
2008010726,陈哲文,男,湖南,桃江县一中,热能系,热动83
2008010727,李威,男,青海,湟川中学,热能系,热动83
2008010728,黄乾泽,男,广西,梧州高级中学,热能系,热动83
2008010729,帅大平,男,江西,抚州一中往届,热能系,热动83
2008010730,肖遥,男,北京,北京市东直门中学,热能系,热动83
2008010731,易志成,男,新疆,苏州新区第一中学,热能系,热动83
2008010732,周栋梁,男,江苏,江苏省通州高级中学,热能系,热动83
2008010733,石瑞,男,山西,山大附中,热能系,热动83
2008010734,邱航,男,山东,牟平一中,热能系,热动83
2008010735,尹健竹,男,辽宁,大连市第二十四中学,热能系,热动83
2008010736,周滢垭,女,上海,上海市七宝中学,热能系,热动83
2008010737,任霄,男,江苏,江苏省淮阴中学,热能系,热动83
2008010738,毕纤云,女,江苏,江苏省苏州中学,热能系,热动83
2008010739,赵然,男,新疆,乌鲁木齐市七十中,热能系,热动83
2008010740,李晓璐,女,云南,云南师范大学附属中学,热能系,热动83
2008010741,宋阳,男,北京,中国人民大学附属中学,热能系,热动83
2008010742,张丽,女,山东,诸城繁华中学,热能系,热动83
2008010743,黎晨,男,湖北,荆门市龙泉中学,热能系,热动83
2008010744,王晓杰,男,安徽,168中学补习学校,热能系,热动83
2008010745,郑文涛,男,辽宁,本溪市高级中学,热能系,热动83
2008010746,王迪,男,吉林,九台一中,汽车系,汽81
2008010747,李昕晏,男,吉林,敦化实验中学,汽车系,汽81
2008010748,宋筱萱,女,黑龙江,佳木斯第一中学,汽车系,汽81
2008010749,徐成,男,湖北,武汉市江夏区第一中学,汽车系,汽81
2008010750,张仲石,男,辽宁,鞍山市第一中学,汽车系,汽81
2008010751,冯纤云,女,广东,608002,汽车系,汽81
2008010752,霍舒豪,男,广东,604001,汽车系,汽81
2008010753,刘徐,男,湖北,黄梅一中,汽车系,汽81
2008010754,张晓斌,男,河南,河南省淮阳中学,汽车系,汽81
2008010755,奇杨,男,内蒙古,鄂尔多斯市第一中学,汽车系,汽81
2008010756,代向升,男,河北,承德市第一中学,汽车系,汽81
2008010757,杨腾飞,男,江西,鹰潭市贵溪市第一中学,汽车系,汽81
2008010758,钟晨,男,福建,武平一中,汽车系,汽81
2008010759,丁永前,男,湖南,桃江县一中,汽车系,汽81
2008010760,黄思源,男,广西,广西柳州高级中学,汽车系,汽81
2008010761,程思亮,男,江西,婺源县天佑中学,汽车系,汽81
2008010762,曹卉,女,上海,上海市七宝中学,汽车系,汽81
2008010763,蒋一洲,男,江苏,白蒲中学,汽车系,汽81
2008010764,李绅,男,北京,北京市第二中学,汽车系,汽81
2008010765,唐宇,男,北京,中国人民大学附属中学,汽车系,汽81
2008010766,胡骏明,男,江苏,江苏省前黄高级中学,汽车系,汽81
2008010767,章博文,男,陕西,高新一中,汽车系,汽81
2008010768,许家晨,男,河北,石家庄市第二中学,汽车系,汽81
2008010769,陈植,男,广西,广西柳州高级中学,汽车系,汽81
2008010770,唐宇寰,女,北京,北京市十一学校,汽车系,汽81
2008010771,韩子石,男,北京,中国人民大学附属中学,汽车系,汽81
2008010772,吕连杰,男,浙江,奉化中学,汽车系,汽81
2008010773,陈俊,男,云南,昭通市第一中学,汽车系,汽81
2008010774,吴骥玮,男,北京,北京师范大学第二附属中学,汽车系,汽81
2008010775,杨磊,男,四川,川兴中学,汽车系,汽81
2008010776,陈晓琦,男,天津,南开中学,汽车系,汽82
2008010777,刘劼勋,男,吉林,松原市实验高中,汽车系,汽82
2008010778,李欢,男,重庆,重庆市第八中学,汽车系,汽82
2008010779,张尧,男,山东,莘县教育培训中心,汽车系,汽82
2008010780,张放,男,辽宁,北镇市第一高中,汽车系,汽82
2008010781,俞佳莹,女,浙江,嵊州市第一中学,汽车系,汽82
2008010782,李尚司,男,广东,982001,汽车系,汽82
2008010783,杜磊,男,安徽,怀远一中,汽车系,汽82
2008010784,朱俊儿,男,浙江,浙江省湖州中学,汽车系,汽82
2008010785,林亦律,男,陕西,西安交通大学附中,汽车系,汽82
2008010786,曹东晓,男,河北,河北衡水中学,汽车系,汽82
2008010787,罗梦,男,湖北,随州市欧阳修中学,汽车系,汽82
2008010788,孙国府,男,湖北,宜昌市三峡高级中学,汽车系,汽82
2008010789,黄俊,男,湖南,湘一,汽车系,汽82
2008010790,霍飞蛟,男,山西,怀仁县一中,汽车系,汽82
2008010791,欧阳伊希,男,福建,厦门双十中学,汽车系,汽82
2008010792,谢嘉裔,男,广西,广西柳州高级中学,汽车系,汽82
2008010793,傅雨晨,男,上海,上海市七宝中学,汽车系,汽82
2008010794,任晨佳,男,江苏,江苏省南菁高级中学,汽车系,汽82
2008010795,刘岸雄,男,北京,北京市顺义牛栏山第一中学,汽车系,汽82
2008010796,唐吉思,男,内蒙古,内蒙古通辽一中,汽车系,汽82
2008010797,高远,男,河南,河南师范大学附属中学,汽车系,汽82
2008010798,陈景宜,女,广东,深圳市深圳中学,汽车系,汽82
2008010799,何长伟,男,江西,鹰潭一中,汽车系,汽82
2008010800,张智星,男,甘肃,兰州第一中学,汽车系,汽82
2008010801,苏明潞,女,黑龙江,齐市实验中学,汽车系,汽82
2008010802,张京雷,男,北京,北京师范大学第二附属中学,汽车系,汽82
2008010803,王哲,男,北京,中国人民大学附属中学,汽车系,汽82
2008010804,陈思邈,女,北京,中国人民大学附属中学,汽车系,汽82
2008010805,何海龙,男,四川,南部中学,汽车系,汽82
2008010806,朱陶,女,四川,安岳县安岳中学,汽车系,汽83
2008010807,何健康,男,四川,川兴中学,汽车系,汽83
2008010808,赵国伟,男,吉林,松原市实验高中,汽车系,汽83
2008010809,郑博铭,男,广东,5201001,汽车系,汽83
2008010810,陈超,男,贵州,遵义市中山中学,汽车系,汽83
2008010811,刘薇,女,天津,塘沽一中,汽车系,汽83
2008010812,苗丰,女,山东,菏泽一中,汽车系,汽83
2008010813,徐秋雨,男,辽宁,辽河油田第一高级中学,汽车系,汽83
2008010814,吴彬,男,安徽,岳西中学,汽车系,汽83
2008010815,朱波,男,河南,北大附中河南分校,汽车系,汽83
2008010816,肖贤,男,湖北,武汉市第二中学,汽车系,汽83
2008010817,葛昊,男,河北,河北衡水中学,汽车系,汽83
2008010818,王弘斐,男,山西,太原五中,汽车系,汽83
2008010819,葛喆,男,湖南,冷江市一中,汽车系,汽83
2008010820,陈珺,女,上海,上海市大同中学,汽车系,汽83
2008010821,周华,男,北京,清华大学附属中学,汽车系,汽83
2008010822,张一弛,男,北京,北京师范大学附属实验中学,汽车系,汽83
2008010823,封亚,男,江苏,江苏省泰兴中学,汽车系,汽83
2008010824,罗洪诗琪,女,北京,中央民族大学附属中学,汽车系,汽83
2008010825,金嘉炜,男,浙江,绍兴市第一中学,汽车系,汽83
2008010826,郭中衡,男,福建,莆田一中,汽车系,汽83
2008010827,郝轩亭,男,湖南,湖南省长沙市第一中学,汽车系,汽83
2008010828,张诣萌,男,广西,广西柳州高级中学,汽车系,汽83
2008010829,陈乃庚,男,天津,天津耀华中学,汽车系,汽83
2008010830,李沛雨,男,河南,郑州外国语学校,汽车系,汽83
2008010831,梁梦洋,男,陕西,高新一中,汽车系,汽83
2008010832,黄华青,男,上海,上海市上海中学,汽车系,汽83
2008010833,马晓彬,男,北京,北京市一佳高级中学,汽车系,汽83
2008010834,武岳,男,内蒙古,内蒙师大附中,汽车系,汽83
2008010835,朱成,男,江西,南昌县莲塘一中,汽车系,汽83
2008010836,孙成伟,男,山东,枣庄三中,汽车系,汽84
2008010837,姚湘吟,女,湖北,武汉市第二中学,汽车系,汽84
2008010838,吕曦,男,四川,射洪中学,工业系,工81
2008010839,吴乔韦,女,四川,成都市第七中学,工业系,工81
2008010840,国文姝,女,吉林,石油集团高中,工业系,工81
2008010841,宿文,男,甘肃,会宁县第二中学,工业系,工81
2008010842,符皓然,男,陕西,西北工业大学附中,工业系,工81
2008010843,宋文博,男,天津,一中,工业系,工81
2008010844,屠梦圆,女,浙江,嵊州中学,工业系,工81
2008010845,赵钦浩,男,广东,0,工业系,工81
2008010846,刘少军,男,河南,内黄县第一中学,工业系,工81
2008010847,宋畅越,男,广东,512018,工业系,工81
2008010848,喻伟伟,男,湖北,随州市第一中学,工业系,工81
2008010849,贾升赫,男,辽宁,营口开发区第一高级中学,工业系,工81
2008010850,陶玉鸣,男,安徽,淮北市实验高级中学,工业系,工81
2008010851,林笑,女,河北,石家庄市第一中学,工业系,工81
2008010852,吕爱楠,男,辽宁,本溪市高级中学,工业系,工81
2008010853,蓝晴,女,广西,柳州地区民族高级中学,工业系,工81
2008010854,杨朦,女,江西,进贤县第一中学,工业系,工81
2008010855,张思奇,女,江苏,江苏省南通中学,工业系,工81
2008010856,吴梦春,女,北京,北京市顺义牛栏山第一中学,工业系,工81
2008010857,潘天驿,男,北京,中国人民大学附属中学,工业系,工81
2008010858,李健桥,男,浙江,杭州市学军中学,工业系,工81
2008010859,李兆晶,女,新疆,乌鲁木齐市一中,工业系,工81
2008010860,丁宣升,女,内蒙古,鄂尔多斯市第一中学,工业系,工81
2008010861,李湘全,男,贵州,安顺市二中,工业系,工81
2008010862,吴天颖,男,湖南,长郡中学,工业系,工81
2008010863,杨路怡,男,上海,上海市上海中学,工业系,工81
2008010864,刘妍菲,女,北京,清华大学附属中学,工业系,工81
2008010865,廖晨,男,北京,北京师范大学附属实验中学,工业系,工81
2008010866,胡杨林,男,湖北,宜昌市第一中学,工业系,工81
2008010867,刘睿智,男,黑龙江,哈市师大附中,工业系,工81
2008010868,田燕南,女,北京,北京师范大学附属实验中学,工业系,工81
2008010869,吕臣,男,黑龙江,哈尔滨市三中,工业系,工82
2008010870,陶健平,男,云南,宣威市第五中学,工业系,工82
2008010871,丁希晨,男,陕西,西北工业大学附中,工业系,工82
2008010872,刘彬,男,山东,东营胜利第一中学,工业系,工82
2008010873,楼佳妙,女,浙江,其他学校,工业系,工82
2008010874,徐润河,男,广东,1901007,工业系,工82
2008010875,胡欣然,男,辽宁,东北育才学校,工业系,工82
2008010876,项敏,女,安徽,太和一中,工业系,工82
2008010877,张中杰,男,湖北,宜都市第一高级中学,工业系,工82
2008010878,田野,女,山西,太谷荣新高考复习,工业系,工82
2008010879,王向川,男,河北,保定市蠡县蠡县中学,工业系,工82
2008010880,杨一,女,青海,湟川中学,工业系,工82
2008010881,侯翔宇,男,湖南,长沙县实验中学,工业系,工82
2008010882,杨棋钧,男,湖南,慈利一中,工业系,工82
2008010883,杨志伟,男,宁夏,吴忠中学,工业系,工82
2008010884,于果,女,北京,清华大学附属中学,工业系,工82
2008010885,喻文竹,女,广东,深圳市实验学校,工业系,工82
2008010886,林路,女,辽宁,鞍山市第一中学,工业系,工82
2008010887,边柞而,女,上海,华东师范大学第二附属中学,工业系,工82
2008010888,黄一潇,男,北京,清华大学附属中学,工业系,工82
2008010889,廖珂,男,四川,成都市外国语学校,工业系,工82
2008010890,胡易,男,重庆,重庆市第八中学,工业系,工82
2008010891,应宁康,男,浙江,金华市第一中学,工业系,工82
2008010892,封万程,男,河南,河南省实验中学,工业系,工82
2008010893,鄢驰为,男,上海,上海市南洋模范中学,工业系,工82
2008010894,侯燕铭,男,江苏,江苏省句容高级中学,工业系,工82
2008010895,徐毅冰,男,北京,北京市第二中学,工业系,工82
2008010896,林若思达,女,北京,清华大学附属中学,工业系,工82
2008010897,陆泓宇,女,广西,防城实验高级中学,工业系,工82
2008010898,陈驰,女,北京,北京市第十三中学,工业系,工82
2008010899,李婵虓,男,四川,资中县第二中学,电机系,电81
2008010900,冯维,男,黑龙江,哈市师大附中,电机系,电81
2008010901,丁若星,女,湖北,华中师范大学第一附属中学,电机系,电81
2008010902,蒋沁知,男,四川,武胜中学,电机系,电81
2008010903,黄建文,男,新疆,石河子市一中,电机系,电81
2008010904,李伟,男,甘肃,兰州铁路第一中学,电机系,电81
2008010905,李志铭,男,云南,昆明市第一中学,电机系,电81
2008010906,刘宵瑞,男,内蒙古,乌拉特前旗一中,电机系,电81
2008010907,张曦,男,辽宁,盘锦市高级中学,电机系,电81
2008010908,杨文轩,男,河北,邯郸市第一中学,电机系,电81
2008010909,戴梦,女,内蒙古,赤峰元宝山区第二中学,电机系,电81
2008010910,洪皓,男,北京,北京市第八中学,电机系,电81
2008010911,陈玉婷,女,江苏,江苏省南菁高级中学,电机系,电81
2008010912,梁昭源,男,北京,北京市第八中学,电机系,电81
2008010913,武晓堃,男,北京,中国人民大学附属中学,电机系,电81
2008010914,王韬,男,江苏,江苏省淮阴中学,电机系,电81
2008010915,简洲,男,湖南,雅礼中学,电机系,电81
2008010916,崔聪,男,河南,中原油田第三高级中学,电机系,电81
2008010917,何怡鸥,女,甘肃,兰州第一中学,电机系,电81
2008010918,肖勇,男,山东,东营市胜利第一中学,电机系,电81
2008010919,章涛,男,江西,南昌二中,电机系,电81
2008010920,许励治,男,河北,石家庄市第二中学,电机系,电81
2008010921,周小光,男,广东,深圳市松岗中学,电机系,电81
2008010922,张雨晴,女,重庆,重庆市南开中学,电机系,电81
2008010923,赵思远,男,辽宁,东港市第二中学,电机系,电81
2008010924,徐峰达,男,江苏,江苏省苏州中学,电机系,电81
2008010925,王琼,男,北京,清华大学附属中学,电机系,电81
2008010926,戴唯,男,湖北,华中师范大学第一附属中学,电机系,电81
2008010927,文超,男,浙江,杭州市第二中学,电机系,电81
2008010928,林予彰,男,广西,广西南宁市第二中学,电机系,电81
2008010929,李驰,男,福建,福州一中,电机系,电81
2008010930,郑越,男,海南,文昌市文昌中学,电机系,电82
2008010931,郭珮琪,女,四川,成都市石室中学,电机系,电82
2008010932,王运超,男,吉林,集安市第一中学,电机系,电82
2008010933,刘卜菲,女,吉林,东北师大附属中学,电机系,电82
2008010934,徐纯纯,女,安徽,怀远一中,电机系,电82
2008010935,冯腾,男,天津,南开中学,电机系,电82
2008010936,徐罕晨,男,浙江,富阳中学,电机系,电82
2008010937,董宜鹏,男,安徽,贵池中学,电机系,电82
2008010938,谭贝斯,女,湖北,武汉市第二中学,电机系,电82
2008010939,朱明曦,男,陕西,西安交通大学附中,电机系,电82
2008010940,王程,男,山东,东营胜利第一中学,电机系,电82
2008010941,王铁柱,男,河北,河北衡水中学,电机系,电82
2008010942,吕志强,男,河南,北大附中河南分校,电机系,电82
2008010943,胡亚荣,男,湖北,湖北省武穴中学,电机系,电82
2008010944,崔冬冬,男,山西,城区招生办,电机系,电82
2008010945,马晓倩,女,青海,湟川中学,电机系,电82
2008010946,洪骁,男,江西,奉新一中,电机系,电82
2008010947,倪守辉,男,江苏,盐城中学,电机系,电82
2008010948,王玉君,女,北京,北京市第四中学,电机系,电82
2008010949,常垚,男,北京,北京市第五中学,电机系,电82
2008010950,丁诗杰,男,北京,中国人民大学附属中学,电机系,电82
2008010951,项顶,男,甘肃,甘肃省兰州一中,电机系,电82
2008010952,马谱皓,男,辽宁,大石桥市高级中学,电机系,电82
2008010953,付雷,男,黑龙江,大庆铁人中学,电机系,电82
2008010954,辛蜀骏,男,四川,成都市第七中学,电机系,电82
2008010955,虢懿,男,四川,四川省绵阳南山中学,电机系,电82
2008010956,龙斌,男,湖南,冷江市一中,电机系,电82
2008010957,钟锦源,男,广东,106001,电机系,电82
2008010958,李紫东,男,北京,北京师范大学附属实验中学,电机系,电82
2008010959,张天祎,男,内蒙古,包钢一中,电机系,电82
2008010960,陈润泽,男,湖北,华中师范大学第一附属中学,电机系,电82
2008010961,刘丹,女,吉林,农安实验中学,电机系,电83
2008010962,石桓通,男,山东,莒县第二中学,电机系,电83
2008010963,张瀚光,男,天津,一中,电机系,电83
2008010964,黄河清,男,浙江,海宁市高级中学,电机系,电83
2008010965,高雷,男,河南,商城县县高中,电机系,电83
2008010966,赵聪,男,辽宁,本溪市本溪县往届生,电机系,电83
2008010967,梁建瑜,男,广东,802001,电机系,电83
2008010968,李白,女,河南,林州市第一中学,电机系,电83
2008010969,李杨,男,陕西,西安交通大学附中,电机系,电83
2008010970,龚晨,女,贵州,遵义市一中,电机系,电83
2008010971,刘直,男,湖北,湖北省仙桃中学,电机系,电83
2008010972,江海昊,男,湖南,广益实验中学,电机系,电83
2008010973,毛重阳,男,河北,辛集中学,电机系,电83
2008010974,严金俊,男,山西,高平辅导中心(往),电机系,电83
2008010975,黄映程,男,云南,腾冲县第一中学,电机系,电83
2008010976,林育艺,男,福建,南安一中,电机系,电83
2008010977,倪剑,男,广西,广西荔浦县荔浦中学,电机系,电83
2008010978,王元九,男,江西,临川第一中学往届,电机系,电83
2008010979,刘晗,男,北京,北京市第一０一中学,电机系,电83
2008010980,潘天,男,北京,中国人民大学附属中学,电机系,电83
2008010981,黄继恒,男,北京,北京市第八中学,电机系,电83
2008010982,胡明娟,女,北京,北京市第四中学,电机系,电83
2008010983,耿照为,男,辽宁,锦州中学,电机系,电83
2008010984,雷嘉巍,男,四川,成都市第七中学,电机系,电83
2008010985,陈诚,男,江苏,江苏省常州高级中学,电机系,电83
2008010986,赵志冰,男,黑龙江,哈尔滨市三中,电机系,电83
2008010987,毛雁冰,男,重庆,重庆市南开中学,电机系,电83
2008010988,刘瑜,男,青海,湟川中学第一分校,电机系,电83
2008010989,周旋,女,湖南,永州市四中,电机系,电83
2008010990,孙照宇,男,吉林,吉林一中,电机系,电83
2008010991,于心宇,男,黑龙江,大庆一中,电机系,电84
2008010992,周杨,男,四川,乐山一中,电机系,电84
2008010993,袁野,男,四川,成都市石室中学,电机系,电84
2008010994,刘大千,男,辽宁,凤城市第一中学,电机系,电84
2008010995,戴梦婷,女,云南,云南师范大学附属中学,电机系,电84
2008010996,王也,男,山东,荣成市第一中学,电机系,电84
2008010997,杨韵,女,广东,103009,电机系,电84
2008010998,张曼,女,河南,沈丘县第二高级中学,电机系,电84
2008010999,王文倬,男,陕西,西安市第一中学,电机系,电84
2008011000,王斌,男,内蒙古,锦山中学,电机系,电84
2008011001,陆海,男,广西,玉林高中,电机系,电84
2008011002,刘静琨,男,天津,宝坻一中,电机系,电84
2008011003,陈橙,男,湖南,广益实验中学,电机系,电84
2008011004,郑南琛,男,福建,永定一中,电机系,电84
2008011005,邵常宁,男,宁夏,西吉中学,电机系,电84
2008011006,侯凌云,男,江西,上饶市第一中学,电机系,电84
2008011007,李光宇,男,北京,北京市延庆县第一中学,电机系,电84
2008011008,李广滨,男,北京,北京市第二十中学,电机系,电84
2008011009,黄恺,男,广东,深圳市深圳中学,电机系,电84
2008011010,邢玉辉,男,云南,云南师范大学附属中学,电机系,电84
2008011011,王泽宇,男,北京,中国人民大学附属中学,电机系,电84
2008011012,李彦君,男,河北,河北衡水中学,电机系,电84
2008011013,胡一中,男,浙江,宁波镇海中学,电机系,电84
2008011014,明昊,男,江苏,金陵中学,电机系,电84
2008011015,刘群,男,河南,郑州市第一中学,电机系,电84
2008011016,高戈,女,天津,实验中学,电机系,电84
2008011017,于松泰,男,辽宁,东北育才学校,电机系,电84
2008011018,陈可,男,湖北,鄂南高中,电机系,电84
2008011019,吴颢,女,上海,华东师范大学第二附属中学,电机系,电84
2008011020,曹宇峰,男,上海,上海市延安中学,电机系,电84
2008011021,柯旭,男,山西,山大附中,电子系,无81
2008011022,纪根达,男,黑龙江,海林市高级中学,电子系,无81
2008011023,栾昆鹏,男,吉林,东北师大附属中学,电子系,无81
2008011024,步霄,女,山东,泗水一中,电子系,无81
2008011025,陶勇,男,山东,莱州一中,电子系,无81
2008011026,张锟,男,山东,山东省青州市第一中学,电子系,无81
2008011027,刘贞富,男,黑龙江,尚志市尚志中学,电子系,无81
2008011028,潘盈,男,吉林,吉林市松花江中学,电子系,无81
2008011029,张永鑫,男,安徽,凤阳县凤阳中学,电子系,无81
2008011030,任凯强,男,陕西,宝鸡中学,电子系,无81
2008011031,齐岩,男,河南,河南省实验中学,电子系,无81
2008011032,白文韬,男,陕西,安康中学,电子系,无81
2008011033,陈荡荡,男,安徽,砀山中学,电子系,无81
2008011034,金鑫鑫,男,吉林,四平市实验中学,电子系,无81
2008011035,向左潮,男,湖南,桑植一中,电子系,无81
2008011036,刘璐,男,河南,周口市郸城县一高,电子系,无81
2008011037,何力,男,陕西,西安铁一中,电子系,无81
2008011038,王京,男,河南,新郑二中,电子系,无81
2008011039,石嵩,男,湖南,新邵一中,电子系,无81
2008011040,兰景宏,男,江西,赣州三中(应届),电子系,无81
2008011041,谢凡,男,江西,广昌县第一中学,电子系,无81
2008011042,毕文平,男,辽宁,阜新市实验中学,电子系,无81
2008011043,李晓祥,男,四川,西昌一中,电子系,无81
2008011044,孙晓宇,男,山东,枣庄三中,电子系,无81
2008011045,杨小雨,女,山东,枣庄三中,电子系,无81
2008011046,郭栋,男,河南,中原油田第一中学,电子系,无81
2008011047,张祎博,男,陕西,西安交通大学附中,电子系,无81
2008011048,刘亚飞,男,安徽,临泉一中,电子系,无81
2008011049,刘文杰,男,山东,广饶县第一中学,电子系,无81
2008011050,赵同煜,男,黑龙江,大庆市实验中学,电子系,无810
2008011051,王博,男,内蒙古,松山区红旗中学,电子系,无810
2008011052,李兆石,男,山东,济宁一中,电子系,无810
2008011053,赵瑞祺,女,安徽,蒙城县一中,电子系,无810
2008011054,李栋,男,云南,个旧市第一中学,电子系,无810
2008011055,吴晓晶,女,山西,太谷金谷中学(往),电子系,无810
2008011056,陈创,男,广东,901001,电子系,无810
2008011057,刘思聪,男,福建,长汀一中,电子系,无810
2008011058,李亚,男,湖南,长郡中学,电子系,无810
2008011059,蒋银艳,女,广西,全州县高级中学,电子系,无810
2008011060,陈佳薇,女,北京,北京市十一学校,电子系,无810
2008011061,梁晨,男,北京,北京师范大学附属实验中学,电子系,无810
2008011062,李丹青,男,北京,北京市通州区潞河中学,电子系,无810
2008011063,盛骁,男,重庆,重庆市巴蜀中学校,电子系,无810
2008011064,刘喜佳,男,黑龙江,佳木斯第一中学,电子系,无810
2008011065,邱力,男,江苏,江苏省海门中学,电子系,无810
2008011066,竺旭东,男,浙江,浙江省奉化中学,电子系,无810
2008011067,刘景博,男,陕西,西安交大附属中学,电子系,无810
2008011068,马星宇,男,北京,清华大学附属中学,电子系,无810
2008011069,陈轶博,男,天津,南开中学,电子系,无810
2008011070,常亚乐,男,河南,河南省襄城高中,电子系,无810
2008011071,李托,男,辽宁,阜新市实验中学,电子系,无810
2008011072,王浩博,男,青海,湟川中学,电子系,无810
2008011073,伊帅,男,河北,秦皇岛市第一中学,电子系,无810
2008011074,匡古,男,北京,北京市十一学校,电子系,无810
2008011075,董丰彦,男,北京,北京市建华实验学校,电子系,无810
2008011076,刘琼冰,女,海南,万宁市万宁中学,电子系,无82
2008011077,林睿,男,四川,成都市第七中学,电子系,无82
2008011078,郭骁,男,黑龙江,大庆市铁人中学,电子系,无82
2008011079,贾旭鹏,男,山东,胶州市实验中学,电子系,无82
2008011080,张泽琦,男,内蒙古,松山区红旗中学,电子系,无82
2008011081,金融,男,湖北,湖北省沙市中学,电子系,无82
2008011082,冯祥,男,云南,曲靖市第一中学,电子系,无82
2008011083,张帅,男,河北,河北省唐山市滦县第一中学,电子系,无82
2008011084,康咏,女,辽宁,瓦房店市高级中学,电子系,无82
2008011085,丁洋,男,宁夏,石嘴山市第三中学,电子系,无82
2008011086,黄福海,男,福建,连城一中,电子系,无82
2008011087,陈晓智,男,广东,1881001,电子系,无82
2008011088,周湉,男,湖南,广益实验中学,电子系,无82
2008011089,谢雨,女,安徽,芜湖市第一中学,电子系,无82
2008011090,庞帅,男,河北,保定市清苑县清苑中学,电子系,无82
2008011091,黄瀚晨,男,北京,北京师范大学附属实验中学,电子系,无82
2008011092,苏冠通,男,北京,中国人民大学附属中学,电子系,无82
2008011093,陈渠,男,北京,北京市西城区月坛街道,电子系,无82
2008011094,杨林杰,男,浙江,浙江省湖州中学,电子系,无82
2008011095,邱卫华,男,江苏,江苏省启东中学,电子系,无82
2008011096,傅向义,男,上海,复旦大学附属中学,电子系,无82
2008011097,王萌,女,北京,人大附中,电子系,无82
2008011098,刘硕,男,北京,清华附中,电子系,无82
2008011099,焦剑涛,男,陕西,西北工业大学附中,电子系,无82
2008011100,李诗伟,男,辽宁,辽宁省实验中学,电子系,无82
2008011101,孙冬凯,男,北京,北京市十一学校,电子系,无82
2008011102,郭放,女,四川,成都市树德中学,电子系,无83
2008011103,庄亮,男,吉林,长岭三中,电子系,无83
2008011104,白露,女,黑龙江,哈市师大附中,电子系,无83
2008011105,袁定波,男,四川,江油一中,电子系,无83
2008011106,韩晨曦,男,黑龙江,大庆市铁人中学,电子系,无83
2008011107,王诚斌,男,云南,瑞丽市第一民族中学,电子系,无83
2008011108,王鹤达,男,内蒙古,通辽五中,电子系,无83
2008011109,王文强,男,山东,山东省平度第一中学,电子系,无83
2008011110,艾烨,男,湖北,湖北省武昌实验中学,电子系,无83
2008011111,王宝慷,男,河北,廊坊大城县第一中学,电子系,无83
2008011112,唐韬,男,湖南,衡南一中,电子系,无83
2008011113,林宇熹,男,福建,永春一中,电子系,无83
2008011114,王斌,男,河北,河北阜城中学,电子系,无83
2008011115,刘景初,男,北京,北京市中关村中学,电子系,无83
2008011116,陆轶凡,男,北京,北京师范大学附属实验中学,电子系,无83
2008011117,汪泰雨,男,北京,人大附中,电子系,无83
2008011118,王冉,男,江苏,金陵中学,电子系,无83
2008011119,黄嘉晨,男,上海,华东师范大学第二附属中学,电子系,无83
2008011120,韩知白,男,北京,北京市第一０一中学,电子系,无83
2008011121,张奔,男,陕西,西北工业大学附中,电子系,无83
2008011122,郑亦欣,男,浙江,杭州外语学校,电子系,无83
2008011123,林俊豪,男,广东,2001002,电子系,无83
2008011124,陆志聪,男,宁夏,银川九中,电子系,无83
2008011125,黄薇,女,福建,福州三中,电子系,无83
2008011126,尹航,男,北京,北京市十一学校,电子系,无83
2008011127,陈紫梦,女,北京,北京师范大学附属实验中学,电子系,无83
2008011128,陈攀元,男,四川,泸县二中,电子系,无84
2008011129,李玲,女,四川,简阳市简阳中学,电子系,无84
2008011130,李翔宇,男,吉林,东北师大附属中学,电子系,无84
2008011131,朱益萱,女,黑龙江,牡丹江市第一中学,电子系,无84
2008011132,王波,男,甘肃,甘谷县第二中学,电子系,无84
2008011133,张舸,男,山东,诸城一中,电子系,无84
2008011134,王梦娣,女,山东,菏泽一中,电子系,无84
2008011135,石晟恺,男,新疆,奎屯沙杨私立学校,电子系,无84
2008011136,吴方照,男,安徽,六安市第一中学,电子系,无84
2008011137,吴超,男,湖北,湖北省仙桃中学,电子系,无84
2008011138,王皓,男,山西,省实验中学,电子系,无84
2008011139,王东强,男,河北,廊坊三河市第一中学,电子系,无84
2008011140,罗新航,男,广西,河池高级中学,电子系,无84
2008011141,邵天兰,男,北京,中国人民大学附中培训中心,电子系,无84
2008011142,方洋,男,北京,北京师范大学附属实验中学,电子系,无84
2008011143,吴昊,男,湖南,长沙市雅礼中学,电子系,无84
2008011144,陈卓,男,江苏,南京外国语学校,电子系,无84
2008011145,曹磊,男,内蒙古,赤峰二中,电子系,无84
2008011146,吴文昊,男,北京,中国人民大学附属中学,电子系,无84
2008011147,崔恒纲,男,上海,上海市上海中学,电子系,无84
2008011148,汪一聪,男,黑龙江,哈尔滨师大附中,电子系,无84
2008011149,王宇,男,云南,曲靖市第一中学,电子系,无84
2008011150,李振榉,男,福建,厦门市同安一中,电子系,无84
2008011151,沈晓龙,男,北京,清华大学附属中学,电子系,无84
2008011152,曹颂,男,北京,中国人民大学附属中学,电子系,无84
2008011153,刘冰,女,北京,北京市第四中学,电子系,无84
2008011154,刘昂立,男,海南,海南中学,电子系,无85
2008011155,罗华,女,四川,资阳中学,电子系,无85
2008011156,谷蕴泽,男,吉林,农安实验中学,电子系,无85
2008011157,张毅飞,男,安徽,太和一中,电子系,无85
2008011158,王奕杰,男,甘肃,武威第六中学,电子系,无85
2008011159,左永辉,男,河南,北大附中河南分校,电子系,无85
2008011160,王锐,男,内蒙古,包钢一中,电子系,无85
2008011161,王小建,男,陕西,扶风高中,电子系,无85
2008011162,任令,男,湖北,华中师范大学第一附属中学,电子系,无85
2008011163,董继阳,男,河北,辛集中学,电子系,无85
2008011164,李古月,女,河南,罗山高中,电子系,无85
2008011165,虞宙,男,江西,广丰中学,电子系,无85
2008011166,韩丰,男,北京,北京市第四中学,电子系,无85
2008011167,孙志鹏,男,北京,中国人民大学附属中学,电子系,无85
2008011168,张晓睿,男,黑龙江,哈尔滨师范大学附属中学,电子系,无85
2008011169,杜岳恒,男,北京,中国人民大学附属中学,电子系,无85
2008011170,李元杰,男,山西,忻州一中,电子系,无85
2008011171,罗子威,男,湖南,湖南师范大学附属中学,电子系,无85
2008011172,罗吉,女,黑龙江,哈市师大附中,电子系,无85
2008011173,刘畅,男,四川,成都市石室中学,电子系,无85
2008011174,马自强,男,新疆,实验中学,电子系,无85
2008011175,陆垚,男,上海,上海市金山中学,电子系,无85
2008011176,张嘉文,男,北京,清华大学附属中学,电子系,无85
2008011177,徐沫,男,北京,北京理工大学附属中学,电子系,无85
2008011178,马雯,女,北京,中国人民大学附属中学,电子系,无85
2008011179,林森,男,江苏,江苏省海安高级中学,电子系,无85
2008011180,赵俊,男,吉林,舒兰社会青年,电子系,无86
2008011181,周端奇,男,湖北,随州市第二中学,电子系,无86
2008011182,王朔泽,男,陕西,陕西省神木中学,电子系,无86
2008011183,宋良多,男,浙江,嵊州市第一中学,电子系,无86
2008011184,庄晋升,男,天津,静海一中,电子系,无86
2008011185,高紫东,男,辽宁,大连育明高中,电子系,无86
2008011186,刘嘉琛,女,陕西,师大附中,电子系,无86
2008011187,吕志强,男,河南,固始慈济高级中学,电子系,无86
2008011188,晋瑞锦,女,河南,西华县第一高中,电子系,无86
2008011189,杨质祺,男,江西,临川第一中学往届,电子系,无86
2008011190,程宇昕,男,北京,中国人民大学附属中学,电子系,无86
2008011191,戴扬,男,北京,北京市第五中学,电子系,无86
2008011192,周显明,男,甘肃,西北师大附属中学,电子系,无86
2008011193,刘嘉男,男,安徽,合肥1中,电子系,无86
2008011194,李鑫,男,海南,海南省海南中学,电子系,无86
2008011195,耿逸龙,男,河北,石家庄二中,电子系,无86
2008011196,李明斯,男,黑龙江,哈市师大附中,电子系,无86
2008011197,李晓钊,男,四川,泸县二中,电子系,无86
2008011198,王博,女,黑龙江,佳木斯第一中学,电子系,无86
2008011199,宋贝利,男,山西,省实验中学,电子系,无86
2008011200,彭亚锐,男,湖南,湖南师大附中,电子系,无86
2008011201,谢彬,男,北京,清华大学附属中学,电子系,无86
2008011202,黄诗雨,女,北京,中国人民大学附属中学,电子系,无86
2008011203,刘鹏琦,男,北京,北京市第八中学,电子系,无86
2008011204,王海波,男,上海,上海市上海中学,电子系,无86
2008011205,广小宇,女,天津,南开中学,电子系,无87
2008011206,杨震,男,陕西,西安铁一中,电子系,无87
2008011207,易新阳,男,重庆,重庆市第一中学,电子系,无87
2008011208,刘永起,男,天津,一中,电子系,无87
2008011209,宋杨磊,男,浙江,浙江省诸暨中学,电子系,无87
2008011210,华行宜,男,辽宁,东港市第二中学,电子系,无87
2008011211,赵涛,男,河南,河南省襄城高中,电子系,无87
2008011212,宋智星,男,湖北,武汉市第一中学,电子系,无87
2008011213,张小稳,女,甘肃,礼县第一中学,电子系,无87
2008011214,王显坤,男,贵州,习水县五中,电子系,无87
2008011215,周景云,男,江西,天翼中学,电子系,无87
2008011216,李哲超,男,北京,北京市第一０一中学,电子系,无87
2008011217,张晓晨,男,江苏,江苏省海门中学,电子系,无87
2008011218,张嘉怡,女,北京,北京师范大学附属实验中学,电子系,无87
2008011219,齐伊宁,女,河南,郑州市第一中学,电子系,无87
2008011220,吴雪,男,吉林,东北师大附中,电子系,无87
2008011221,袁锴,男,安徽,合肥1中,电子系,无87
2008011222,高鸣宇,男,河北,石家庄市第二中学,电子系,无87
2008011223,陈爽,男,北京,北京市第四中学,电子系,无87
2008011224,李虹江,男,甘肃,白银市第一中学,电子系,无87
2008011225,周宇男,男,黑龙江,大庆市铁人中学,电子系,无87
2008011226,张超,男,山西,省实验中学,电子系,无87
2008011227,汪昭然,男,湖南,怀化市三中,电子系,无87
2008011228,郭泰,男,北京,北京市第四中学,电子系,无87
2008011229,杨迎翔,男,北京,中国人民大学附属中学,电子系,无87
2008011230,穆楠,女,上海,上海市南洋模范中学,电子系,无87
2008011231,李剑楠,男,陕西,西北工业大学附中,电子系,无88
2008011232,陈振睿,男,甘肃,庄浪一中,电子系,无88
2008011233,米翔,男,重庆,重庆市南开中学,电子系,无88
2008011234,支实,女,天津,一中,电子系,无88
2008011235,顾秀,女,新疆,实验中学,电子系,无88
2008011236,张嘉楠,男,河南,郏县第一高级中学,电子系,无88
2008011237,张秦宏,男,广东,606038,电子系,无88
2008011238,吴限,男,内蒙古,包头市九中,电子系,无88
2008011239,樊筱筱,女,湖南,长沙雅礼寄宿制中学,电子系,无88
2008011240,程波波,男,江西,乐平中学,电子系,无88
2008011241,汪昊宇,男,江苏,江苏省南菁高级中学,电子系,无88
2008011242,李江钇,男,北京,北京市十一学校,电子系,无88
2008011243,刘璐,女,北京,北京师范大学附属中学,电子系,无88
2008011244,徐晓舟,男,浙江,富阳中学,电子系,无88
2008011245,刘雨濛,男,辽宁,大连育明高中,电子系,无88
2008011246,江鹏刚,男,湖北,襄樊市第五中学,电子系,无88
2008011247,陈羽北,男,河北,石家庄市第二中学,电子系,无88
2008011248,于向遥,男,天津,天津南开中学,电子系,无88
2008011249,韩松,男,吉林,东北师大附中,电子系,无88
2008011250,李源,男,北京,北京市第四中学,电子系,无88
2008011251,高寒,男,黑龙江,大庆一中,电子系,无88
2008011252,丁弘毅,男,安徽,合肥1中,电子系,无88
2008011253,付荣,男,贵州,贵阳市第一中学,电子系,无88
2008011254,高天,男,北京,中国人民大学附属中学,电子系,无88
2008011255,杨开原,男,北京,北京市第四中学,电子系,无88
2008011256,钱耘迪,女,上海,上海市上海中学,电子系,无88
2008011257,张衡,男,吉林,磐石市第一中学,电子系,无89
2008011258,杨开,男,广东,802001,电子系,无89
2008011259,卜莎莎,女,河北,河北衡水中学,电子系,无89
2008011260,孟维思,男,内蒙古,呼市二中,电子系,无89
2008011261,张晨路,男,陕西,西北工业大学附中,电子系,无89
2008011262,徐舟,男,贵州,兴义市八中,电子系,无89
2008011263,赵鹤,女,北京,北京市第四中学,电子系,无89
2008011264,李爽,男,北京,北京市顺义牛栏山第一中学,电子系,无89
2008011265,虞午阳,男,江西,江西省万年中学,电子系,无89
2008011266,袁博,男,江苏,江苏省海门中学,电子系,无89
2008011267,宋昌来,男,湖北,宜昌市第一中学,电子系,无89
2008011268,李之浩,男,河北,石家庄市第二中学,电子系,无89
2008011269,王京,男,北京,清华大学附属中学,电子系,无89
2008011270,李环宇,男,河南,郑州市第一中学,电子系,无89
2008011271,王骋,男,浙江,杭州学军中学,电子系,无89
2008011272,兰駃,男,重庆,重庆市巴蜀中学,电子系,无89
2008011273,乔恒,男,天津,天津市南开中学,电子系,无89
2008011274,祝荣达,男,辽宁,辽宁省实验中学,电子系,无89
2008011275,冯斯聪,男,黑龙江,哈尔滨市三中,电子系,无89
2008011276,陈召群,男,安徽,界首一中,电子系,无89
2008011277,杨柳青,男,青海,敦煌基地中学,电子系,无89
2008011278,李婕,女,广西,广西南宁市第二中学,电子系,无89
2008011279,杨骁,男,北京,北京市第五中学,电子系,无89
2008011280,陈昱,男,北京,中国人民大学附属中学,电子系,无89
2008011281,施青,女,江苏,江苏省海门中学,电子系,无89
2008011282,王启辰,女,河南,河南省实验中学,计算机系,计80
2008011283,陆直,男,黑龙江,哈尔滨师大附中,计算机系,计80
2008011284,黄棱潇,男,福建,泉州第五中学,计算机系,计80
2008011285,肖龙,男,吉林,东北师大附中,计算机系,计80
2008011286,傅煜,男,辽宁,东北育才学校,计算机系,计80
2008011287,刘宇,男,福建,建阳一中,计算机系,计80
2008011288,黄佳楠,男,江苏,江苏省启东中学,计算机系,计80
2008011289,余佳俊,男,陕西,西安市铁一中,计算机系,计80
2008011290,严昊,男,江苏,南京师范大学附属中学,计算机系,计80
2008011291,马腾宇,男,吉林,东北师大附中,计算机系,计80
2008011292,权思及,男,陕西,百花中学,计算机系,计81
2008011293,王涛,男,山东,诸城繁华中学,计算机系,计81
2008011294,刘志强,男,山东,滨州市阳信县第一中学,计算机系,计81
2008011295,宋晓虎,男,山东,利津县一中,计算机系,计81
2008011296,李存禄,男,甘肃,靖远县第一中学,计算机系,计81
2008011297,安多,男,内蒙古,赤峰元宝山区平庄煤业高级中学,计算机系,计81
2008011298,黎军,男,湖北,随州市第一中学,计算机系,计81
2008011299,李祥,男,湖北,广水市第一高级中学,计算机系,计81
2008011300,孟永党,男,河南,淮阳县第一高级中学,计算机系,计81
2008011301,崔亮,男,陕西,西安市第八十九中学,计算机系,计81
2008011302,崔臣浩,男,河南,林州市第一中学,计算机系,计81
2008011303,王耀,男,内蒙古,鄂尔多斯市第一中学,计算机系,计81
2008011304,姜亚鹏,男,内蒙古,赤峰二中,计算机系,计81
2008011305,元升高,男,河南,安阳县第一中学,计算机系,计81
2008011306,孙茹君,女,陕西,高新一中,计算机系,计81
2008011307,向飞,男,湖北,巴东县第一高级中学,计算机系,计81
2008011308,张庆湖,男,福建,龙岩一中,计算机系,计81
2008011309,刘辉鹏,男,福建,泉港一中,计算机系,计81
2008011310,韩伟,男,吉林,松原市实验高中,计算机系,计81
2008011311,蒋挺宇,男,湖北,襄樊市第五中学,计算机系,计81
2008011312,高春阳,男,吉林,公主岭一中,计算机系,计81
2008011313,白林亭,男,山东,泰安二中,计算机系,计81
2008011314,陈庆远,男,河南,夏邑县第一高中,计算机系,计81
2008011315,彭瑾玥,女,海南,海口景山学校,计算机系,计82
2008011316,张骋,男,安徽,贵池中学,计算机系,计82
2008011317,付心仪,女,黑龙江,齐市实验中学,计算机系,计82
2008011318,张月光,男,天津,耀华中学,计算机系,计82
2008011319,高超,男,辽宁,本溪市平山区往届生,计算机系,计82
2008011320,于乃通,男,山东,山东省莱西市第一中学（南校）,计算机系,计82
2008011321,刘发念,男,新疆,塔城地区沙湾县一中,计算机系,计82
2008011322,渠准,男,浙江,温州中学,计算机系,计82
2008011323,井寰,男,陕西,陕西省西安中学,计算机系,计82
2008011324,黄浩智,男,广东,402001,计算机系,计82
2008011325,张江迪,男,湖南,石门县第一中学,计算机系,计82
2008011326,李耀宇,男,北京,北京师范大学第二附属中学,计算机系,计82
2008011327,胡雪峰,男,江苏,江苏省淮阴中学,计算机系,计82
2008011328,匡敏驰,男,北京,北京市十一学校,计算机系,计82
2008011329,陈启峰,男,广东,中山纪念中学,计算机系,计82
2008011330,张海翔,男,河北,河北衡水中学,计算机系,计82
2008011331,曾德譞,男,江西,江西省南昌市第二中学,计算机系,计82
2008011332,高亦陶,男,北京,人大附中,计算机系,计82
2008011333,廖俊峰,男,重庆,重庆市第八中学校,计算机系,计82
2008011334,范钰超,女,江西,江西师大附中,计算机系,计82
2008011335,刘通,男,黑龙江,大庆铁人中学,计算机系,计82
2008011336,吕子鉷,男,福建,泉州七中,计算机系,计82
2008011337,郑暾,男,福建,福州市第八中学,计算机系,计82
2008011338,张煜承,男,江苏,江苏省扬州中学,计算机系,计82
2008011339,苏煜,男,山西,山西大学附属中学,计算机系,计82
2008011340,施维捷,男,上海,上海市上海中学,计算机系,计82
2008011341,沈世奇,男,安徽,马鞍山二中,计算机系,计82
2008011342,段瑞安,男,四川,内江六中,计算机系,计82
2008011343,刘超,男,北京,北京市第八十中学,计算机系,计82
2008011344,李昕,男,吉林,东北师大附属中学,计算机系,计82
2008011345,陈忱,女,四川,眉山中学,计算机系,计83
2008011346,裴昶华,男,甘肃,会宁县第二中学,计算机系,计83
2008011347,刘宽,男,重庆,重庆市巴蜀中学,计算机系,计83
2008011348,李凯,男,山东,滕州市第一中学新校,计算机系,计83
2008011349,黄宇,男,安徽,祁门一中,计算机系,计83
2008011350,徐世真,男,辽宁,大连市金州区往届生,计算机系,计83
2008011351,王健飞,男,河北,河北衡水中学,计算机系,计83
2008011352,吴育昊,女,河南,实验中学直属班,计算机系,计83
2008011353,刘一诚,男,北京,首都师范大学附属中学,计算机系,计83
2008011354,李莉,女,江苏,铜山县侯集中学,计算机系,计83
2008011355,张金凯,男,江苏,江苏省南菁高级中学,计算机系,计83
2008011356,韩磊,男,北京,北京市朝阳区望京街道,计算机系,计83
2008011357,沈海晨,男,上海,华师大二附中,计算机系,计83
2008011358,顾研,男,广东,中山市第一中学,计算机系,计83
2008011359,刘家骅,男,广东,广东韶关一中,计算机系,计83
2008011360,程芃祺,男,贵州,贵阳市第一中学,计算机系,计83
2008011361,华祯豪,男,江苏,南京外国语学校,计算机系,计83
2008011362,任一恒,男,河北,唐山市第一中学,计算机系,计83
2008011363,何孟沅,男,湖南,湖南师大附中,计算机系,计83
2008011364,刘弈,男,福建,福州市第三中学,计算机系,计83
2008011365,方宇剑,男,浙江,杭州市第二中学,计算机系,计83
2008011366,贺虎,男,北京,人大附中,计算机系,计83
2008011367,钱诚,男,江西,景德镇一中,计算机系,计83
2008011368,王华溪,男,澳门,濠江中学,计算机系,计83
2008011369,朱文雷,男,安徽,天长中学,计算机系,计83
2008011370,史兴,男,山西,运城康杰中学,计算机系,计83
2008011371,刘荣吉,男,福建,泉州第七中学,计算机系,计83
2008011372,朱俊彦,男,上海,上海交通大学附属中学,计算机系,计83
2008011373,王靖易,男,北京,北京市第二中学,计算机系,计83
2008011374,李浩元,男,吉林,吉林一中,计算机系,计83
2008011375,王莲,女,湖北,湖北省天门中学,计算机系,计84
2008011376,张越,男,山东,桓台一中,计算机系,计84
2008011377,于若飞,男,黑龙江,哈尔滨市三中,计算机系,计84
2008011378,高凯,男,四川,四川省绵阳中学,计算机系,计84
2008011379,李志杰,男,河北,河北省唐山市迁安市第一中学,计算机系,计84
2008011380,王睿宁,女,陕西,合阳中学,计算机系,计84
2008011381,许焱,男,内蒙古,松山区红旗中学,计算机系,计84
2008011382,施文铭,男,浙江,富阳中学,计算机系,计84
2008011383,徐阳彤,男,广西,广西柳州高级中学,计算机系,计84
2008011384,吴玉常,男,贵州,黎平县一中,计算机系,计84
2008011385,王东黎,男,江西,南城县第一中学,计算机系,计84
2008011386,赵妍婷,女,北京,北京大学附属中学,计算机系,计84
2008011387,陈志远,男,江苏,江苏省射阳中学,计算机系,计84
2008011388,谭叙,男,北京,北京市第八中学,计算机系,计84
2008011389,周全,男,北京,中国人民大学附属中学,计算机系,计84
2008011390,吴裔慧,女,江苏,江苏省南通中学,计算机系,计84
2008011391,周冬,男,安徽,安徽省芜湖一中,计算机系,计84
2008011392,肖汉骏,男,福建,福州一中,计算机系,计84
2008011393,钱晨,男,安徽,芜湖市第一中学,计算机系,计84
2008011394,罗成,男,甘肃,西北师大附属中学,计算机系,计84
2008011395,赵宇,男,辽宁,大连育明高中,计算机系,计84
2008011396,寿国威,男,上海,华师大二附中,计算机系,计84
2008011397,万杨,男,北京,中国人民大学附属中学,计算机系,计84
2008011398,方戈,男,浙江,杭州学军中学,计算机系,计84
2008011399,张思聪,男,广东,华南师范大学附属中学,计算机系,计84
2008011400,霍帅,男,河北,河北衡水中学,计算机系,计84
2008011401,苏煜,男,湖南,冷江市一中,计算机系,计84
2008011402,何伟鹏,男,北京,北京市第四中学,计算机系,计84
2008011403,金朝,男,河南,郑州一中,计算机系,计84
2008011404,茅俊杰,男,上海,上海市上海中学,计算机系,计84
2008011405,任毅,男,黑龙江,哈市师大附中,计算机系,计85
2008011406,王家欣,男,吉林,四平社会青年,计算机系,计85
2008011407,陆星虎,男,云南,楚雄第一中学,计算机系,计85
2008011408,康延荣,男,山东,莱芜凤城高中,计算机系,计85
2008011409,吴晓泳,男,浙江,嵊州市第二中学,计算机系,计85
2008011410,许春旭,男,河北,石家庄市第二中学,计算机系,计85
2008011411,刘岸,男,湖北,武汉市第二中学,计算机系,计85
2008011412,刘淙,男,辽宁,北票市高级中学,计算机系,计85
2008011413,庄名洲,男,广东,0,计算机系,计85
2008011414,杨阳,女,内蒙古,锦山中学,计算机系,计85
2008011415,秦昊宬,男,广西,广西师大附属外国语学校,计算机系,计85
2008011416,孟笑君,男,山西,太谷荣新高考复习,计算机系,计85
2008011417,李沐洋,男,宁夏,西吉县第二中学,计算机系,计85
2008011418,李曦泽,男,福建,福州三中,计算机系,计85
2008011419,段琛凌,男,江西,于都中学(应届),计算机系,计85
2008011420,濮云飞,男,江苏,江苏省常州高级中学,计算机系,计85
2008011421,王宇翔,男,江苏,盐城中学,计算机系,计85
2008011422,魏文,男,北京,北京市第四中学,计算机系,计85
2008011423,吉翔,男,广东,深圳市深圳中学,计算机系,计85
2008011424,周梦宇,男,四川,成都市第七中学,计算机系,计85
2008011425,王竞千,男,北京,北京市第四中学,计算机系,计85
2008011426,陈丹琦,女,湖南,雅礼中学,计算机系,计85
2008011427,余林韵,男,福建,福州一中,计算机系,计85
2008011428,任胜韦,男,上海,上海华师大二附中,计算机系,计85
2008011429,俞华程,男,浙江,浙江省杭州第二中学,计算机系,计85
2008011430,杨弋,男,安徽,安徽师范大学附属中学,计算机系,计85
2008011431,汪晔,女,安徽,芜湖市第一中学,计算机系,计85
2008011432,郭一骅,男,北京,中国人民大学附属中学,计算机系,计85
2008011433,李巍,男,北京,北京师范大学第二附属中学,计算机系,计85
2008011434,张奕烜,男,山西,山大附中,自动化系,自81
2008011435,张新宇,男,吉林,抚松县第一中学,自动化系,自81
2008011436,王硕,男,河南,华夏外国语高级中学,自动化系,自81
2008011437,史鹏程,男,黑龙江,肇东市一中,自动化系,自81
2008011438,陈伟,男,吉林,吉化一中,自动化系,自81
2008011439,由凯,男,辽宁,东港市第二中学,自动化系,自81
2008011440,李昊,男,黑龙江,牡丹江分局高级中学,自动化系,自81
2008011441,周欢,男,湖南,省地质中学,自动化系,自81
2008011442,张瑞峰,男,吉林,东北师大附属中学,自动化系,自81
2008011443,胡朔枫,男,辽宁,本溪市高级中学,自动化系,自81
2008011444,刘成宇,男,湖南,岳阳县二中,自动化系,自81
2008011445,曹冠楠,男,河北,衡水市景县中学,自动化系,自81
2008011446,丁旭,男,辽宁,阜新市实验中学,自动化系,自81
2008011447,何鹏,男,湖南,桃源县一中,自动化系,自81
2008011448,王超,男,河北,保定市徐水综合高中,自动化系,自81
2008011449,王凯玉,男,河南,济源市第一中学,自动化系,自81
2008011450,黄万荣,男,湖南,靖州县一中,自动化系,自81
2008011451,唐亚慧,女,湖南,怀化市三中,自动化系,自81
2008011452,谢永超,男,广西,全州县高级中学,自动化系,自81
2008011453,覃晨,男,广西,柳州地区民族高级中学,自动化系,自81
2008011454,陈强,男,广西,河池高级中学,自动化系,自81
2008011455,任爽,女,安徽,亳州一中,自动化系,自81
2008011456,闫冬,男,河南,周口市郸城县一高,自动化系,自81
2008011457,钱明新,男,河北,衡水市故城县郑口中学,自动化系,自81
2008011458,朱剑男,男,安徽,怀远招办1,自动化系,自81
2008011459,毛树林,男,湖南,长沙县一中,自动化系,自81
2008011460,刘易非,男,山西,山大附中,自动化系,自81
2008011461,王京,男,湖南,双峰县一中,自动化系,自81
2008011462,薛茜,女,吉林,石油集团高中,自动化系,自81
2008011463,杨刚,男,湖北,湖北省天门中学,自动化系,自81
2008011464,杨盛,男,四川,七中实验学校,自动化系,自82
2008011465,王德浩,男,黑龙江,哈尔滨市三中,自动化系,自82
2008011466,丁见亚,男,安徽,安庆一中,自动化系,自82
2008011467,宋成儒,男,辽宁,庄河高中,自动化系,自82
2008011468,唐虎,男,天津,宝坻一中,自动化系,自82
2008011469,王召,男,内蒙古,乌拉特前旗一中,自动化系,自82
2008011470,李哲,男,山东,菏泽一中,自动化系,自82
2008011471,马雨佳,男,浙江,慈溪中学,自动化系,自82
2008011472,张栩源,男,新疆,乌鲁木齐市一中,自动化系,自82
2008011473,骆恒,男,贵州,遵义市四中,自动化系,自82
2008011474,王帅,男,河南,中原油田第一中学,自动化系,自82
2008011475,李俊锋,男,湖南,靖州县一中,自动化系,自82
2008011476,施友群,男,福建,晋江养正中学,自动化系,自82
2008011477,田雨时,男,山西,山大附中,自动化系,自82
2008011478,金捷,男,广西,广西柳州高级中学,自动化系,自82
2008011479,王婧文,女,北京,北京师范大学第二附属中学,自动化系,自82
2008011480,李连硕,男,北京,北京市广渠门中学,自动化系,自82
2008011481,王正,男,北京,北京师范大学第二附属中学,自动化系,自82
2008011482,姜泉,女,辽宁,大连育明高中,自动化系,自82
2008011483,张励勋,男,陕西,西北工业大学附中,自动化系,自82
2008011484,张洋,男,天津,耀华中学,自动化系,自82
2008011485,蒋竞颉,女,河南,郑州一中,自动化系,自82
2008011486,张天承,男,北京,北京师范大学附属实验中学,自动化系,自82
2008011487,李世邈,男,黑龙江,大庆市实验中学,自动化系,自82
2008011488,刘海贝,男,上海,上海市上海中学,自动化系,自82
2008011489,高翔,男,浙江,德清县第三中学,自动化系,自83
2008011490,刘值,男,黑龙江,哈尔滨市三中,自动化系,自83
2008011491,贾卓,男,辽宁,本溪市平山区往届生,自动化系,自83
2008011492,段典达,男,云南,昆明市第一中学,自动化系,自83
2008011493,宋超逸,男,山东,山东省实验中学,自动化系,自83
2008011494,徐潮,男,安徽,六安市第一中学,自动化系,自83
2008011495,高木,男,湖北,华中师范大学第一附属中学,自动化系,自83
2008011496,王旭,男,天津,大港一中,自动化系,自83
2008011497,钟贵廷,男,湖南,沅江一中,自动化系,自83
2008011498,刘一龙,男,河北,丰宁县第一中学,自动化系,自83
2008011499,欧阳小刚,男,福建,三明一中,自动化系,自83
2008011500,杨振华,男,山西,省实验中学,自动化系,自83
2008011501,陆文璋,男,上海,上海市格致中学,自动化系,自83
2008011502,常冰,男,北京,北京师范大学附属实验中学,自动化系,自83
2008011503,苑辰,男,北京,中国人民大学附属中学,自动化系,自83
2008011504,沈文祎,男,江苏,江苏省海安高级中学,自动化系,自83
2008011505,楼阳,男,陕西,西北工业大学附中,自动化系,自83
2008011506,田惟宇,男,吉林,东北师大附中,自动化系,自83
2008011507,周四维,女,四川,四川省绵阳中学,自动化系,自83
2008011508,孙鹤,男,新疆,新疆实验中学,自动化系,自83
2008011509,梁哲维,男,四川,成都市第七中学,自动化系,自83
2008011510,李柳熙,男,广西,广西柳州高级中学,自动化系,自83
2008011511,余瑾,女,上海,奉贤中学,自动化系,自83
2008011512,刘书昊,男,北京,清华大学附属中学,自动化系,自83
2008011513,夏艾萱,女,北京,清华大学附属中学,自动化系,自83
2008011514,王绥安,男,海南,海南中学,自动化系,自84
2008011515,孙可,男,黑龙江,哈市师大附中,自动化系,自84
2008011516,李云昊,男,天津,静海一中,自动化系,自84
2008011517,贾雷,男,山东,泰安二中,自动化系,自84
2008011518,黄达,男,湖北,随州市第二中学,自动化系,自84
2008011519,刘阳,男,河北,河北衡水中学,自动化系,自84
2008011520,林肖,男,浙江,温岭中学,自动化系,自84
2008011521,姚马,男,安徽,庐江中学,自动化系,自84
2008011522,安东生,男,山西,朔州市二中,自动化系,自84
2008011523,吴海鹏,男,广东,183001,自动化系,自84
2008011524,王扉,男,云南,云南师范大学附属中学,自动化系,自84
2008011525,尤珠璧,女,江苏,江苏省天一中学,自动化系,自84
2008011526,杨宸,男,北京,北京市第八中学,自动化系,自84
2008011527,许润民,男,福建,厦门外国语学校,自动化系,自84
2008011528,郑环宇,男,辽宁,大连育明高中,自动化系,自84
2008011529,王新元,男,北京,中国人民大学附属中学,自动化系,自84
2008011530,傅望帆,男,上海,华东师大二附中,自动化系,自84
2008011531,沈婧楠,女,河北,石家庄市第二中学,自动化系,自84
2008011532,陈英杰,男,吉林,东北师大附属中学,自动化系,自84
2008011533,连云,男,甘肃,会宁县第一中学,自动化系,自84
2008011534,王吟雪,女,云南,昆明市第一中学,自动化系,自84
2008011535,张海涛,男,新疆,米泉一中,自动化系,自84
2008011536,方帆,男,江苏,常州市第一中学,自动化系,自84
2008011537,宋育庚,男,北京,中国人民大学附属中学,自动化系,自84
2008011538,刘信言,男,四川,成都市第七中学,自动化系,自84
2008011539,刘柏君,男,四川,达州市一中,自动化系,自85
2008011540,刘宣辰,男,陕西,陕西省西安中学,自动化系,自85
2008011541,李瑞,男,湖北,随州市曾都区第一中学,自动化系,自85
2008011542,徐行天,男,浙江,浙江萧山中学,自动化系,自85
2008011543,尹龑燊,男,山东,新泰一中,自动化系,自85
2008011544,喻川,男,重庆,大足中学,自动化系,自85
2008011545,赵宁宇,男,河北,河北衡水中学,自动化系,自85
2008011546,何建军,男,广东,803001,自动化系,自85
2008011547,刘小非,女,福建,福州一中,自动化系,自85
2008011548,罗皓,男,江西,临川第一中学,自动化系,自85
2008011549,苏航,女,宁夏,平罗中学,自动化系,自85
2008011550,钟阳,男,北京,北京市第四中学,自动化系,自85
2008011551,张双羽,男,上海,华东师范大学第二附属中学,自动化系,自85
2008011552,闫家奇,男,黑龙江,哈尔滨市三中,自动化系,自85
2008011553,任晓琦,女,山西,山西大学附属中学,自动化系,自85
2008011554,张振,男,天津,南开中学,自动化系,自85
2008011555,王浩培,男,安徽,安庆一中,自动化系,自85
2008011556,杨家俊,男,澳门,教业中学,自动化系,自85
2008011557,籍焱,男,山西,山西大学附中,自动化系,自85
2008011558,雷磊,男,北京,中国人民大学附属中学,自动化系,自85
2008011559,陈硕,男,辽宁,东北育才,自动化系,自85
2008011560,高天,男,吉林,松原市实验高中,自动化系,自85
2008011561,李左锋,男,江苏,江苏省海安高级中学,自动化系,自85
2008011562,罗宇轩,男,青海,湟川中学,自动化系,自85
2008011563,张驰,男,北京,北京市西城区教育考试中心高招办,自动化系,自85
2008011564,熊元骏,男,重庆,重庆市南开中学,自动化系,自86
2008011565,冯袁,男,陕西,西北工业大学附中,自动化系,自86
2008011566,程骥毅,男,广东,1601001,自动化系,自86
2008011567,左志强,男,内蒙古,集宁一中,自动化系,自86
2008011568,杨扬,女,江西,樟树中学,自动化系,自86
2008011569,秦红伟,男,河南,睢县高级中学,自动化系,自86
2008011570,康成浩,男,贵州,乌当区往届及社会考生,自动化系,自86
2008011571,王司瑞,女,辽宁,阜新市实验中学,自动化系,自86
2008011572,高莘青,男,湖南,慈利一中,自动化系,自86
2008011573,张劼,男,福建,福州三中,自动化系,自86
2008011574,马可,男,北京,北京市第一七一中学,自动化系,自86
2008011575,萧旭峯,男,台湾,河南省实验中学,自动化系,自86
2008011576,易晓春,男,宁夏,银川一中,自动化系,自86
2008011577,应一骏,男,浙江,杭州市第二中学,自动化系,自86
2008011578,施晟,男,江西,江西省鹰潭市第一中学,自动化系,自86
2008011579,柯家琪,男,江苏,江苏省梁丰高级中学,自动化系,自86
2008011580,雷彦哲,男,河北,石家庄市第二中学,自动化系,自86
2008011581,解沛轩,男,天津,天津市耀华中学,自动化系,自86
2008011582,花隽芃,男,黑龙江,哈尔滨市三中,自动化系,自86
2008011583,高思晨,男,吉林,延边二中,自动化系,自86
2008011584,刘俊杰,男,上海,上海市七宝中学,自动化系,自86
2008011585,王宇晨,男,北京,中国人民大学附属中学,自动化系,自86
2008011586,赵博弘,男,北京,北京景山学校,自动化系,自86
2008011587,张成,男,辽宁,大连经济技术开发区第一高级中学,自动化系,自86
2008011588,刘振,男,山东,临沂第一中学,航院,航81
2008011589,邓健健,男,河南,信阳高中,航院,航81
2008011590,佘丰客,男,湖北,湖北省武昌实验中学,航院,航81
2008011591,张秀颀,男,安徽,歙县中学,航院,航81
2008011592,倪洋,男,重庆,重庆市巴蜀中学,航院,航81
2008011593,王旭,男,黑龙江,哈市师大附中,航院,航81
2008011594,崔杰,男,天津,实验中学,航院,航81
2008011595,靳旭红,男,贵州,毕节一中,航院,航81
2008011596,刘云龙,男,辽宁,沈阳市沈河区往届生,航院,航81
2008011597,樊亚男,男,河北,河北衡水中学,航院,航81
2008011598,赵宗权,男,湖南,邵东三中,航院,航81
2008011599,李诗一,女,湖南,自治州民族中学,航院,航81
2008011600,肖明磊,男,江西,赣州三中(应届),航院,航81
2008011601,孙华卿,男,北京,北京汇文中学,航院,航81
2008011602,姜沂,女,北京,中国人民大学附属中学,航院,航81
2008011603,李海锋,男,山西,山西大学附属中学,航院,航81
2008011604,董靖,男,山东,济南外国语学校,航院,航81
2008011605,周志强,男,云南,昆明市第三中学,航院,航81
2008011606,杨祎臣,男,陕西,西安铁一中,航院,航81
2008011607,时晶晶,女,陕西,西北工业大学附中,航院,航81
2008011608,王宇,男,湖北,华中师范大学第一附属中学,航院,航81
2008011609,罗秦川,男,北京,北京市十一学校,航院,航81
2008011610,王贤宇,男,广东,湛江第一中学,航院,航81
2008011611,张振毅,男,浙江,宁波市镇海中学,航院,航81
2008011612,曾一非,男,北京,中国人民大学附属中学,航院,航81
2008011613,施徐国,男,江苏,江苏省前黄高级中学,航院,航81
2008011614,张宏杰,男,上海,上海复旦大学附属中学,航院,航81
2008011615,陈典,男,北京,清华大学附属中学,航院,航81
2008011616,尤俊彬,男,山西,山西大学附中,航院,航82
2008011617,郑有为,男,四川,南充十中,航院,航82
2008011618,王周宇,男,四川,西昌一中,航院,航82
2008011619,潘春雨,男,黑龙江,大庆市第四中学,航院,航82
2008011620,计自飞,男,河南,洛阳市第一高级中学,航院,航82
2008011621,徐永超,男,河南,漯河第四高级中学,航院,航82
2008011622,吴蓝图,男,河北,河北省唐山市迁安市第一中学,航院,航82
2008011623,方子文,女,湖北,荆门市龙泉中学,航院,航82
2008011624,韩若冲,男,河北,河北衡水中学,航院,航82
2008011625,白晨媛,女,山西,城区招生办,航院,航82
2008011626,苗志敏,男,山西,太谷荣新高考复习,航院,航82
2008011627,胡博文,男,湖南,湘潭县一中,航院,航82
2008011628,郭永翔,男,山西,省实验中学,航院,航82
2008011629,张韵,女,广西,河池高级中学,航院,航82
2008011630,罗堃宇,男,四川,成都市第七中学,航院,航83
2008011631,商志昊,男,山东,山东省北镇中学,航院,航83
2008011632,王栋,男,河南,北大附中河南分校,航院,航83
2008011633,刘亚冰,男,河南,禹州第一高级中学,航院,航83
2008011634,冯涛,男,山西,壶关县招生办,航院,航83
2008011635,邓帅,男,内蒙古,包头市九中,航院,航83
2008011636,李昂,男,湖北,武汉市第二中学,航院,航83
2008011637,温浩彦,男,广东,306001,航院,航83
2008011638,胡青林,男,福建,长汀一中,航院,航83
2008011639,莫与明,男,贵州,都匀市一中,航院,航83
2008011640,顾永鹏,男,广西,武鸣县武鸣高级中学,航院,航83
2008011641,江斌,男,江西,鹰潭市贵溪市第一中学,航院,航83
2008011642,朱辉,男,上海,上海市闵行中学,航院,航83
2008011643,常新伟,男,北京,北京市密云县第二中学,航院,航83
2008011644,汪治,女,北京,北京市第八中学,航院,航83
2008011645,万宇,男,陕西,西北工业大学附中,航院,航83
2008011646,马强,男,辽宁,东北育才,航院,航83
2008011647,陈云,女,四川,南充十中,航院,航83
2008011648,任柠,男,浙江,浙江省春晖中学,航院,航83
2008011649,刘天舒,男,北京,北京市第八中学,航院,航83
2008011650,宋枭雄,男,云南,玉溪一中,航院,航83
2008011651,郭昊原,男,天津,耀华中学,航院,航83
2008011652,胡剑桥,男,湖北,荆门市龙泉中学,航院,航83
2008011653,陆蔚,男,上海,上海市上海中学,航院,航83
2008011654,陈祥,男,江苏,盐城中学,航院,航83
2008011655,徐意,男,北京,北京市第八十中学,航院,航83
2008011656,艾凌青,男,北京,北京大学附属中学,航院,航83
2008011657,张健,男,黑龙江,哈尔滨市三中,航院,航84
2008011658,曾庆磊,男,山东,沂南县第一中学,航院,航84
2008011659,朴敏,女,吉林,长春朝鲜族中学,航院,航84
2008011660,刘立祺,男,山东,胶南市第二中学,航院,航84
2008011661,陈绍毅,男,重庆,万州第二高级中学,航院,航84
2008011662,王鑫淼,男,广东,1302001,航院,航84
2008011663,何蒙,男,湖北,钟祥市第一中学,航院,航84
2008011664,赵宇骁,男,浙江,台州中学,航院,航84
2008011665,包屹,男,云南,个旧市第一中学,航院,航84
2008011666,师东,男,陕西,西北工业大学附中,航院,航84
2008011667,张民楷,男,河南,同等学历报考,航院,航84
2008011668,张志博,男,天津,七中,航院,航84
2008011669,张亚欣,女,云南,云南大学附属中学,航院,航84
2008011670,景孝杰,男,山西,运城康杰二中(往),航院,航84
2008011671,庄严,男,福建,南安一中,航院,航84
2008011672,田奇,男,北京,北京市顺义区第一中学,航院,航84
2008011673,张力,男,江苏,南师大附中,航院,航84
2008011674,王宁羽,男,河南,郑州市第一中学,航院,航84
2008011675,杨超,男,河北,石家庄市第二中学,航院,航84
2008011676,赵海洋,男,内蒙古,内蒙古师范大学附属中学,航院,航84
2008011677,杨硕,男,宁夏,吴忠中学,航院,航84
2008011678,梁骁俊,男,湖南,长沙市一中,航院,航84
2008011679,郭凯,男,北京,北京市十一学校,航院,航84
2008011680,杜知恒,男,四川,绵阳东辰国际学校,航院,航84
2008011681,陈科行,男,浙江,浙江省诸暨中学,航院,航84
2008011682,王君纬,男,上海,上海复旦大学附属中学,航院,航84
2008011683,陶龄浩,男,北京,北京师范大学附属实验中学,航院,航84
2008011684,李正宇,男,吉林,延边一中,工物系,工物81
2008011685,武建安,男,甘肃,镇原中学,工物系,工物81
2008011686,汪云峰,男,浙江,浙江省湖州中学,工物系,工物81
2008011687,李宇男,男,黑龙江,齐市实验中学,工物系,工物81
2008011688,胡盼盼,男,安徽,168中学,工物系,工物81
2008011689,李铮,男,陕西,西北工业大学附中,工物系,工物81
2008011690,陈良才,男,安徽,庐江中学,工物系,工物81
2008011691,牛学森,男,河南,中原油田第一中学,工物系,工物81
2008011692,章颖,女,湖北,浠水县第一中学,工物系,工物81
2008011693,杨戴天杙,男,湖北,华中师范大学第一附属中学,工物系,工物81
2008011694,于鉴,男,山东,平度市第九中学,工物系,工物81
2008011695,武祯,女,内蒙古,包钢一中,工物系,工物81
2008011696,任信信,男,贵州,贵阳市第一中学,工物系,工物81
2008011697,邹象,男,贵州,遵义航天中学,工物系,工物81
2008011698,范敦煌,男,福建,上杭一中,工物系,工物81
2008011699,李光锐,男,福建,莆田四中,工物系,工物81
2008011700,黄种亮,男,福建,南安一中,工物系,工物81
2008011701,李丹阳,女,广西,广西师大附属外国语学校,工物系,工物81
2008011702,季耿,男,北京,北京市第五中学,工物系,工物81
2008011703,陈映璇,女,江苏,南京师范大学附属扬子中学,工物系,工物81
2008011704,杨耀,男,江苏,省溧阳中学,工物系,工物81
2008011705,邰扬,男,安徽,合肥1中,工物系,工物81
2008011706,尚鸿,男,新疆,乌鲁木齐市一中,工物系,工物81
2008011707,苏伯尼,男,北京,北京市第四中学,工物系,工物81
2008011708,张一鸣,男,湖北,孝感高级中学,工物系,工物81
2008011709,李佳聪,男,天津,耀华中学,工物系,工物81
2008011710,赵骥,男,河北,河北衡水中学,工物系,工物81
2008011711,陈上河,男,广东,803001,工物系,工物81
2008011712,成昱旻,男,湖南,娄底二中,工物系,工物81
2008011713,李钦蕾,男,山东,滨州市邹平县第一中学,工物系,工物81
2008011714,张宇楠,男,辽宁,东北育才学校,工物系,工物81
2008011715,焦鹏飞,男,内蒙古,呼市二中,工物系,工物81
2008011716,陈羽,男,福建,福州一中,工物系,工物81
2008011717,洪波,男,江西,临川第二中学,工物系,工物81
2008011718,周新,女,北京,北京师范大学附属实验中学,工物系,工物81
2008011719,张振,男,江苏,徐州市第一中学,工物系,工物81
2008011720,杨震林,男,江苏,盐城中学,工物系,工物81
2008011721,王毕功,男,北京,北京市第四中学,工物系,工物81
2008011722,周彬,男,浙江,余姚中学,工物系,工物82
2008011723,高扬,男,陕西,西安铁一中,工物系,工物82
2008011724,孙昊,男,安徽,铜陵市第一中学,工物系,工物82
2008011725,张国浩,男,湖北,华中师范大学第一附属中学,工物系,工物82
2008011726,宗志恒,男,河南,郑州一中,工物系,工物82
2008011727,吴晓伟,男,安徽,合肥1中,工物系,工物82
2008011728,李昌镐,男,贵州,贵州师大附中,工物系,工物82
2008011729,秦长平,男,山东,昌邑市文山中学,工物系,工物82
2008011730,王志伟,男,山东,寿光一中,工物系,工物82
2008011731,李晨曦,男,河北,肃宁县第一中学,工物系,工物82
2008011732,陈偲,女,湖北,宜昌市夷陵中学,工物系,工物82
2008011733,陈荣梅,男,福建,三明一中,工物系,工物82
2008011734,李欣,女,贵州,贵阳市第一中学,工物系,工物82
2008011735,傅楗强,男,福建,连城一中,工物系,工物82
2008011736,刘平,男,湖南,冷江市一中,工物系,工物82
2008011737,张震,男,广西,广西南宁市第三中学,工物系,工物82
2008011738,黄威霖,男,福建,南平一中,工物系,工物82
2008011739,江灏,男,江西,婺源县天佑中学,工物系,工物82
2008011740,王倩,女,北京,北京市通州区潞河中学,工物系,工物82
2008011741,张晓桐,男,北京,北京市顺义区第一中学,工物系,工物82
2008011742,许佳鹏,女,北京,北京景山学校,工物系,工物82
2008011743,吴凡,男,北京,北京市通州区潞河中学,工物系,工物82
2008011744,吴锐,男,湖北,襄樊市第五中学,工物系,工物82
2008011745,王奕捷,男,广东,中山纪念中学,工物系,工物82
2008011746,刘洪楠,男,吉林,辽源市第五中学,工物系,工物82
2008011747,李志立,男,甘肃,陇西县第一中学,工物系,工物82
2008011748,胡宇晨,男,浙江,杭州余杭高级中学,工物系,工物82
2008011749,岳洁东,男,陕西,西北工业大学附中,工物系,工物82
2008011750,李腾麟,男,辽宁,东北育才学校,工物系,工物82
2008011751,李岩,男,辽宁,本溪市高级中学,工物系,工物82
2008011752,乔峰,男,山西,长治市二中(应),工物系,工物82
2008011753,鲁雪莹,女,河南,郑州一中,工物系,工物82
2008011754,黄欣杰,男,福建,龙岩一中,工物系,工物82
2008011755,斯秀明,女,上海,上海市格致中学,工物系,工物82
2008011756,李翔,男,上海,上海市嘉定区第一中学,工物系,工物82
2008011757,郭硕,男,北京,北京市第四中学,工物系,工物82
2008011758,汪勇,男,江苏,江苏省淮阴中学,工物系,工物82
2008011759,吴益鹏,男,江苏,如东高级中学,工物系,工物82
2008011760,李琦,男,四川,内江六中,工物系,工物83
2008011761,钟昆,男,四川,简阳市简阳中学,工物系,工物83
2008011762,万阳,男,河南,罗山高中,工物系,工物83
2008011763,姚立,男,河南,中原油田第一中学,工物系,工物83
2008011764,孟晨旭,男,河南,中原油田第一中学,工物系,工物83
2008011765,罗蒙,男,四川,广元中学,工物系,工物83
2008011766,邢政利,男,河南,北大附中河南分校,工物系,工物83
2008011767,罗兴旺,男,河南,商丘市第一高级中学,工物系,工物83
2008011768,张茹,女,陕西,澄城中学,工物系,工物83
2008011769,冯昱骏,男,湖北,武汉市第三中学,工物系,工物83
2008011770,张松,男,陕西,泾干中学,工物系,工物83
2008011771,黄琪婕,女,陕西,高新一中,工物系,工物83
2008011772,王伟,男,湖南,浏阳市一中,工物系,工物83
2008011773,石向阳,男,河南,鄢陵县二高,工物系,工物83
2008011774,张祺,男,贵州,安顺市一中,工物系,工物83
2008011775,王刚,男,贵州,盘县一中,工物系,工物83
2008011776,聂赞,男,湖南,衡阳县一中,工物系,工物83
2008011777,李旭,男,贵州,遵义清华中学,工物系,工物83
2008011778,经文,男,广西,广西师大附属外国语学校,工物系,工物83
2008011779,黄展常,男,广西,玉林高中,工物系,工物83
2008011780,张存禄,男,天津,实验中学,工物系,核81
2008011781,何兵,男,四川,巴中中学,工物系,核81
2008011782,郭治鹏,男,四川,洪雅中学,工物系,核81
2008011783,张聪,男,四川,三台中学,工物系,核81
2008011784,赵江滨,男,山东,安丘一中,工物系,核81
2008011785,贺艳秋,女,四川,安居育才中学,工物系,核81
2008011786,陈硕,男,四川,四川省大英中学,工物系,核81
2008011787,柯锐,男,河南,固始慈济高级中学,工物系,核81
2008011788,刘永,男,河南,西平县高级中学,工物系,核81
2008011789,李世锐,男,安徽,怀远招办3,工物系,核81
2008011790,王佳明,男,陕西,宝鸡中学,工物系,核81
2008011791,邓啸,男,湖北,宜都市第一高级中学,工物系,核81
2008011792,孔晓东,男,甘肃,礼县第二中学,工物系,核81
2008011793,徐超,男,湖北,荆门市龙泉中学,工物系,核81
2008011794,殷通,男,陕西,西安铁一中,工物系,核81
2008011795,熊鑫,男,江西,临川第二中学往届,工物系,核81
2008011796,袁科亮,男,湖南,湘机中学,工物系,核81
2008011797,张雷敏,女,湖北,来凤县第一中学,工物系,核81
2008011798,喻鹏,男,江西,南昌县莲塘一中往届,工物系,核81
2008011799,郭键,男,山西,应县四中,工物系,核81
2008011800,曹云,男,内蒙古,鄂尔多斯市第一中学,工物系,核81
2008011801,崔尧,男,山西,长治太行中学(应),工物系,核81
2008011802,陈鑫儒,男,江西,万载中学,工物系,核81
2008011803,张林,男,青海,四川省中学,工物系,核81
2008011804,向宏志,男,湖南,泸溪县第一中学,工物系,核81
2008011805,石西森,男,青海,敦煌基地中学,工物系,核81
2008011806,覃英参,女,广西,环江高级中学,工物系,核81
2008011807,金寿鹏,男,江苏,省锡中,工物系,核81
2008011808,盛静,女,江苏,江苏省靖江高级中学,工物系,核81
2008011809,周泽,男,江苏,江苏省前黄高级中学,工物系,核81
2008011810,魏宗岚,男,四川,资阳中学,工物系,核82
2008011811,许钞俊,男,四川,中江中学,工物系,核82
2008011812,赵鲁宝,男,山东,安丘一中,工物系,核82
2008011813,李权,男,四川,巴中中学,工物系,核82
2008011814,徐学山,男,山东,诸城一中,工物系,核82
2008011815,董元元,男,四川,绵竹中学,工物系,核82
2008011816,胡钰文,男,四川,成都市第十八中学,工物系,核82
2008011817,马伟,男,甘肃,会宁县第一中学,工物系,核82
2008011818,张健鑫,男,内蒙古,赤峰英才学校,工物系,核82
2008011819,余婧懿,女,陕西,西北工业大学附中,工物系,核82
2008011820,张进荣,男,甘肃,文县第一中学,工物系,核82
2008011821,汪屿,男,安徽,枞阳县浮山中学,工物系,核82
2008011822,鄂彦志,男,辽宁,本溪市高级中学,工物系,核82
2008011823,姚浩田,男,河南,临颍县第一高级中学,工物系,核82
2008011824,乔鹏瑞,男,河南,新密市第一高级中学,工物系,核82
2008011825,昌林,男,安徽,金寨县第一中学,工物系,核82
2008011826,蔡云,男,湖北,石首市第一中学,工物系,核82
2008011827,高强,男,陕西,瑞泉中学,工物系,核82
2008011828,唐智辉,男,湖南,洞口县一中,工物系,核82
2008011829,高剑波,男,山西,阳泉荣昌中学,工物系,核82
2008011830,李云飞,男,河北,裕华区石家庄外国语学校,工物系,核82
2008011831,吴小飞,男,江西,临川第一中学往届,工物系,核82
2008011832,王梦溪,女,山西,晋城一中,工物系,核82
2008011833,向左鲜,男,湖南,桑植一中,工物系,核82
2008011834,林超,男,江西,南昌县莲塘一中往届,工物系,核82
2008011835,陈璐瑶,女,广西,河池市第二高级中学,工物系,核82
2008011836,祁昆,男,青海,湟川中学,工物系,核82
2008011837,罗芳绘,女,广西,罗城县高级中学,工物系,核82
2008011838,余韵寒,女,江苏,如东高级中学,工物系,核82
2008011839,周迪,男,江苏,南师大附中,工物系,核82
2008011840,唐艺峰,男,山东,莱阳九中,化工系,分8
2008011841,曾一鸣,男,湖北,华中师范大学第一附属中学,化工系,分8
2008011842,时晨,男,浙江,德清县求是高级中学,化工系,分8
2008011843,宋桥,男,山东,昌邑市第一中学,化工系,分8
2008011844,梁悦,男,陕西,高新一中,化工系,分8
2008011845,刘丹,女,河北,河北省唐山市遵化市第一中学,化工系,分8
2008011846,黄旭琛,男,福建,南安一中,化工系,分8
2008011847,马林,女,福建,连城一中,化工系,分8
2008011848,王腾,男,北京,北京市顺义区杨镇第一中学,化工系,分8
2008011849,王雨墨,男,北京,北京市十一学校,化工系,分8
2008011850,陆思畅,女,北京,北京市第一０一中学,化工系,分8
2008011851,孙颖昊,女,北京,北京师范大学附属实验中学,化工系,分8
2008011852,杨湾湾,女,江苏,江苏省东海高级中学,化工系,分8
2008011853,沈洁,女,江苏,江苏省扬州中学,化工系,分8
2008011854,周欣然,男,天津,天津市南开中学,化工系,分8
2008011855,潘碧宸,男,湖南,长沙市一中,化工系,分8
2008011856,王雪莹,女,河南,郑州市第一中学,化工系,分8
2008011857,蒋良虎,男,贵州,贵州省安顺市第一高级,化工系,分8
2008011858,杜源,男,湖北,武汉市第三中学,化工系,分8
2008011859,袁浩歌,男,辽宁,本溪市高级中学,化工系,分8
2008011860,邱海悦,女,江苏,江苏省东台中学,化工系,分8
2008011861,章文翔,男,浙江,苍南中学,化工系,分8
2008011862,徐昆仑,男,湖北,鄂南高中,化工系,分8
2008011863,罗诚,男,浙江,宁波市镇海中学,化工系,分8
2008011864,马怡嘉,女,浙江,慈溪中学,化工系,分8
2008011865,李皛,女,北京,北京市十一学校,化工系,分8
2008011866,刘经纬,男,吉林,东北师大附属中学,化工系,分8
2008011867,李佩龙,男,甘肃,会宁县第一中学,化工系,化81
2008011868,岳楹超,男,山东,荣成市第一中学,化工系,化81
2008011869,白骜骏,男,安徽,桐城中学,化工系,化81
2008011870,罗伟亮,男,广东,606001,化工系,化81
2008011871,张圆满,男,湖北,荆门市龙泉中学,化工系,化81
2008011872,施航,男,浙江,浙江省舟山中学,化工系,化81
2008011873,龚涧,男,陕西,西北工业大学附中,化工系,化81
2008011874,程驰,女,辽宁,鞍山市第一中学,化工系,化81
2008011875,刘建权,男,天津,芦台一中,化工系,化81
2008011876,肖梦妍,女,湖南,邵东一中,化工系,化81
2008011877,张宇,男,山西,运城康杰中学,化工系,化81
2008011878,李宗骏,男,河南,郑州四十七中,化工系,化81
2008011879,徐剑韬,男,广西,河池高级中学,化工系,化81
2008011880,蒋宇,男,北京,北京师范大学附属实验中学,化工系,化81
2008011881,朱文亮,男,北京,北京市延庆县第一中学,化工系,化81
2008011882,杨倩,女,北京,北京市昌平区第一中学,化工系,化81
2008011883,原越,女,山西,长治市二中(应),化工系,化81
2008011884,沈宇丰,男,福建,厦门第一中学,化工系,化81
2008011885,宁伟,男,四川,四川省绵阳南山中学,化工系,化81
2008011886,周文博,男,河北,承德市第一中学,化工系,化81
2008011887,杨千里,男,江苏,江苏省前黄高级中学,化工系,化81
2008011888,曾永超,男,四川,成都市第七中学,化工系,化81
2008011889,谷田,男,黑龙江,哈尔滨市三中,化工系,化81
2008011890,徐克,男,吉林,吉林一中,化工系,化81
2008011891,刘松霖,男,辽宁,东港市第二中学,化工系,化81
2008011892,王儒润,女,浙江,浙江省湖州中学,化工系,化81
2008011893,张畅,女,河南,郑州一中,化工系,化81
2008011894,刘畅,女,江苏,江苏省淮阴中学,化工系,化81
2008011895,许骜然,男,北京,北京市第四中学,化工系,化81
2008011896,陈雨濛,女,北京,中国人民大学附属中学,化工系,化81
2008011897,曾丰,男,海南,海南省华侨中学,化工系,化82
2008011898,王志强,男,吉林,桦甸四中,化工系,化82
2008011899,刘梦迪,女,吉林,舒兰一中,化工系,化82
2008011900,王伟,男,山东,山东省实验中学,化工系,化82
2008011901,石四维,男,四川,绵竹中学,化工系,化82
2008011902,王小雪,女,甘肃,兰化中小学总校三中,化工系,化82
2008011903,刘喆轩,男,湖北,武汉市第六中学,化工系,化82
2008011904,童川,男,安徽,无为中学,化工系,化82
2008011905,许迪恺,男,广东,103023,化工系,化82
2008011906,张琬露,女,湖北,武汉市第二中学,化工系,化82
2008011907,褚一峰,男,青海,山东省中学,化工系,化82
2008011908,林茜妍,女,福建,福鼎市一中,化工系,化82
2008011909,何帅,男,北京,北京市第二中学,化工系,化82
2008011910,张喆,女,北京,北京市第八十中学,化工系,化82
2008011911,何博阳,男,陕西,西北工业大学附中,化工系,化82
2008011912,韩科航,男,浙江,慈溪中学,化工系,化82
2008011913,张书锚,男,福建,厦门市同安一中,化工系,化82
2008011914,刘辉,男,河北,邯郸市第一中学,化工系,化82
2008011915,周伟国,男,江苏,江苏省前黄高级中学,化工系,化82
2008011916,侯思超,男,北京,北京市第十二中学,化工系,化82
2008011917,张宏达,男,天津,实验中学,化工系,化82
2008011918,张宁远,男,贵州,贵阳市第一中学,化工系,化82
2008011919,郭俊生,男,内蒙古,包头市九中,化工系,化82
2008011920,贾曌,女,山西,省实验中学,化工系,化82
2008011921,安迪,男,河南,河南省实验中学,化工系,化82
2008011922,张辇,女,江苏,江苏省扬中高级中学,化工系,化82
2008011923,林心婷,女,北京,北京市十一学校,化工系,化82
2008011924,郁澄,男,北京,北京市十一学校,化工系,化82
2008011925,刘宇,男,黑龙江,哈市第九中学,化工系,化82
2008011926,王昕,男,辽宁,大连第八中学,化工系,化82
2008011927,吴可荆,男,四川,威远中学,化工系,化83
2008011928,麦帅,男,四川,四川省绵阳中学,化工系,化83
2008011929,钱金戋,女,新疆,北大附中新疆分校,化工系,化83
2008011930,李旭,男,安徽,全椒中学,化工系,化83
2008011931,孔垂岩,男,黑龙江,齐市实验中学,化工系,化83
2008011932,张琦,男,浙江,浙江省舟山中学,化工系,化83
2008011933,高寒宇,男,湖北,华中师范大学第一附属中学,化工系,化83
2008011934,徐晓敏,女,湖北,新洲区一中,化工系,化83
2008011935,李虹禹,女,内蒙古,鄂尔多斯市第一中学,化工系,化83
2008011936,庄琪琛,男,山东,滕州市第一中学新校,化工系,化83
2008011937,杨晓东,男,贵州,兴义市八中,化工系,化83
2008011938,张帅,男,湖南,长沙市一中,化工系,化83
2008011939,张翎,男,山西,省实验中学,化工系,化83
2008011940,梁璠,男,辽宁,朝阳市第二高级中学,化工系,化83
2008011941,杨欢,男,福建,松溪一中,化工系,化83
2008011942,葛雪惠,女,福建,建瓯一中,化工系,化83
2008011943,曹晨熙,男,广西,广西柳州高级中学,化工系,化83
2008011944,刘诗文,男,江西,九江市一中,化工系,化83
2008011945,程梅,女,江苏,江苏省泰州中学,化工系,化83
2008011946,武悦,女,北京,北京师范大学良乡附属中学,化工系,化83
2008011947,蒋率,男,北京,北京市第五中学,化工系,化83
2008011948,夏天,男,河北,河北衡水中学,化工系,化83
2008011949,陈天驰,女,江苏,江苏省南通中学,化工系,化83
2008011950,赵菁菁,女,北京,中国人民大学附属中学,化工系,化83
2008011951,李家辉,男,北京,北京市第一七一中学,化工系,化83
2008011952,韩翔,男,新疆,乌鲁木齐市一中,化工系,化83
2008011953,李元,男,陕西,高新一中,化工系,化83
2008011954,徐申骏,男,上海,上海市延安中学,化工系,化83
2008011955,李骥,男,北京,北京市第四中学,化工系,化83
2008011956,梁玥,女,黑龙江,哈尔滨市三中,材料系,材81
2008011957,李江南,男,四川,昭觉县中学,材料系,材81
2008011958,吴迪,女,山东,山东省临沭县第一中学,材料系,材81
2008011959,田露,女,陕西,西安铁一中,材料系,材81
2008011960,牛致远,男,浙江,杭州市第二中学,材料系,材81
2008011961,林雨潇,男,湖南,湘一,材料系,材81
2008011962,董士林,男,河北,河北正定中学,材料系,材81
2008011963,常大庆,男,辽宁,盘锦市高级中学,材料系,材81
2008011964,王恺,女,天津,芦台一中,材料系,材81
2008011965,张振兴,男,内蒙古,包头市第一中学,材料系,材81
2008011966,伍亮,男,广西,桂林市第十八中学,材料系,材81
2008011967,陈良,男,河南,南阳市第一中学,材料系,材81
2008011968,胡禛,男,江西,婺源县紫阳中学,材料系,材81
2008011969,赵慰天,男,北京,北京市第八中学,材料系,材81
2008011970,杨舒,女,北京,北京市第一０一中学,材料系,材81
2008011971,刘张铂泷,男,北京,清华大学附属中学,材料系,材81
2008011972,陆启阳,男,江苏,江苏省淮阴中学,材料系,材81
2008011973,杨楠,男,吉林,东北师大附属中学,材料系,材81
2008011974,陈升伟,男,云南,曲靖市第一中学,材料系,材81
2008011975,陈家轲,男,湖南,湖南省长郡中学,材料系,材81
2008011976,邓必为,男,安徽,安庆一中,材料系,材81
2008011977,周颖,女,贵州,贵阳市第一中学,材料系,材81
2008011978,李晓沛,男,海南,海口市第一中学,材料系,材81
2008011979,张宁,男,新疆,乌鲁木齐市八中,材料系,材81
2008011980,王江,男,浙江,宁波市镇海中学,材料系,材81
2008011981,李原,男,北京,北京师范大学第二附属中学,材料系,材81
2008011982,董斯鸣,男,天津,耀华中学,材料系,材81
2008011983,李仁杰,男,湖南,衡阳市八中,材料系,材81
2008011984,龚慕南,女,广东,402001,材料系,材81
2008011985,罗希楠,男,黑龙江,哈尔滨市三中,材料系,材81
2008011986,蒋浩龙,男,湖南,麓山国际实验学校,材料系,材81
2008011987,殷梦雅,女,新疆,乌鲁木齐市一中,材料系,材82
2008011988,曲建州,男,山东,莱州一中,材料系,材82
2008011989,张冠楠,女,吉林,松原市职业高中,材料系,材82
2008011990,张玉骏,男,甘肃,西北师大附属中学,材料系,材82
2008011991,董岩皓,男,安徽,168中学,材料系,材82
2008011992,王梦哲,男,广东,303021,材料系,材82
2008011993,成婧,女,湖北,赤壁市第一中学,材料系,材82
2008011994,杨闻韶,男,湖南,岳阳市一中,材料系,材82
2008011995,王治璇,女,贵州,水城矿务局一中,材料系,材82
2008011996,李洪宇,男,河北,河北省唐山市丰南区大新庄高中,材料系,材82
2008011997,冯雁楠,男,河南,新乡市一中,材料系,材82
2008011998,王加煨,男,福建,福鼎市一中,材料系,材82
2008011999,徐强,男,浙江,浙江省东阳中学,材料系,材82
2008012000,孙伟,男,山西,大同一中,材料系,材82
2008012001,顾俊骥,男,上海,上海市曹杨第二中学,材料系,材82
2008012002,虞靳,男,江苏,江苏省天一中学,材料系,材82
2008012003,赵云飞,男,北京,北京市第十二中学,材料系,材82
2008012004,马钰舒,女,北京,中国人民大学附属中学,材料系,材82
2008012005,唐瀚楀,男,台湾,北京市日坛中学,材料系,材82
2008012006,雷岳川,男,四川,成都市第七中学,材料系,材82
2008012007,沈浪,男,湖南,湖南省长沙市第一中学,材料系,材82
2008012008,毕高源,男,辽宁,大连市第二十四中学,材料系,材82
2008012009,李思钊,男,黑龙江,哈尔滨市三中,材料系,材82
2008012010,胡杨,男,内蒙古,内蒙古海拉尔第二中学,材料系,材82
2008012011,李端辉,男,广西,广西柳州高级中学,材料系,材82
2008012012,周雁飞,男,重庆,重庆市巴蜀中学,材料系,材82
2008012013,周婵婧,女,江苏,南师大附中,材料系,材82
2008012014,吴子健,男,北京,北京大学附属中学,材料系,材82
2008012015,李炘,男,北京,北京师范大学附属实验中学,材料系,材82
2008012016,许子豪,男,湖南,湘潭市第一中学,材料系,材82
2008012017,裘嘉璐,女,广东,304004,材料系,材82
2008012018,刘柯希,男,四川,南充十中,材料系,材83
2008012019,于海宁,女,黑龙江,大庆市实验中学,材料系,材83
2008012020,关玉函,男,吉林,长春市第十一中学,材料系,材83
2008012021,管凤仪,女,云南,曲靖市第一中学,材料系,材83
2008012022,李明洋,男,安徽,合肥1中,材料系,材83
2008012023,江崧骥,男,云南,昆明市第十中学,材料系,材83
2008012024,苏诗茗,女,湖北,华中师范大学第一附属中学,材料系,材83
2008012025,罗昭初,男,浙江,浙江省武义第一中学,材料系,材83
2008012026,皮越洋,男,辽宁,朝阳市第二高级中学,材料系,材83
2008012027,宁帅,男,河北,河北省唐山市迁安市第一中学,材料系,材83
2008012028,李思杨,女,江西,江西省景德镇一中,材料系,材83
2008012029,马雪恬,女,北京,北京市第四中学,材料系,材83
2008012030,纪世玮,男,北京,北京市密云县第二中学,材料系,材83
2008012031,廖振宇,男,湖南,长沙市雅礼中学,材料系,材83
2008012032,柴玮,男,山西,山西省实验中学,材料系,材83
2008012033,谢塞恩,男,广东,深圳市深圳中学,材料系,材83
2008012034,李哲,男,广西,广西柳州高级中学,材料系,材83
2008012035,刘凯,男,湖南,湖南师大附中,材料系,材83
2008012036,翁志亮,男,新疆,乌鲁木齐市一中,材料系,材83
2008012037,王致远,男,山东,山东省青岛第二中学,材料系,材83
2008012038,王一培,女,北京,北京师大二附中,材料系,材83
2008012039,范烨,男,北京,北京市第四中学,材料系,材83
2008012040,姚霁耘,男,湖北,华中师范大学第一附属中学,材料系,材83
2008012041,戎子钦,男,江苏,南京师范大学附属中学,材料系,材83
2008012042,王益莘,男,上海,上海市上海中学,材料系,材83
2008012043,郭思枞,男,福建,厦门第一中学,材料系,材83
2008012044,吴浩哲,男,北京,北京市第四中学,材料系,材83
2008012045,王元佳,女,广东,,材料系,材83
2008012046,黄成杰,男,黑龙江,大庆中学,材料系,材83
2008012047,王元余,男,湖南,衡南一中,材料系,材83
2008012048,李璐,女,四川,成都市石室中学,理学院,基科8
2008012049,黄松,男,陕西,安康中学,理学院,基科8
2008012050,王健,男,黑龙江,齐市实验中学,理学院,基科8
2008012051,陈梦雪,女,天津,一中,理学院,基科8
2008012052,汤晨阳,男,山东,烟台二中,理学院,基科8
2008012053,施舒哲,男,广东,784001,理学院,基科8
2008012054,董帅,男,山西,运城康杰二中(往),理学院,基科8
2008012055,陈国玉,男,安徽,枞阳县浮山中学,理学院,基科8
2008012056,赵芬芳,女,河南,临颍县第一高级中学,理学院,基科8
2008012057,丁志荣,男,福建,福州一中,理学院,基科8
2008012058,韩秋怡,女,上海,上海市实验学校,理学院,基科8
2008012059,蔡涅,男,北京,北方交通大学附属中学,理学院,基科8
2008012060,张弘琳,男,北京,清华大学附属中学,理学院,基科8
2008012061,吴瑞之,男,浙江,金华市第一中学,理学院,基科8
2008012062,杨大猷,男,四川,成都七中,理学院,基科8
2008012063,王骁,男,甘肃,西北师大附属中学,理学院,基科8
2008012064,谭喻文,男,湖南,长沙市雅礼中学,理学院,基科8
2008012065,司健,男,河南,河南师范大学附属中学,理学院,基科8
2008012066,王双雨,男,江苏,江苏省扬州中学,理学院,基科8
2008012067,陈思维,男,上海,华东师大二附中,理学院,基科8
2008012068,傅文博,男,辽宁,东北育才学校,理学院,基科8
2008012069,钱天琛,男,上海,上海市上海中学,理学院,基科8
2008012070,沈非若,男,北京,中国人民大学附属中学,理学院,基科8
2008012071,关国卉,男,湖北,公安县第一中学,理学院,基科81
2008012072,贾继莹,男,山东,枣庄三中,理学院,基科81
2008012073,贾硕,男,陕西,西北工业大学附中,理学院,基科81
2008012074,靳宛君,女,河南,西峡县第一高级中学,理学院,基科81
2008012075,张云峰,男,安徽,淮北市第一中学,理学院,基科81
2008012076,肖传喆,男,辽宁,普兰店市往届生,理学院,基科81
2008012077,谭健锴,男,广西,广西师大附属外国语学校,理学院,基科81
2008012078,赵桐,男,北京,北京汇文中学,理学院,基科81
2008012079,曹天成,男,北京,首都师范大学附属中学,理学院,基科81
2008012080,王丹,男,甘肃,西北师大附属中学,理学院,基科81
2008012081,田天,男,四川,成都市第七中学,理学院,基科81
2008012082,刘诗南,男,湖南,湖南省长沙市第一中学,理学院,基科81
2008012083,甘雨,男,福建,建阳市第一中学,理学院,基科81
2008012084,叶晨,男,浙江,浙江金华第一中学,理学院,基科81
2008012085,何骥,男,江苏,南京师范大学附属中学,理学院,基科81
2008012086,温彦斌,男,上海,华东师范大学第二附属中学,理学院,基科81
2008012087,季凡博,男,黑龙江,大庆一中,理学院,基科81
2008012088,廉骉,男,山西,山西省实验中学,理学院,基科81
2008012089,傅宇龙,男,天津,耀华中学,理学院,基科81
2008012090,李是,女,河北,石家庄市第二中学,理学院,基科81
2008012091,蔡许许,女,上海,上海市行知中学,理学院,基科81
2008012092,叶琳达,女,四川,成都市第七中学,理学院,基科81
2008012093,高原骏,男,上海,华东师范大学第二附属中学,理学院,基科81
2008012094,曹锐创,男,陕西,咸阳市实验中学,理学院,基科82
2008012095,周梦丹,女,湖北,华中师范大学第一附属中学,理学院,基科82
2008012096,邓海晏,男,湖北,华中师范大学第一附属中学,理学院,基科82
2008012097,李骏,男,天津,汉沽一中,理学院,基科82
2008012098,刘政文,女,山西,太原五中,理学院,基科82
2008012099,尹忠斌,男,辽宁,普兰店市第二中学,理学院,基科82
2008012100,张超,男,青海,山东省中学,理学院,基科82
2008012101,黄治中,男,广西,柳州铁一中学,理学院,基科82
2008012102,朱子秋,男,北京,北京师范大学附属实验中学,理学院,基科82
2008012103,袁骏,男,北京,首都师范大学附属中学,理学院,基科82
2008012104,褚峥,女,北京,北京市第八中学,理学院,基科82
2008012105,郑搏萧,男,四川,绵阳东辰国际学校,理学院,基科82
2008012106,曾思成,男,湖南,雅礼中学,理学院,基科82
2008012107,吕琼石,男,江苏,南京外国语学校,理学院,基科82
2008012108,沈彤,男,上海,华东师范大学第二附属中学,理学院,基科82
2008012109,王梓,男,黑龙江,哈尔滨师大附中,理学院,基科82
2008012110,林宇轩,男,山东,山东师范大学附属中学,理学院,基科82
2008012111,谢松晏,男,福建,厦门双十中学,理学院,基科82
2008012112,吴永成,男,浙江,浙江金华第一中学,理学院,基科82
2008012113,王天齐,男,安徽,安徽省马鞍山市第二中学,理学院,基科82
2008012114,田璐,男,山西,阳城一中,理学院,基科82
2008012115,张潇潇,女,四川,成都市石室中学,理学院,基科82
2008012116,李昕宇,男,上海,上海交通大学附属中学,理学院,基科82
2008012117,楼玉婷,女,上海,上海市育才中学,理学院,基科82
2008012118,杨刚,男,吉林,东北师大附属中学,理学院,基科83
2008012119,任群,男,河北,邯郸市第一中学,理学院,基科83
2008012120,赵成,男,湖北,武汉市江夏区第一中学,理学院,基科83
2008012121,聂天田,女,湖北,华中师范大学第一附属中学,理学院,基科83
2008012122,双珍珍,女,山西,文水教育培训中心,理学院,基科83
2008012123,辜勇,男,江西,丰城二中,理学院,基科83
2008012124,郭星雨,男,江苏,江苏省邗江中学,理学院,基科83
2008012125,朱文泽,女,江苏,阜宁中学,理学院,基科83
2008012126,王宇宁,女,北京,清华大学附属中学,理学院,基科83
2008012127,刘劼玮,男,北京,北京市朝阳外国语学校,理学院,基科83
2008012128,张文昌,男,宁夏,银川市第二中学,理学院,基科83
2008012129,张骁骁,男,陕西,陕师大附属中学,理学院,基科83
2008012130,潘锦钊,男,广西,南宁市第二中学,理学院,基科83
2008012131,胡文伯,男,安徽,合肥1中,理学院,基科83
2008012132,胡骏,男,浙江,浙江省诸暨中学,理学院,基科83
2008012133,孙玉,男,上海,华东师范大学第二附属中学,理学院,基科83
2008012134,田昆,男,黑龙江,哈尔滨师大附中,理学院,基科83
2008012135,佟葆稼,男,北京,北京市第四中学,理学院,基科83
2008012136,程德华,男,山西,山大附中,理学院,基科83
2008012137,王亚溟,男,四川,成都市石室中学,理学院,基科83
2008012138,周春辉,男,山东,安丘一中,理学院,基科83
2008012139,龙明思,女,贵州,凯里市一中,理学院,基科83
2008012140,彭嘉钰,男,江苏,江苏省常州高级中学,理学院,基科83
2008012141,冯鑫,男,湖南,长郡中学,理学院,基科83
2008012142,门良杰,男,吉林,敦化实验中学,理学院,基科84
2008012143,佘睿,男,四川,绵竹中学,理学院,基科84
2008012144,徐迟,男,重庆,涪陵实验中学,理学院,基科84
2008012145,梁靓,女,浙江,宁波市镇海中学,理学院,基科84
2008012146,杨有为,男,河南,北大附中河南分校,理学院,基科84
2008012147,吴忠俊,女,贵州,兴义市八中,理学院,基科84
2008012148,熊伟,男,江西,江西师大附中,理学院,基科84
2008012149,何冠男,男,江苏,江苏省华罗庚中学,理学院,基科84
2008012150,陈兴,男,江苏,如皋中学,理学院,基科84
2008012151,曹伟华,男,北京,北京市大兴区第一中学,理学院,基科84
2008012152,王正,男,北京,中国人民大学附属中学,理学院,基科84
2008012153,高昂,男,河北,衡水中学,理学院,基科84
2008012154,胡千里,男,湖北,华中师范大学第一附属中学,理学院,基科84
2008012155,王韬,男,安徽,马鞍山二中,理学院,基科84
2008012156,方汉隆,男,浙江,浙江省诸暨中学,理学院,基科84
2008012157,张超,男,内蒙古,呼和浩特第二中学,理学院,基科84
2008012158,韦帆,女,北京,人大附中,理学院,基科84
2008012159,李俊儒,男,陕西,西安交大附中,理学院,基科84
2008012160,卞正阳,男,上海,华东师范大学附属第二中学,理学院,基科84
2008012161,高天琪,女,内蒙古,通辽五中,理学院,基科84
2008012162,柳嘉强,男,宁夏,银川九中,理学院,基科84
2008012163,宋萌,女,湖南,张家界一中,理学院,基科84
2008012164,张鸣一,男,黑龙江,哈尔滨市三中,理学院,基科84
2008012165,曹文冬,男,吉林,松原市实验高中,理学院,基科85
2008012166,赵二朋,男,河南,临颍县第三高级中学,理学院,基科85
2008012167,罗成婷,女,云南,云县第一中学,理学院,基科85
2008012168,潘雯瑜,女,广东,1601001,理学院,基科85
2008012169,吴成沛,男,广东,106001,理学院,基科85
2008012170,王梦露,女,辽宁,沈阳市第二中学,理学院,基科85
2008012171,邓诚,男,江西,新余市第四中学,理学院,基科85
2008012172,苗维玮,男,北京,北京市东直门中学,理学院,基科85
2008012173,陆琴,女,浙江,舟山中学,理学院,基科85
2008012174,王力乐,男,贵州,贵阳市第一中学,理学院,基科85
2008012175,陈力维,男,重庆,重庆巴蜀中学校,理学院,基科85
2008012176,张炜康,男,江苏,江苏省镇江中学,理学院,基科85
2008012177,浦月,男,上海,华东师范大学附属第二中学,理学院,基科85
2008012178,冯帆,男,河北,石家庄市第二中学,理学院,基科85
2008012179,潘文凯,男,上海,复旦大学附属中学,理学院,基科85
2008012180,任金波,男,陕西,西安市铁一中学,理学院,基科85
2008012181,陆松,男,江苏,江苏省海门中学,理学院,基科85
2008012182,王冲,男,安徽,铜陵一中,理学院,基科85
2008012183,朱艺航,男,浙江,杭州市第二中学,理学院,基科85
2008012184,张锦沛,男,宁夏,银川一中,理学院,基科85
2008012185,高启睿,男,内蒙古,包头市第一中学,理学院,基科85
2008012186,陆志云,女,北京,清华大学附属中学,理学院,基科85
2008012187,李可,男,北京,北京市第八十中学,理学院,基科85
2008012188,王冰青,男,湖北,武汉市第二中学,理学院,基科85
2008012189,王新河,男,新疆,奇台县一中,理学院,基科86
2008012190,孙楠,女,陕西,西北工业大学附中,理学院,基科86
2008012191,陈明,男,浙江,宁波市镇海中学,理学院,基科86
2008012192,张恒堃,男,河南,南阳市第一中学分校,理学院,基科86
2008012193,姜禹,男,辽宁,东北育才学校,理学院,基科86
2008012194,孟玮,男,贵州,水城矿务局一中,理学院,基科86
2008012195,姜镒栋,男,湖南,桃江县一中,理学院,基科86
2008012196,王俊鹏,男,北京,北京市密云县第二中学,理学院,基科86
2008012197,顾颖飞,男,江苏,江苏省海门中学,理学院,基科86
2008012198,纪文杰,女,安徽,安徽省马鞍山市第二中学,理学院,基科86
2008012199,刘佳奇,女,辽宁,大连育明高中,理学院,基科86
2008012200,汪野,男,上海,华东师大二附中,理学院,基科86
2008012201,宫广骅,男,吉林,吉林一中,理学院,基科86
2008012202,杨望,男,河北,石家庄市第二中学,理学院,基科86
2008012203,冯学玙,女,广东,深圳市高级中学,理学院,基科86
2008012204,胡建宏,男,江西,江西省高安中学,理学院,基科86
2008012205,张阳,男,广东,广东广雅中学,理学院,基科86
2008012206,张晨飞,男,陕西,西北工业大学附中,理学院,基科86
2008012207,梅家成,男,重庆,重庆市巴蜀中学,理学院,基科86
2008012208,赵立毅,男,上海,上海实验中学,理学院,基科86
2008012209,林博,男,安徽,淮南二中,理学院,基科86
2008012210,向阳,男,浙江,杭州市学军中学,理学院,基科86
2008012211,孙驰天,男,北京,北京市第八中学,理学院,基科86
2008012212,韩亦沫,女,北京,北京市第四中学,理学院,基科86
2008012213,杨鸿南,女,重庆,重庆市南开中学,理学院,基科87
2008012214,谭思昊,男,黑龙江,大庆一中,理学院,基科87
2008012215,李,男,甘肃,永登县第一中学,理学院,基科87
2008012216,郎凯,男,浙江,衢州市第二中学,理学院,基科87
2008012217,兰天,男,山东,胶州市实验中学,理学院,基科87
2008012218,戚欣,男,河南,信阳高中,理学院,基科87
2008012219,钱庆凯,男,云南,宣威市第一中学,理学院,基科87
2008012220,文斌,男,湖南,雅礼中学,理学院,基科87
2008012221,刘美英子,女,北京,北京市顺义牛栏山第一中学,理学院,基科87
2008012222,赵霖,男,北京,北京市西城区展览路街道,理学院,基科87
2008012223,蒋易凡,男,上海,华东师大二附中,理学院,基科87
2008012224,许育婷,女,福建,福建厦门一中,理学院,基科87
2008012225,王旭霏,女,辽宁,东北育才,理学院,基科87
2008012226,迟敬人,男,新疆,乌鲁木齐市一中,理学院,基科87
2008012227,车达,男,重庆,重庆一中,理学院,基科87
2008012228,陈卓昱,男,广东,深圳中学,理学院,基科87
2008012229,石来,男,上海,上海市格致中学,理学院,基科87
2008012230,曲航,男,辽宁,大连育明高中,理学院,基科87
2008012231,王若凡,男,河北,石家庄市第二中学,理学院,基科87
2008012232,宋晶晶,男,江苏,江苏省淮阴中学,理学院,基科87
2008012233,丁涛,男,浙江,宁波市镇海中学,理学院,基科87
2008012234,刘筱玥,女,陕西,高新一中,理学院,基科87
2008012235,居思远,男,北京,北京市第二中学,理学院,基科87
2008012236,朱臻垚,男,安徽,南陵县第一中学,理学院,基科87
2008012237,邹婉如,女,天津,耀华中学,理学院,基科88
2008012238,朱章,男,四川,仪陇中学金城校区,理学院,基科88
2008012239,李龙,男,黑龙江,哈市第九中学,理学院,基科88
2008012240,黄宜谊,男,浙江,嵊州市第一中学,理学院,基科88
2008012241,黄亚斌,男,河南,周口市第一高级中学,理学院,基科88
2008012242,刘佳阳,男,山东,山东省青岛第二中学,理学院,基科88
2008012243,张晓骁,男,湖南,雅礼中学,理学院,基科88
2008012244,刘伟航,男,福建,长汀一中,理学院,基科88
2008012245,张彰,男,北京,北京市延庆县第一中学,理学院,基科88
2008012246,汤思健,男,甘肃,西北师大附中,理学院,基科88
2008012247,余承徽,男,云南,云南师范大学附属中学,理学院,基科88
2008012248,方舟,男,江苏,江苏省无锡市第一中学,理学院,基科88
2008012249,朱慰,男,上海,上海市上海中学,理学院,基科88
2008012250,黄维然,男,上海,华东师大二附中,理学院,基科88
2008012251,林松,男,辽宁,大石桥市高级中学,理学院,基科88
2008012252,陈硕,男,河北,石家庄市第二中学,理学院,基科88
2008012253,陆镜伊,女,陕西,西北工业大学附中,理学院,基科88
2008012254,韩文雯,女,黑龙江,哈尔滨市三中,理学院,基科88
2008012255,田秋原,女,重庆,重庆市第八中学,理学院,基科88
2008012256,李书伟,男,北京,北京市第五中学,理学院,基科88
2008012257,郭锐,男,新疆,乌鲁木齐市一中,理学院,基科88
2008012258,王飞,女,山东,诸城一中,理学院,基科88
2008012259,麻玮祺,男,浙江,嘉兴市第一中学,理学院,基科88
2008012260,吴茂榕,男,广东,1302001,理学院,基科88
2008012261,郑庆飞,男,黑龙江,哈尔滨市第三中学（国际部）,化学系,化学81
2008012262,张凌,男,四川,四川省绵阳中学,化学系,化学81
2008012263,彭静,女,甘肃,兰炼第二中学,化学系,化学81
2008012264,郭彪,男,重庆,重庆市第八中学,化学系,化学81
2008012265,李熙,男,重庆,重庆市南开中学,化学系,化学81
2008012266,黄清泉,男,安徽,屯溪一中,化学系,化学81
2008012267,马天翼,男,天津,四中,化学系,化学81
2008012268,余成龙,男,湖北,新洲区一中,化学系,化学81
2008012269,田宁,女,内蒙古,赤峰元宝山区第一中学,化学系,化学81
2008012270,阿如罕,男,内蒙古,内蒙师大附中,化学系,化学81
2008012271,唐树,男,湖南,岳阳县一中,化学系,化学81
2008012272,郭旭东,男,河南,开封高中,化学系,化学81
2008012273,周航,男,江西,江西师大附中,化学系,化学81
2008012274,袁斌,男,福建,三明一中,化学系,化学81
2008012275,李婧,女,北京,北京市第八中学,化学系,化学81
2008012276,张湜溪,女,北京,北京大学附属中学,化学系,化学81
2008012277,李星野,男,北京,北京师范大学附属实验中学,化学系,化学81
2008012278,赵菡放,女,四川,四川省新都县第一中学,化学系,化学81
2008012279,李季,男,陕西,西安交通大学附中,化学系,化学81
2008012280,薛松,男,山东,枣庄市第八中学,化学系,化学81
2008012281,宋辰晨,女,辽宁,大连市第二十四中学,化学系,化学81
2008012282,郝昕,男,陕西,高新一中,化学系,化学81
2008012283,张凌博,女,浙江,浙江省舟山中学,化学系,化学81
2008012284,温哲,男,山西,省实验中学,化学系,化学81
2008012285,李思超,女,上海,上海市上海中学,化学系,化学81
2008012286,施青,男,上海,上海市崇明中学,化学系,化学81
2008012287,陈骥,男,北京,北京市十一学校,化学系,化学81
2008012288,吴耀庭,男,江苏,江苏省扬州中学,化学系,化学81
2008012289,王智,女,辽宁,大连市第二十四中学,化学系,化学81
2008012290,何杰,男,四川,南部中学,化学系,化学82
2008012291,张皓,男,吉林,公主岭一中,化学系,化学82
2008012292,罗跃,男,新疆,石河子市一中,化学系,化学82
2008012293,杨恩浩,男,重庆,重庆市南开中学,化学系,化学82
2008012294,杨斯超,女,浙江,宁波市镇海中学,化学系,化学82
2008012295,郝雷,男,内蒙古,呼市二中,化学系,化学82
2008012296,冯璐,女,河南,安阳县第一中学,化学系,化学82
2008012297,张志国,男,黑龙江,牡丹江市第一中学,化学系,化学82
2008012298,汪茗,女,辽宁,铁岭市调兵山市往届生,化学系,化学82
2008012299,张荣剑,男,浙江,景宁县第一中学,化学系,化学82
2008012300,曾令武,男,湖北,湖北省天门中学,化学系,化学82
2008012301,吕秋亮,男,福建,南安一中,化学系,化学82
2008012302,向往,男,湖南,长沙雅礼寄宿制中学,化学系,化学82
2008012303,康岳桐,男,福建,厦门第一中学,化学系,化学82
2008012304,赵法涛,男,广西,桂林市第十八中学,化学系,化学82
2008012305,舒畅,女,北京,北京市八一中学,化学系,化学82
2008012306,王赫,女,北京,北京市第二中学,化学系,化学82
2008012307,叶静婷,女,澳门,濠江中学,化学系,化学82
2008012308,张翔,男,云南,云南师范大学附属中学,化学系,化学82
2008012309,徐哲潇,男,河北,河北衡水中学,化学系,化学82
2008012310,卢飞,男,河南,商丘市第一高级中学,化学系,化学82
2008012311,谢蔚仪,男,陕西,高新一中,化学系,化学82
2008012312,简春梅,女,贵州,水城矿务局一中,化学系,化学82
2008012313,孙海源,男,山东,聊城一中,化学系,化学82
2008012314,王诗琪,女,辽宁,葫芦岛市第一高级中学,化学系,化学82
2008012315,丁诗曼,女,上海,华东师范大学第二附属中学,化学系,化学82
2008012316,谢宇明,男,北京,清华大学附属中学,化学系,化学82
2008012317,王林森,男,江苏,江苏省东台中学,化学系,化学82
2008012318,倪方舟,男,北京,北京大学附属中学,化学系,化学82
2008012319,王佳星,男,湖南,雅礼中学,化学系,基科89
2008012320,陈立业,男,辽宁,大连第八中学,化学系,基科89
2008012321,李若凡,男,浙江,浙江萧山中学,化学系,基科89
2008012322,马冬昕,女,辽宁,大连育明高中,化学系,基科89
2008012323,刘明鑫,男,甘肃,兰州铁路第一中学,化学系,基科89
2008012324,曾仁沁,男,甘肃,兰州第一中学,化学系,基科89
2008012325,田天,男,江苏,江苏省天一中学,化学系,基科89
2008012326,张霄,男,北京,北京市第一０一中学,化学系,基科89
2008012327,姜清波,男,黑龙江,宾县第一中学,生物系,生81
2008012328,徐超,男,新疆,兵团二中,生物系,生81
2008012329,顾骧,男,陕西,西电附中,生物系,生81
2008012330,孔玮,女,四川,四川省绵阳中学,生物系,生81
2008012331,孙喜梅,女,内蒙古,鄂伦春自治旗大扬树镇二中,生物系,生81
2008012332,吴建平,男,浙江,衢州市第二中学,生物系,生81
2008012333,傅晶晶,女,福建,泉州第五中学,生物系,生81
2008012334,陈艳艳,女,广东,303021,生物系,生81
2008012335,付国斌,男,安徽,太和一中,生物系,生81
2008012336,刘振磊,男,内蒙古,乌丹一中,生物系,生81
2008012337,孙立强,男,河南,北大附中河南分校,生物系,生81
2008012338,张瑞,男,湖北,宜都市第一高级中学,生物系,生81
2008012339,张静,女,河北,衡水市景县中学,生物系,生81
2008012340,方薇,女,北京,清华大学附属中学,生物系,生81
2008012341,王聪,男,北京,北京市第二中学,生物系,生81
2008012342,段凯忠,男,北京,北京市八一中学,生物系,生81
2008012343,冯姗喜,女,甘肃,西北师大附属中学,生物系,生81
2008012344,程何,女,浙江,浙江省湖州中学,生物系,生81
2008012345,王瑽雯,女,北京,中国人民大学附属中学,生物系,生81
2008012346,陈佶,男,广西,广西南宁市第二中学,生物系,生81
2008012347,陶石,男,上海,上海复旦大学附属中学,生物系,生81
2008012348,李月,女,上海,上海市育才中学,生物系,生81
2008012349,姚笑扬,女,北京,中国人民大学附属中学,生物系,生81
2008012350,王靖宇,男,天津,耀华中学,生物系,生81
2008012351,梁泽偲,女,湖北,华中师范大学第一附属中学,生物系,生81
2008012352,王诗琦,女,辽宁,大连市金州高级中学,生物系,生81
2008012353,李一琳,女,云南,云南师范大学附属中学,生物系,生81
2008012354,付若尘,男,贵州,贵阳市第一中学,生物系,生81
2008012355,徐超群,男,江西,南昌县莲塘一中,生物系,生81
2008012356,王曦,女,黑龙江,哈市师大附中,生物系,生82
2008012357,甲干初,女,四川,大邑中学,生物系,生82
2008012358,吴飞,男,河南,南阳市第五中学,生物系,生82
2008012359,王峻峰,男,重庆,重庆市第一中学,生物系,生82
2008012360,梁广宇,男,山东,日照第一中学,生物系,生82
2008012361,孟松,女,贵州,遵义市一中,生物系,生82
2008012362,谷鹤,女,辽宁,锦州中学,生物系,生82
2008012363,李雨阳,男,云南,玉溪一中,生物系,生82
2008012364,张然,女,河北,裕华区石家庄外国语学校,生物系,生82
2008012365,孙沁雨,女,福建,厦门外国语学校,生物系,生82
2008012366,韩波,男,山西,太原五中,生物系,生82
2008012367,陈驰,女,湖南,怀化市铁路一中,生物系,生82
2008012368,刘成,男,湖南,江华县第二中学,生物系,生82
2008012369,柯檬,男,北京,北京市第四中学,生物系,生82
2008012370,傅自然,女,北京,北京市第五中学,生物系,生82
2008012371,王草,男,江苏,江苏省新海高级中学,生物系,生82
2008012372,陈睿,男,福建,厦门第一中学,生物系,生82
2008012373,张浩文,男,上海,华东师范大学第二附属中学,生物系,生82
2008012374,徐著微,男,吉林,东北师大附属中学,生物系,生82
2008012375,陈亚琼,女,宁夏,固原一中,生物系,生82
2008012376,吴亿璇,女,江苏,徐州市第一中学,生物系,生82
2008012377,韩笑,女,北京,清华大学附属中学,生物系,生82
2008012378,李哲,男,浙江,温州中学,生物系,生82
2008012379,刘昊东,女,陕西,西北工业大学附中,生物系,生82
2008012380,梁忱,男,陕西,西北工业大学附中,生物系,生82
2008012381,张晚秋,女,浙江,杭州市学军中学,生物系,生82
2008012382,陈晨,女,北京,北京师范大学附属实验中学,生物系,生82
2008012383,李天,女,北京,中国人民大学附属中学,生物系,生82
2008012384,潘伯驹,男,北京,北京市十一学校,生物系,生82
2008012385,周玉莲,女,四川,隆昌一中,生物系,生83
2008012386,曹琳琳,女,天津,南开中学,生物系,生83
2008012387,郭俊南,男,重庆,重庆市南开中学,生物系,生83
2008012388,王美雁,女,甘肃,兰州第一中学,生物系,生83
2008012389,王洁,女,河南,夏邑县高级中学,生物系,生83
2008012390,赵晗,男,陕西,西北工业大学附中,生物系,生83
2008012391,江骏,女,安徽,庐江中学,生物系,生83
2008012392,李叶华,男,安徽,宁国中学,生物系,生83
2008012393,张锦成,男,湖北,湖北省天门中学,生物系,生83
2008012394,张旭,男,天津,四十二中学,生物系,生83
2008012395,余煊,男,江西,婺源县天佑中学,生物系,生83
2008012396,陈潇月,女,北京,北京市第一０一中学,生物系,生83
2008012397,张可,女,北京,清华大学附属中学,生物系,生83
2008012398,朱力原,男,北京,北京市十一学校,生物系,生83
2008012399,宋晓薇,女,云南,昆明市第三中学,生物系,生83
2008012400,黎力,女,湖南,长沙市雅礼中学,生物系,生83
2008012401,陶斯博,女,黑龙江,哈尔滨师大附中,生物系,生83
2008012402,王文珂,男,湖南,湖南师大附中,生物系,生83
2008012403,刘晓晨,男,上海,上海格致中学,生物系,生83
2008012404,杨光,男,山西,山西省实验中学,生物系,生83
2008012405,张云霄,男,山东,泰安一中,生物系,生83
2008012406,邓攀,女,河北,石家庄市第二中学,生物系,生83
2008012407,刘雪宁,女,北京,中国人民大学附属中学,生物系,生83
2008012408,顾炜,男,江苏,江苏省泰州中学,生物系,生83
2008012409,王天时,男,吉林,东北师大附属中学,生物系,生83
2008012410,张舒,女,辽宁,东北育才学校,生物系,生83
2008012411,刘伯峰,男,甘肃,嘉峪关市酒钢三中,生物系,生83
2008012412,杨丹灵,女,江苏,江苏省兴化中学,生物系,生83
2008012413,刘梦驰,女,天津,南开中学,经管学院,经81
2008012414,冯海霞,女,浙江,宁波市镇海中学,经管学院,经81
2008012415,盛晴,女,山东,邹城一中,经管学院,经81
2008012416,吴灏哲,男,浙江,宁波市镇海中学,经管学院,经81
2008012417,黎小颖,女,广东,1202001,经管学院,经81
2008012418,黄炜,女,广东,304001,经管学院,经81
2008012419,王晓宇,女,河北,河北衡水中学,经管学院,经81
2008012420,杜金钊,男,黑龙江,大庆一中,经管学院,经81
2008012421,张岳,女,陕西,高新一中,经管学院,经81
2008012422,王慧琴,女,山西,山大附中,经管学院,经81
2008012423,何煜,男,江西,临川第一中学往届,经管学院,经81
2008012424,江航,男,四川,四川省绵阳中学,经管学院,经81
2008012425,陈悦汐,女,福建,厦门第一中学,经管学院,经81
2008012426,朱逦丹,女,上海,上海师范大学附属中学,经管学院,经81
2008012427,刘甜溪,女,北京,北京理工大学附属中学,经管学院,经81
2008012428,李涵,女,北京,中国人民大学附属中学,经管学院,经81
2008012429,邱倩慧,女,北京,北京师范大学良乡附属中学,经管学院,经81
2008012430,余梦琦,女,上海,上海外国语大学附属外国语学校,经管学院,经81
2008012431,符宁,女,湖北,武汉外国语学校,经管学院,经81
2008012432,施君扬,男,香港,皇仁书院,经管学院,经81
2008012433,程楷,男,广东,广州市广外附设外语学校,经管学院,经81
2008012434,何为,男,上海,上海市格致中学,经管学院,经81
2008012435,蒋永康,男,香港,皇仁书院,经管学院,经81
2008012436,李春萱,女,辽宁,本溪市高级中学,经管学院,经81
2008012437,池昱东,男,河南,河南省淮阳中学,经管学院,经81
2008012438,刘聪,男,山东,寿光一中,经管学院,经81
2008012439,叶鲁,女,上海,上海市上海中学,经管学院,经81
2008012440,李潇,男,北京,北京市第一七一中学,经管学院,经81
2008012441,陆卓然,男,浙江,浙江省舟山中学,经管学院,经81
2008012442,刘朗宇,男,北京,北京市十一学校,经管学院,经81
2008012443,汪扬,男,安徽,屯溪一中,经管学院,经82
2008012444,董宇星,女,安徽,太和中学,经管学院,经82
2008012445,丁鹏宇,女,天津,天津雍阳英华学校,经管学院,经82
2008012446,高强,男,山东,利津县一中,经管学院,经82
2008012447,郭惠梅,女,广东,802001,经管学院,经82
2008012448,王洋,男,陕西,西安交通大学附中,经管学院,经82
2008012449,李孟超,女,辽宁,葫芦岛市第一高级中学,经管学院,经82
2008012450,张胜寒,男,河南,郑州一中,经管学院,经82
2008012451,陈弘毅,男,湖南,石门县第一中学,经管学院,经82
2008012452,王艳梅,女,山东,山东省青州市实验中学,经管学院,经82
2008012453,王建龙,男,内蒙古,赤峰元宝山区平庄煤业高级中学,经管学院,经82
2008012454,原瑾,女,山西,高平一中,经管学院,经82
2008012455,陈奕雯,女,上海,上海市上海中学,经管学院,经82
2008012456,陈婧霏,女,北京,北京师范大学附属实验中学,经管学院,经82
2008012457,王宇天,女,北京,北京市第四中学,经管学院,经82
2008012458,高子恒,男,台湾,昆山市震川高级中学,经管学院,经82
2008012459,赵菡清,女,江苏,南京外国语学校,经管学院,经82
2008012460,王娇,女,山东,泰安一中,经管学院,经82
2008012461,林励,男,香港,皇仁书院,经管学院,经82
2008012462,陈印,男,江苏,江苏省启东中学,经管学院,经82
2008012463,虞朱鸿,男,上海,上海市格致中学,经管学院,经82
2008012464,宋岱宸,男,重庆,重庆市巴蜀中学,经管学院,经82
2008012465,吕东青,男,浙江,金华市第一中学,经管学院,经82
2008012466,兰巍,女,甘肃,兰化中小学总校一中,经管学院,经82
2008012467,何琳,女,黑龙江,哈市师大附中,经管学院,经82
2008012468,章雨星,女,上海,上海市上海中学,经管学院,经82
2008012469,果世恒,男,北京,中国人民大学附属中学,经管学院,经82
2008012470,钟小尔,女,北京,北京市第四中学,经管学院,经82
2008012471,廖亚玫,女,四川,成都市石室中学,经管学院,经82
2008012472,郭思成,女,湖南,雅礼中学,经管学院,经82
2008012473,梁莲籽,女,四川,南充高中,经管学院,经83
2008012474,汪悦,女,湖北,武汉市第六中学,经管学院,经83
2008012475,王楠,女,云南,云南师范大学附属中学,经管学院,经83
2008012476,王迪曦,女,四川,成都市石室中学,经管学院,经83
2008012477,徐兆雅,女,广东,2001002,经管学院,经83
2008012478,张永旭,男,辽宁,东港市第二中学,经管学院,经83
2008012479,张东,男,河南,中原油田第一中学,经管学院,经83
2008012480,刘瑶,女,辽宁,葫芦岛市第一高级中学,经管学院,经83
2008012481,何辉,男,四川,友谊中学,经管学院,经83
2008012482,孔令闻,男,湖南,长沙市一中,经管学院,经83
2008012483,来思源,男,宁夏,石嘴山市第三中学,经管学院,经83
2008012484,李素玉,女,广西,河池高级中学,经管学院,经83
2008012485,杨奇函,男,黑龙江,大庆市实验中学,经管学院,经83
2008012486,邓悠悠,女,浙江,浙江省平湖中学,经管学院,经83
2008012487,杨玺,女,上海,上海市控江中学,经管学院,经83
2008012488,王叶丹,女,江苏,江苏省启东中学,经管学院,经83
2008012489,李方恰,女,北京,北京市海淀区精华培训学校,经管学院,经83
2008012490,徐晗,男,北京,北京汇文中学,经管学院,经83
2008012491,梁颖斌,女,香港,旅港开平商会中学,经管学院,经83
2008012492,陈永辉,男,香港,皇仁书院,经管学院,经83
2008012493,邹基伟,男,贵州,都匀一中,经管学院,经83
2008012494,陆悠,男,广东,深圳中学,经管学院,经83
2008012495,傅翔,男,江苏,南京外国语学校,经管学院,经83
2008012496,康毅夫,男,吉林,东北师大附属中学,经管学院,经83
2008012497,吴星晔,男,北京,中国人民大学附属中学,经管学院,经83
2008012498,黄亚铷,女,海南,海南国科园学校,经管学院,经83
2008012499,胡江燕,男,安徽,安庆一中,经管学院,经83
2008012500,王文贝,男,甘肃,西北师大附属中学,经管学院,经83
2008012501,李欣,女,山西,山大附中,经管学院,经83
2008012502,许若然,女,天津,新华中学,经管学院,经83
2008012503,刘意成,男,浙江,浙江省舟山中学,经管学院,经83
2008012504,陈哲,男,江西,南昌县莲塘一中,经管学院,经83
2008012505,王正宁,男,北京,中国人民大学附属中学,经管学院,经83
2008012506,李冉,女,北京,清华大学附属中学,经管学院,经83
2008012507,毛雅宁,女,甘肃,兰州第一中学,经管学院,经83
2008012508,覃和平,男,四川,达州新世纪学校,经管学院,经84
2008012509,卓子涵,男,天津,实验中学,经管学院,经84
2008012510,邹杰,男,山东,山东省平度第一中学,经管学院,经84
2008012511,刘怡,女,青海,敦煌基地中学,经管学院,经84
2008012512,张英魁,男,河南,中原油田第一中学,经管学院,经84
2008012513,欧阳方,女,四川,成都市实验外语学校,经管学院,经84
2008012514,周颖辉,男,湖南,湘一,经管学院,经84
2008012515,韩政,男,青海,格尔木铁一中,经管学院,经84
2008012516,张嘉益,女,吉林,社会青年,经管学院,经84
2008012517,赵金芝,女,山东,诸城繁华中学,经管学院,经84
2008012518,王晓涛,男,安徽,太和一中,经管学院,经84
2008012519,施彩琴,女,云南,云南师范大学附属中学,经管学院,经84
2008012520,王小璐,女,湖北,襄樊市第四中学,经管学院,经84
2008012521,李超,女,内蒙古,牙克石市林业一中,经管学院,经84
2008012522,马李兰,女,四川,四川省绵阳南山中学,经管学院,经84
2008012523,金雅然,女,北京,中国人民大学附属中学,经管学院,经84
2008012524,赵骥龙,男,北京,中国人民大学附属中学,经管学院,经84
2008012525,杨欣怡,女,广西,广西南宁市第二中学,经管学院,经84
2008012526,杨翠婷,女,香港,天主教崇德英文书院,经管学院,经84
2008012527,戴錞德,男,香港,香港华仁书院,经管学院,经84
2008012528,王悦亨,男,上海,上海外国语大学附属外国语学校,经管学院,经84
2008012529,钟可卉,女,海南,海南中学,经管学院,经84
2008012530,赵阳,男,吉林,吉林一中,经管学院,经84
2008012531,方宇舟,男,广西,柳州铁一中学,经管学院,经84
2008012532,杨新宇,男,贵州,贵阳市第一中学,经管学院,经84
2008012533,林娅棠,女,广东,304004,经管学院,经84
2008012534,王宁山,男,宁夏,西吉中学,经管学院,经84
2008012535,胡欧亚,男,安徽,六安市第一中学,经管学院,经84
2008012536,张怿辰,女,天津,一中,经管学院,经84
2008012537,林木,男,辽宁,本溪市高级中学,经管学院,经84
2008012538,王钰,女,上海,上海市上海中学,经管学院,经84
2008012539,王诗雨,女,江苏,江苏省淮阴中学,经管学院,经84
2008012540,向迪雅,女,北京,中国人民大学附属中学,经管学院,经84
2008012541,张宇辰,男,北京,北京师范大学附属实验中学,经管学院,经84
2008012542,张耀辉,男,江苏,江苏省海安高级中学,经管学院,经84
2008012543,田梦,女,海南,海南中学,经管学院,经85
2008012544,布赫,男,吉林,松原市职业高中,经管学院,经85
2008012545,苏丹,女,重庆,重庆市巴蜀中学,经管学院,经85
2008012546,赵立军,男,河北,廊坊大厂县高级实验中学,经管学院,经85
2008012547,王淑娟,女,河南,禹州第一高级中学,经管学院,经85
2008012548,史尧,女,新疆,昌吉州第一中学,经管学院,经85
2008012549,李红记,男,贵州,水城矿务局一中,经管学院,经85
2008012550,叶薇,女,贵州,遵义航天中学,经管学院,经85
2008012551,王小笋,女,广东,303021,经管学院,经85
2008012552,戚天元,男,青海,湟川中学,经管学院,经85
2008012553,邱瀚萱,女,四川,绵阳东辰国际学校,经管学院,经85
2008012554,李维嘉,男,安徽,宣城中学,经管学院,经85
2008012555,刘子豪,男,上海,进才中学,经管学院,经85
2008012556,奚佳,男,江苏,江苏省泰兴中学,经管学院,经85
2008012557,陈龙彦,女,内蒙古,呼市二中,经管学院,经85
2008012558,王海滨,男,澳门,培正中学,经管学院,经85
2008012559,宋茜,女,香港,英华女学校,经管学院,经85
2008012560,王璐,女,吉林,东北师范大学附属实验中学,经管学院,经85
2008012561,尹航,男,河南,河南省实验中学,经管学院,经85
2008012562,苏忆南,男,北京,清华大学附属中学,经管学院,经85
2008012563,陈翔雨,男,四川,江油一中,经管学院,经85
2008012564,张学超,男,山东,济宁市育才中学,经管学院,经85
2008012565,余晨曦,女,河北,石家庄市第一中学,经管学院,经85
2008012566,金星晔,男,辽宁,本溪市高级中学,经管学院,经85
2008012567,杜毅,男,福建,龙岩一中,经管学院,经85
2008012568,窦超,男,湖南,郴州市一中桔井校区,经管学院,经85
2008012569,高芷云,女,陕西,西北工业大学附中,经管学院,经85
2008012570,王冠轶,男,宁夏,银川二中西校区,经管学院,经85
2008012571,王欣然,女,上海,上海市晋元高级中学,经管学院,经85
2008012572,祁明怡,女,江苏,盐城中学,经管学院,经85
2008012573,江雨虹,女,北京,中国人民大学附属中学,经管学院,经85
2008012574,王林晚,女,北京,北京师范大学第二附属中学,经管学院,经85
2008012575,刘昕,男,北京,北京市第一七一中学,经管学院,经85
2008012576,陈梦,女,广东,104032,经管学院,经85
2008012577,黄舒乐,男,广西,广西南宁市第三中学,经管学院,经85
2008012578,田绍达,男,辽宁,大石桥市往届生,经管学院,经86
2008012579,朱杰飞,女,浙江,浙江省上虞中学,经管学院,经86
2008012580,潘超,男,山东,章丘五中,经管学院,经86
2008012581,张梦倩,女,重庆,重庆市南开中学,经管学院,经86
2008012582,李彬,男,辽宁,东北育才学校,经管学院,经86
2008012583,刘士杰,男,山东,长清区第一中学,经管学院,经86
2008012584,魏峥,男,广东,305007,经管学院,经86
2008012585,苏昊,男,辽宁,大石桥市高级中学,经管学院,经86
2008012586,刘通,男,辽宁,瓦房店市高级中学,经管学院,经86
2008012587,高东石,男,黑龙江,哈尔滨市十一中,经管学院,经86
2008012588,辛圣男,男,重庆,重庆市一中寄宿学校,经管学院,经86
2008012589,杜立军,男,山东,桓台成人中专,经管学院,经86
2008012590,刘新华,男,山东,莒南一中,经管学院,经86
2008012591,刘倩,女,湖北,武汉市第三中学,经管学院,经86
2008012592,孙恺,男,辽宁,大石桥市高级中学,经管学院,经86
2008012593,张晟石,男,辽宁,大石桥市往届生,经管学院,经86
2008012594,涂昊,男,北京,清华大学附属中学,经管学院,经86
2008012595,刘晓琳,女,北京,清华大学附属中学,经管学院,经86
2008012596,母元征,男,北京,清华大学附属中学,经管学院,经86
2008012597,赵晟骅,男,北京,清华大学附属中学,经管学院,经86
2008012598,常译丞,男,北京,北京市西城区教育考试中心高招办,经管学院,经86
2008012599,王晓川,男,北京,北京市佳民中学,经管学院,经86
2008012600,杨子培,男,江苏,徐州树人中学,经管学院,经86
2008012601,谢婷婷,女,北京,清华大学附属中学,经管学院,经86
2008012602,卜苑,女,北京,清华大学附属中学,经管学院,经86
2008012603,刘畅,女,北京,清华大学附属中学,经管学院,经86
2008012604,孙中浩,男,北京,清华大学附属中学,经管学院,经86
2008012605,刘政伟,男,北京,北京市顺义区第一中学,经管学院,经86
2008012606,王振翔,男,辽宁,辽宁大石桥市高级中学,经管学院,经86
2008012607,孙立冰,男,山东,淄川第一中学,经管学院,经86
2008012608,姜姗,女,海南,海南中学,经管学院,经87
2008012609,何佳锦,女,重庆,重庆市南开中学,经管学院,经87
2008012610,杨继宇,男,吉林,长春市第十一中学,经管学院,经87
2008012611,张冉冉,女,内蒙古,林东一中,经管学院,经87
2008012612,张正东,男,黑龙江,哈市第九中学,经管学院,经87
2008012613,陈悦,女,广东,1821002,经管学院,经87
2008012614,张宇生,男,内蒙古,临河区一中,经管学院,经87
2008012615,李海蓉,女,四川,南充市白塔中学,经管学院,经87
2008012616,李茂林,男,重庆,万州第二高级中学,经管学院,经87
2008012617,张辉,男,江西,南昌二中,经管学院,经87
2008012618,梁雪晨,女,贵州,贵阳六中学,经管学院,经87
2008012619,王雷,男,湖北,荆门市龙泉中学,经管学院,经87
2008012620,李青,女,山西,阳泉永旺教育中心,经管学院,经87
2008012621,陈若飞,男,青海,茫崖石棉矿中学,经管学院,经87
2008012622,吴昊,女,广西,广西柳州高级中学,经管学院,经87
2008012623,关望舒,女,江苏,江苏省淮阴中学,经管学院,经87
2008012624,伊凡,女,北京,北京师范大学附属实验中学,经管学院,经87
2008012625,楊容瑄,女,台湾,新世紀英才學校,经管学院,经87
2008012626,张凤逸,男,安徽,铜陵市第一中学,经管学院,经87
2008012627,楼欣宇,男,浙江,宁波效实中学,经管学院,经87
2008012628,陆羽辰,女,浙江,杭州外语学校,经管学院,经87
2008012629,蔡宇龙,男,香港,"OundleSchool,",经管学院,经87
2008012630,袁敏峰,男,江苏,江苏省启东中学,经管学院,经87
2008012631,刘禹琦,男,北京,中国人民大学附属中学,经管学院,经87
2008012632,罗赛,男,陕西,高新一中,经管学院,经87
2008012633,许新,男,山东,烟台一中,经管学院,经87
2008012634,林瀚,男,四川,泸县二中,经管学院,经87
2008012635,赵雪莲,女,吉林,延边一中,经管学院,经87
2008012636,彭宇峣,男,湖南,湘潭县一中,经管学院,经87
2008012637,阚梅,女,甘肃,嘉峪关市一中,经管学院,经87
2008012638,唐婍婧,女,新疆,哈密地区二中,经管学院,经87
2008012639,马骁,女,河南,焦作市第一中学,经管学院,经87
2008012640,李昀白,女,北京,北京师范大学第二附属中学,经管学院,经87
2008012641,韩思斯,女,北京,北京市顺义牛栏山第一中学,经管学院,经87
2008012642,倪骁然,男,北京,清华大学附属中学,经管学院,经87
2008012643,郭蕊,女,陕西,高新一中,人文学院,人文8
2008012644,闫会明,女,山东,山东省昌乐二中,人文学院,人文8
2008012645,张琰,女,新疆,华山中学,人文学院,人文8
2008012646,钟一涛,男,浙江,宁波市镇海中学,人文学院,人文8
2008012647,王璐,女,山西,阳泉十五中,人文学院,人文8
2008012648,王昕,女,广西,广西柳州高级中学,人文学院,人文8
2008012649,黎彦彤,女,广东,深圳外国语学校,人文学院,人文8
2008012650,刘晓君,女,广东,深圳外国语学校,人文学院,人文8
2008012651,徐可可,女,湖北,武汉外国语学校,人文学院,人文8
2008012652,黄丁如,女,福建,厦门外国语学校,人文学院,人文8
2008012653,李任之,男,上海,上海外国语大学附属外国语学校,人文学院,人文8
2008012654,张喆,男,陕西,西安交通大学附中,人文学院,人文8
2008012655,钟融冰,男,四川,内江六中,人文学院,人文8
2008012656,聂葳,女,陕西,榆林市一中,人文学院,人文8
2008012657,孙文健,男,山东,山东省平度第一中学,人文学院,人文8
2008012658,周炼,男,浙江,杭州市学军中学,人文学院,人文8
2008012659,朱瑞婷,女,黑龙江,哈市师大附中,人文学院,人文8
2008012660,邵晓钰,女,福建,厦门外国语学校,人文学院,人文8
2008012661,张紫薇,女,辽宁,辽宁省实验中学,人文学院,人文8
2008012662,马喆,女,新疆,昌吉州第一中学,人文学院,人文8
2008012663,韩瑜,女,新疆,兵团二中,人文学院,人文8
2008012664,袁蔚俊,女,辽宁,大连育明高中,人文学院,人文8
2008012665,张可,男,辽宁,阜新市实验中学,人文学院,人文8
2008012666,张宗,男,安徽,南陵县第一中学,人文学院,人文8
2008012667,申轶,女,湖北,武汉市第二中学,人文学院,人文8
2008012668,王烁,女,山西,运城运城中学,人文学院,人文8
2008012669,赵慧娟,女,北京,北京市十一学校,人文学院,人文8
2008012670,林嘉仪,女,江苏,如东栟茶中学,人文学院,人文8
2008012671,张路遥,女,江苏,南京市第一中学,人文学院,人文8
2008012672,邓希,女,北京,清华大学附属中学,人文学院,人文8
2008012673,姜玮,女,江苏,金陵中学,人文学院,人文8
2008012674,陶梦然,女,北京,北京市东直门中学,人文学院,人文8
2008012675,李戈,男,陕西,宝鸡中学,人文学院,社科8
2008012676,林志勇,男,吉林,延边一中,人文学院,社科8
2008012677,段宗宝,男,天津,武清外地回津高中考生,人文学院,社科8
2008012678,秦丹阳,女,甘肃,张掖市第二中学,人文学院,社科8
2008012679,喻月慧,女,四川,安居育才中学,人文学院,社科8
2008012680,夏广涛,男,山东,泰山现代中学,人文学院,社科8
2008012681,江梦皎,女,湖南,芷兰实验学校,人文学院,社科8
2008012682,冯翀,女,新疆,乌鲁木齐市二十三中,人文学院,社科8
2008012683,刘明霞,女,浙江,元济高级中学,人文学院,社科8
2008012684,于真泉,男,黑龙江,密山市第一中学,人文学院,社科8
2008012685,曹原,女,安徽,六安市第一中学,人文学院,社科8
2008012686,常逸群,女,辽宁,大连市第二十四中学,人文学院,社科8
2008012687,王希,男,河北,廊坊市社会考生,人文学院,社科8
2008012688,何巧时,男,湖北,南漳县一中,人文学院,社科8
2008012689,关林,男,福建,莆田一中,人文学院,社科8
2008012690,袁燕,女,江西,新余市第一中学,人文学院,社科8
2008012691,王玮,女,河南,中原油田第一中学,人文学院,社科8
2008012692,江声,男,江西,临川第一中学往届,人文学院,社科8
2008012693,黄梦丹,女,江西,临川第二中学往届,人文学院,社科8
2008012694,孟振琴,女,青海,湟川中学,人文学院,社科8
2008012695,陈婧,女,福建,南安一中,人文学院,社科8
2008012696,李少杰,男,河南,项城市第一高级中学,人文学院,社科8
2008012697,崔洋,男,山西,新绛海泉学校,人文学院,社科8
2008012698,徐勇,女,上海,上海市大同中学,人文学院,社科8
2008012699,周旭,女,江苏,江苏省东台中学,人文学院,社科8
2008012700,吴萍,女,江苏,省锡中,人文学院,社科8
2008012701,徐亚,男,江苏,江苏省扬州中学,人文学院,社科8
2008012702,翁华国,男,香港,圣公会邓肇坚中学,人文学院,社科8
2008012703,田田,女,上海,建平中学,人文学院,社科8
2008012704,罗婧,女,山西,山西省太原市外国语学校,人文学院,社科8
2008012705,路尧,男,山东,济南外国语学校,人文学院,社科8
2008012706,陈智俊,男,江苏,南京外国语学校,人文学院,社科8
2008012707,王昊,男,江苏,南京外国语学校,人文学院,社科8
2008012708,俞青,女,上海,上海外国语大学附属浦东外国语学,人文学院,社科8
2008012709,李晓娅,女,河南,郑州外国语学校,人文学院,社科8
2008012710,徐博洋,女,陕西,陕西省西安中学,人文学院,社科8
2008012711,韩一元,女,甘肃,西北师大附属中学,人文学院,社科8
2008012712,徐梦笛,女,黑龙江,哈尔滨振华高中,人文学院,社科8
2008012713,王冉,女,山西,阳泉一中,人文学院,社科8
2008012714,刘钥铭,女,辽宁,本溪市高级中学,人文学院,社科8
2008012715,邢楚秦,女,北京,北京师范大学第二附属中学,人文学院,社科8
2008012716,李燕康,女,北京,北京师范大学第二附属中学,人文学院,社科8
2008012717,范诗涵,女,山东,山东省平度第一中学,人文学院,社科8
2008012718,秦菁,女,重庆,重庆市巴蜀中学,人文学院,社科8
2008012719,彭汐婷,女,湖南,长郡中学,人文学院,社科8
2008012720,付舒,男,吉林,东北师大附属中学,人文学院,社科8
2008012721,胡啸尘,女,浙江,浙江省新昌中学,人文学院,社科8
2008012722,黄天骄,女,江苏,徐州市第一中学,人文学院,社科8
2008012723,左晗,女,江苏,如东高级中学,人文学院,社科8
2008012724,杜函芮,女,辽宁,沈阳市第二中学,人文学院,社科8
2008012725,曹石蕴,女,山西,迎泽区往届生,人文学院,社科8
2008012726,赵若蕖,女,北京,北京师范大学附属实验中学,人文学院,社科8
2008012727,区敏芝,女,广东,608002,外语系,日8
2008012728,金国华,女,吉林,社会,外语系,日8
2008012729,王锡钺,女,天津,外院附校,外语系,日8
2008012730,张馨心,女,河南,淮阳县第一高级中学,外语系,日8
2008012731,曹臻,女,河北,邢台市二中,外语系,日8
2008012732,冯茈珺,女,北京,北京市第二中学,外语系,日8
2008012733,杨絮,女,北京,北京市通州区潞河中学,外语系,日8
2008012734,任婕,女,福建,厦门外国语学校,外语系,日8
2008012735,李天智,男,重庆,四川外语学院附属外国语学校,外语系,日8
2008012736,胡灵,女,江西,江西省南昌市外国语学校,外语系,日8
2008012737,周皓昕,女,浙江,杭州外国语学校,外语系,日8
2008012738,吴晶,女,天津,天津外院附校,外语系,日8
2008012739,冯柳青,女,河南,郑州一中,外语系,日8
2008012740,范荪,男,北京,清华大学附属中学,外语系,日8
2008012741,俞孟令,男,北京,北京市十一学校,外语系,日8
2008012742,高云君,男,安徽,舒城一中,外语系,英81
2008012743,周婷,女,湖北,武汉市第六中学,外语系,英81
2008012744,方闻昊,男,河北,保定三中（含金帆）,外语系,英81
2008012745,黄瑜琳,女,上海,上海市市北中学,外语系,英81
2008012746,唐佳,女,四川,成都市外国语学校,外语系,英81
2008012747,朱雨桐,女,重庆,四川外语学院附属外国语,外语系,英81
2008012748,孙雨婷,女,浙江,杭州外语学校,外语系,英81
2008012749,马姝,女,吉林,长春外国语学校,外语系,英81
2008012750,李雨杭,男,四川,成都外国语学校,外语系,英81
2008012751,马璐,女,广东,深圳外国语学校,外语系,英81
2008012752,何桂兰,女,香港,可风中学,外语系,英81
2008012753,刘姝意,女,重庆,四川外语学院附属外国语学校,外语系,英81
2008012754,纪悦,女,天津,天津市外国语学院附属外国语学校,外语系,英81
2008012755,郭梦如,女,上海,上海外国语大学附属外国语学校,外语系,英81
2008012756,仝贺,男,河北,河北衡水中学,外语系,英81
2008012757,韩双淼,女,河北,石家庄市第一中学,外语系,英81
2008012758,郝宇骢,女,上海,上海位育中学,外语系,英81
2008012759,张文修,女,北京,北京市十一学校,外语系,英81
2008012760,黄月,女,四川,成都市实验外语学校,外语系,英81
2008012761,郭文婷,女,湖南,芷兰实验学校,外语系,英81
2008012762,王秀之,女,安徽,芜湖市第一中学,外语系,英81
2008012763,李珅,女,湖北,武汉外国语学校,外语系,英81
2008012764,曲衍直,男,江西,江西师大附中,外语系,英81
2008012765,邢承吉,女,上海,上海市市北中学,外语系,英81
2008012766,王轶,女,江苏,江苏省丹阳高级中学,外语系,英81
2008012767,赖悦,女,四川,金堂县金堂中学,外语系,英82
2008012768,郄心碧,女,河北,平山县平山中学,外语系,英82
2008012769,常伟伟,女,河北,邢台市二中,外语系,英82
2008012770,毕佳佳,男,河北,河北省唐山市乐亭县第一中学,外语系,英82
2008012771,魏家曦,女,重庆,四川外语学院附属外国语学校,外语系,英82
2008012772,戴梦如,女,上海,上海外国语大学附属外国语学校,外语系,英82
2008012773,江烨,女,广东,深圳外国语学校,外语系,英82
2008012774,舒夷白,女,浙江,杭州外语学校,外语系,英82
2008012775,罗沁心,女,上海,上海外国语大学附属外国语学校,外语系,英82
2008012776,贾唯实,女,吉林,吉林省长春外国语学校,外语系,英82
2008012777,张正屹,男,河南,郑州外国语学校,外语系,英82
2008012778,王焱丹,女,湖南,麓山国际实验学校,外语系,英82
2008012779,钱雨竹,女,北京,北京景山学校,外语系,英82
2008012780,林月悦,女,四川,成都市实验外语学校,外语系,英82
2008012781,黎晓霖,女,四川,成都市外国语学校,外语系,英82
2008012782,王安,男,浙江,浙江萧山中学,外语系,英82
2008012783,吴志琛,男,福建,永安一中,外语系,英82
2008012784,黄鼎,女,江西,临川第一中学,外语系,英82
2008012785,杜萌,女,湖北,武汉市第二中学,外语系,英82
2008012786,廖露,女,湖北,武汉外国语学校,外语系,英82
2008012787,胡少博,女,上海,上海市七宝中学,外语系,英82
2008012788,史安璐,女,上海,上海市杨浦高级中学,外语系,英82
2008012789,郑璐,女,江苏,徐州市第一中学,外语系,英82
2008012790,杨雨岸,女,北京,北京师范大学第二附属中学,外语系,英82
2008012791,苏铧烨,男,广东,5281001,法学院,法81
2008012792,李文文,女,山东,莱芜一中,法学院,法81
2008012793,全清,女,吉林,延边一中,法学院,法81
2008012794,李钰,女,云南,云南师范大学附属中学,法学院,法81
2008012795,俞理晓,男,浙江,浙江萧山中学,法学院,法81
2008012796,洪露申,男,福建,厦门市第六中学,法学院,法81
2008012797,章文来,女,浙江,嘉善县高级中学,法学院,法81
2008012798,何怡婷,女,西藏,西藏自治区拉萨中学,法学院,法81
2008012799,侯嘉斌,男,山西,孝义中学,法学院,法81
2008012800,武琼,女,河北,河北省唐山市滦县第一中学,法学院,法81
2008012801,汪铭瑞,男,江西,婺源县天佑中学,法学院,法81
2008012802,李振,男,河南,中原油田第一中学,法学院,法81
2008012803,但君蕊,女,湖北,恩施土家族苖族自治州高级中学,法学院,法81
2008012804,卞蓉竹,女,江苏,江苏省前黄高级中学,法学院,法81
2008012805,何冰玉,女,四川,四川省绵阳南山中学,法学院,法81
2008012806,黄潇,女,浙江,杭州外语学校,法学院,法81
2008012807,黄剑思,女,广东,广州市广外附设外语学校,法学院,法81
2008012808,吴睿颖,女,香港,庇理罗士女子中学,法学院,法81
2008012809,刘轶圣,男,上海,上海外国语学校,法学院,法81
2008012810,张雪,女,黑龙江,哈尔滨市三中,法学院,法81
2008012811,张强,男,新疆,乌鲁木齐市八中,法学院,法81
2008012812,安晋城,男,辽宁,凤城市第一中学,法学院,法81
2008012813,胡泊,女,北京,北京师范大学第二附属中学,法学院,法81
2008012814,时淼,女,江苏,江苏省新海高级中学,法学院,法81
2008012815,宋湘平,男,山东,诸城繁华中学,法学院,法81
2008012816,郭骁然,男,天津,实验中学,法学院,法81
2008012817,尚陆星,女,甘肃,天水市第一中学,法学院,法81
2008012818,刘俐,女,福建,漳州一中,法学院,法81
2008012819,宋宛,女,湖北,襄樊市第五中学,法学院,法81
2008012820,李汀洁,女,内蒙古,海拉尔市二中,法学院,法81
2008012821,余梦成,女,上海,上海市上海中学,法学院,法81
2008012822,卢幸妮,女,广西,广西柳州高级中学,法学院,法81
2008012823,李坤,女,内蒙古,包头市第一中学,法学院,法81
2008012824,杨璐,女,北京,清华大学附属中学,法学院,法81
2008012825,刘茹意,男,湖北,钟祥市第一中学,法学院,法81
2008012826,马腾,男,陕西,高新一中,法学院,法81
2008012827,朱天舜,男,内蒙古,松山区红旗中学,法学院,法81
2008012828,刘萍,女,海南,海南师院附属中学,法学院,法82
2008012829,吴雨桐,女,陕西,高新一中,法学院,法82
2008012830,陈政,男,湖南,临湘市一中,法学院,法82
2008012831,全晏莹,女,吉林,延边一中,法学院,法82
2008012832,张锦燕,女,浙江,慈溪中学,法学院,法82
2008012833,潘正怡,女,安徽,含山二中,法学院,法82
2008012834,贾玥,女,宁夏,银川市唐徕回民中学,法学院,法82
2008012835,何莹,女,江西,江西师大附中,法学院,法82
2008012836,刘雨晴,女,北京,北京市第二中学,法学院,法82
2008012837,陈力,男,江苏,江苏省泰州中学,法学院,法82
2008012838,张欣,女,江苏,南京外国语学校,法学院,法82
2008012839,范佳煜,女,浙江,杭州外语学校,法学院,法82
2008012840,黄泫滢,女,澳门,圣罗撒女子中学（中文部）,法学院,法82
2008012841,唐村,女,北京,北京市第一０一中学,法学院,法82
2008012842,苏鹏霁,男,江西,九江市一中,法学院,法82
2008012843,席帅,女,山西,太谷中学,法学院,法82
2008012844,卓歆,女,江苏,江苏省通州高级中学,法学院,法82
2008012845,曹美竹,女,四川,成都市实验外语学校,法学院,法82
2008012846,黄诗雅,女,广东,304001,法学院,法82
2008012847,郭雪姣,女,天津,南开中学,法学院,法82
2008012848,汪思媛,女,湖南,常德市一中,法学院,法82
2008012849,崔晓爽,女,吉林,东北师大附属中学,法学院,法82
2008012850,陈颖睿,女,云南,曲靖市第一中学,法学院,法82
2008012851,邹银晖,男,辽宁,大连育明高中,法学院,法82
2008012852,靳嘉闻,男,黑龙江,哈市第九中学,法学院,法82
2008012853,钟晴天,男,湖北,华中师范大学第一附属中学,法学院,法82
2008012854,左妮妮,女,湖北,潜江市潜江中学,法学院,法82
2008012855,蔡文君,女,上海,华东师范大学第二附属中学,法学院,法82
2008012856,王莹,女,内蒙古,包头市九中,法学院,法82
2008012857,程雅菡,女,山东,济南市历城二中,法学院,法82
2008012858,张维武,男,山东,山东省莱西市第一中学（南校）,法学院,法82
2008012859,杨品澍,男,安徽,贵池中学,法学院,法82
2008012860,杨颖琛,男,陕西,西北工业大学附中,法学院,法82
2008012861,魏青松,男,河北,衡水市武邑县武邑中学,法学院,法82
2008012862,张乐,男,山西,灵石一中（应）,法学院,法82
2008012863,严浙,男,广西,柳州铁一中学,法学院,法82
2008012864,陈建伟,男,福建,仙游一中,法学院,法82
2008012865,陈璟彦,女,四川,泸州高中,新传学院,新闻81
2008012866,王一惠,女,陕西,西北工业大学附中,新传学院,新闻81
2008012867,刘响,女,吉林,长春一五０中,新传学院,新闻81
2008012868,李潇,女,内蒙古,包头市九中,新传学院,新闻81
2008012869,徐如馨,女,安徽,六安中学,新传学院,新闻81
2008012870,张忞,女,浙江,绍兴县鲁迅中学,新传学院,新闻81
2008012871,董远溪,女,北京,北京景山学校,新传学院,新闻81
2008012872,马伯乐,男,北京,北京市广渠门中学,新传学院,新闻81
2008012873,王雨琦,女,湖北,武汉外国语学校,新传学院,新闻81
2008012874,沈茜蓉,女,江苏,南京外国语学校,新传学院,新闻81
2008012875,陈之琰,女,上海,上海外国语大学附属外国语学校,新传学院,新闻81
2008012876,钮晨琳,女,天津,天津市天津中学,新传学院,新闻81
2008012877,冯志云,女,江苏,无锡市一中,新传学院,新闻81
2008012878,苗瀚文,女,北京,北京市十一学校,新传学院,新闻81
2008012879,王馨,女,广东,304004,新传学院,新闻81
2008012880,刘骏遥,女,湖南,长郡中学,新传学院,新闻81
2008012881,严瑜,女,浙江,浙江省舟山中学,新传学院,新闻81
2008012882,陈希,女,河南,中原油田第一中学,新传学院,新闻81
2008012883,马迪,男,山西,阳城一中,新传学院,新闻81
2008012884,丁艺宁,女,山西,省实验中学,新传学院,新闻81
2008012885,丁璐,女,上海,上海复旦大学附属中学,新传学院,新闻81
2008012886,谢福坤,男,北京,北京市第一０一中学,新传学院,新闻81
2008012887,向瑛颖,女,上海,非本市应届高中毕业生,新传学院,新闻81
2008012888,吴晓周,女,北京,北京市第一０一中学,新传学院,新闻81
2008012889,吴艳林,男,贵州,金沙县一中,新传学院,新闻81
2008012890,庞春涛,男,山东,山东省昌乐二中,新传学院,新闻81
2008012891,罗中书,男,湖南,株洲市四中,新传学院,新闻81
2008012892,肖飞,男,江西,赣县中学(应届),新传学院,新闻81
2008012893,林荣华,男,福建,南安一中,新传学院,新闻81
2008012894,袁玉凝,女,湖北,钟祥市第一中学,新传学院,新闻81
2008012895,彭玺睿,女,四川,南充市白塔中学,新传学院,新闻82
2008012896,付光磊,男,山东,临朐实验中学,新传学院,新闻82
2008012897,龚成,女,湖南,怀化市三中,新传学院,新闻82
2008012898,祝小霖,女,四川,阆中中学,新传学院,新闻82
2008012899,杜艳菲,女,天津,宝坻一中,新传学院,新闻82
2008012900,周璇,女,安徽,淮北市第一中学,新传学院,新闻82
2008012901,张翔宇,女,湖北,荆门市龙泉中学,新传学院,新闻82
2008012902,王雪青,女,北京,中国人民大学附属中学,新传学院,新闻82
2008012903,时雅娜,女,山西,山西大学附属中学,新传学院,新闻82
2008012904,李景怡,女,广东,深圳外国语学校,新传学院,新闻82
2008012905,陈雨嘉,女,上海,上海外国语大学附属外国语学校,新传学院,新闻82
2008012906,刘婧婷,女,黑龙江,哈市师大附中,新传学院,新闻82
2008012907,于淼,女,辽宁,本溪市高级中学,新传学院,新闻82
2008012908,沈斐,女,上海,上海市西南位育中学,新传学院,新闻82
2008012909,宋曦曦,男,北京,北京市第八中学,新传学院,新闻82
2008012910,孙甜,女,江苏,省锡中,新传学院,新闻82
2008012911,冉光沛,男,贵州,贵阳市第一中学,新传学院,新闻82
2008012912,宋柯乐,女,浙江,浙江省上虞中学,新传学院,新闻82
2008012913,孙超,男,江西,婺源县天佑中学,新传学院,新闻82
2008012914,蒋方舟,女,湖北,华中师范大学第一附属中学,新传学院,新闻82
2008012915,姜婉君,女,上海,上海市七宝中学,新传学院,新闻82
2008012916,肖丹,女,江苏,江苏省靖江高级中学,新传学院,新闻82
2008012917,毛君,女,北京,北京市通州区潞河中学,新传学院,新闻82
2008012918,孙潇潇,女,山东,枣庄三中,新传学院,新闻82
2008012919,林琛,女,山西,太原五育中学,新传学院,新闻82
2008012920,于方洲,男,辽宁,凤城市第一中学,新传学院,新闻82
2008012921,连小童,男,河北,保定市易县中学,新传学院,新闻82
2008012922,王才懿,男,陕西,镇安县中,新传学院,新闻82
2008012923,张鹏杰,男,河南,内黄县第一中学,新传学院,新闻82
2008012924,金雷婷,女,浙江,绍兴市第一中学,美术学院,美81
2008012925,王昊辰,女,山东,山东省青岛第二中学,美术学院,美81
2008012926,邓也青,女,湖南,株洲市二中,美术学院,美81
2008012927,文丽萍,女,湖南,长沙市十八中,美术学院,美81
2008012928,单夏丽,女,山东,牟平育英艺术中学,美术学院,美81
2008012929,王懿龙,女,河南,平顶山市实验高级中学,美术学院,美81
2008012930,蔺明净,女,辽宁,锦州中学,美术学院,美81
2008012931,刘亚,男,湖南,醴陵市一中,美术学院,美81
2008012932,孔潇睿,女,新疆,乌鲁木齐市一中,美术学院,美81
2008012933,崔亚男,女,吉林,社会青年,美术学院,美81
2008012934,魏婷,女,内蒙古,包头市三十三中,美术学院,美81
2008012935,王珺,女,湖南,岳阳市十四中,美术学院,美81
2008012936,张帆,女,辽宁,大连市第十五中学,美术学院,美81
2008012937,肖青,女,河南,郑州106中学,美术学院,美81
2008012938,刘思思,女,湖北,武汉市第十九中学,美术学院,美81
2008012939,纪薇,女,河北,廊坊市第一中学,美术学院,美81
2008012940,崔瑶,女,黑龙江,勃利县高级中学,美术学院,美81
2008012941,朱微婷,女,湖南,攸县东山学校,美术学院,美81
2008012942,刘征,女,河南,新乡市一中,美术学院,美81
2008012943,郑可,女,河南,沈丘县第四高级中学,美术学院,美81
2008012944,马颖,女,河南,漯河第四高级中学,美术学院,美81
2008012945,李抒航,女,黑龙江,宾县第三中学,美术学院,美81
2008012946,任晟萱,女,辽宁,大连市第十五中学,美术学院,美81
2008012947,周师墨,女,广东,303021,美术学院,美81
2008012948,何海荣,男,上海,上海市莘庄中学,美术学院,美81
2008012949,毛晨睿,女,广东,303004,美术学院,美81
2008012950,亢葳,女,北京,北京市西城区新街口街道,美术学院,美81
2008012951,许诺,女,北京,北京市清华育才实验学校,美术学院,美81
2008012952,田丹露,女,北京,北京市三里屯一中,美术学院,美81
2008012953,温雅,女,北京,中国人民大学附属中学,美术学院,美81
2008012954,李亚华,女,湖南,临湘市二中,美术学院,美810
2008012955,吕科霖,女,四川,仁寿中学,美术学院,美810
2008012956,高则灵,女,天津,杨村一中,美术学院,美810
2008012957,徐东军,男,山东,寿光二中,美术学院,美810
2008012958,梁开,女,山东,枣庄市第八中学,美术学院,美810
2008012959,柳磊,男,山东,莱芜十七中,美术学院,美810
2008012960,杨筱,女,湖南,宁乡一中,美术学院,美810
2008012961,杨元,女,湖南,龙山高级中学,美术学院,美810
2008012962,徐帆,女,广东,112001,美术学院,美810
2008012963,孔雪莹,女,广东,1322009,美术学院,美810
2008012964,吴昊,男,广东,606001,美术学院,美810
2008012965,龚元,女,江苏,盱眙县中学,美术学院,美810
2008012966,黄晏,女,江苏,江苏省苏州中学,美术学院,美810
2008012967,王熙宇,女,北京,中国戏曲学院附属中学,美术学院,美810
2008012968,杜恒,男,辽宁,大连市中山区高中往届生,美术学院,美82
2008012969,史泽尧,男,四川,成都市石室中学,美术学院,美82
2008012970,岳微微,女,四川,太和中学,美术学院,美82
2008012971,孙萌萌,女,山东,诸城一中,美术学院,美82
2008012972,许浩,男,湖南,衡阳市钢管厂中学,美术学院,美82
2008012973,梁晖,男,湖南,会同县第一中学,美术学院,美82
2008012974,赵德阳,男,内蒙古,赤峰二中,美术学院,美82
2008012975,康艳冰,男,四川,西昌二中,美术学院,美82
2008012976,孙月,女,北京,北京市海淀区精华培训学校,美术学院,美82
2008012977,丁棘,男,江苏,泗阳县致远中学,美术学院,美82
2008012978,刘姗姗,女,重庆,重庆市第十八中学,美术学院,美83
2008012979,何姝,女,重庆,西南师范大学附中,美术学院,美83
2008012980,李惠,女,辽宁,大连市第十五中学,美术学院,美83
2008012981,于佳馨,女,山东,牟平育英艺术中学,美术学院,美83
2008012982,冯双晨,女,辽宁,东北育才学校,美术学院,美83
2008012983,张金莉,女,重庆,铜梁中学,美术学院,美83
2008012984,郗恩延,女,山东,滕州市第一中学新校,美术学院,美83
2008012985,石硕,男,山东,滕州市第一中学新校,美术学院,美83
2008012986,李悦,女,辽宁,大连经济技术开发区第一高级中学,美术学院,美83
2008012987,杨晖,女,湖南,麓山国际实验学校,美术学院,美83
2008012988,刘琼,女,湖南,岳阳中学,美术学院,美83
2008012989,曾潇潇,女,湖北,宜昌市夷陵中学,美术学院,美83
2008012990,陈韵霏,女,湖南,湖南师大附中,美术学院,美83
2008012991,王朝,男,山东,寿光现代中学,美术学院,美83
2008012992,戴西,女,湖南,临湘市二中,美术学院,美83
2008012993,程昕,女,辽宁,大连市第十五中学,美术学院,美83
2008012994,张敏,女,山东,滕州市第一中学新校,美术学院,美83
2008012995,薛成,男,山东,滕州市第一中学新校,美术学院,美83
2008012996,李梓萱,女,湖南,长沙鸣飞补习学校,美术学院,美83
2008012997,石莺,女,广东,1322031,美术学院,美83
2008012998,房洪英,女,山东,滕州市第二中学,美术学院,美83
2008012999,林嘉琪,女,广东,2001002,美术学院,美83
2008013000,李维乐,女,广东,1701001,美术学院,美83
2008013001,熊芃,女,重庆,万州第二高级中学,美术学院,美83
2008013002,沈姗,女,江苏,宁海中学,美术学院,美83
2008013003,俞思淼,女,江苏,徐州市第一中学,美术学院,美83
2008013004,牟馨竹,女,北京,清华大学附属中学,美术学院,美83
2008013005,于单,女,北京,清华大学附属中学,美术学院,美83
2008013006,杨洁骎,女,北京,北京市西城区教育考试中心高招办,美术学院,美83
2008013007,谢恬,女,北京,北京市海淀区精华培训学校,美术学院,美83
2008013008,张系瑞,男,四川,成都市第七中学,美术学院,美84
2008013009,马瑞捷,女,辽宁,大连市第十五中学,美术学院,美84
2008013010,任秋明,女,辽宁,大连市第十五中学,美术学院,美84
2008013011,孙永军,男,山东,寿光现代中学,美术学院,美84
2008013012,庞雨珊,女,重庆,重庆市第一中学,美术学院,美84
2008013013,谢俊青,女,辽宁,大连市第十五中学,美术学院,美84
2008013014,吕帅,女,山西,太原五中,美术学院,美84
2008013015,丁点点,女,河南,郑州101中学,美术学院,美84
2008013016,王紫薇,女,河北,保定市定州中学,美术学院,美84
2008013017,郑义,男,辽宁,大连市第十五中学,美术学院,美84
2008013018,雷雁南,女,辽宁,大连市第十五中学,美术学院,美84
2008013019,霍扬文,男,陕西,西安铁一中,美术学院,美84
2008013020,官宇婷,女,湖南,资阳区招考办往届生站,美术学院,美84
2008013021,刘崭,女,山东,泰安一中,美术学院,美84
2008013022,李慧思,女,辽宁,鞍山市第一中学,美术学院,美84
2008013023,周逸夫,男,重庆,重庆市南开中学,美术学院,美84
2008013024,欧阳凤,女,湖南,华容一中,美术学院,美84
2008013025,陶鑫,男,山东,莱州一中,美术学院,美84
2008013026,贺佩,女,湖南,双峰国藩实验学校,美术学院,美84
2008013027,周旭,男,河北,邯郸市第一中学,美术学院,美84
2008013028,朱盼盼,女,河南,开封高中,美术学院,美84
2008013029,兰添,女,吉林,辉南县社会,美术学院,美84
2008013030,霍少达,男,河北,邯郸市第一中学,美术学院,美84
2008013031,张俊超,男,山东,淄博市第十一中学,美术学院,美84
2008013032,刘伟,男,山东,淄博七中,美术学院,美84
2008013033,石俊峰,男,河南,焦作光明中学,美术学院,美84
2008013034,李晓慧,女,辽宁,大连市第十五中学,美术学院,美84
2008013035,向奕翰,男,湖南,汉寿县龙池中学,美术学院,美84
2008013036,杜敏侨,女,吉林,毓文中学,美术学院,美84
2008013037,梁小梅,女,广东,306002,美术学院,美84
2008013038,张雪娟,女,湖南,株洲市北师大附中,美术学院,美84
2008013039,胡霁月,女,广东,402001,美术学院,美84
2008013040,崔妍姝,女,辽宁,大石桥市往届生,美术学院,美84
2008013041,徐馨叶,女,江苏,无锡市辅仁高中,美术学院,美84
2008013042,廖青,女,江苏,盐城市高级实验中学,美术学院,美84
2008013043,赵雁伟,男,辽宁,大连市第十五中学,美术学院,美85
2008013044,顾禹桐,女,吉林,社会青年,美术学院,美85
2008013045,杜娟,女,辽宁,大连市第十五中学,美术学院,美85
2008013046,徐隆,男,重庆,重庆市第十八中学,美术学院,美85
2008013047,邵颖,女,辽宁,大连市第十五中学,美术学院,美85
2008013048,王宇,男,四川,西昌一中,美术学院,美85
2008013049,王姿娇,女,辽宁,大连市第十五中学,美术学院,美85
2008013050,李子昂,男,黑龙江,省海城中学,美术学院,美85
2008013051,黄豪,男,湖南,常德市七中,美术学院,美85
2008013052,张翀,男,山东,牟平育英艺术中学,美术学院,美85
2008013053,罗晨溪,女,陕西,西安铁一中国际学校,美术学院,美85
2008013054,郭毅,男,山东,威海一中,美术学院,美85
2008013055,林姝,女,辽宁,大连市第十五中学,美术学院,美85
2008013056,王欣颀,女,黑龙江,黑龙江省实验中学,美术学院,美85
2008013057,李谦,女,内蒙古,集宁一中,美术学院,美85
2008013058,王甜娇,女,新疆,乌鲁木齐市八中,美术学院,美85
2008013059,彭意璇,女,湖南,宁乡云帆学校,美术学院,美85
2008013060,马钦锋,男,山东,滕州市第一中学新校,美术学院,美85
2008013061,贾祯熙,女,河南,希望中学,美术学院,美85
2008013062,曲成健,男,山东,牟平育英艺术中学,美术学院,美85
2008013063,杨豪,男,辽宁,普兰店市往届生,美术学院,美85
2008013064,崔昊天,男,内蒙古,集宁一中,美术学院,美85
2008013065,孔世源,男,上海,上海市大同中学,美术学院,美85
2008013066,贾伟,男,山东,淄博六中,美术学院,美85
2008013067,王世千,男,四川,眉山中学,美术学院,美85
2008013068,李白,男,天津,天津语言学校,美术学院,美85
2008013069,黎昊,男,广东,1322031,美术学院,美85
2008013070,徐倩茵,女,广东,2001002,美术学院,美85
2008013071,张立国,男,河北,张家口市怀来县沙城中学,美术学院,美85
2008013072,李文汉,男,江苏,徐州市第一中学,美术学院,美85
2008013073,李奥,男,北京,北京市第八十中学,美术学院,美85
2008013074,张璐,女,北京,北京市国际艺术学校,美术学院,美85
2008013075,张玉峰,男,江苏,江苏省滨海中学,美术学院,美85
2008013076,蔡赟,女,北京,清华大学附属中学,美术学院,美85
2008013077,张璐,女,北京,清华大学附属中学,美术学院,美85
2008013078,谭颖,女,新疆,乌鲁木齐市一中,美术学院,美86
2008013079,裴振宇,男,黑龙江,黑龙江省实验中学,美术学院,美86
2008013080,黄博宇,男,辽宁,大连市第十五中学,美术学院,美86
2008013081,张洋,男,山东,定陶县一中,美术学院,美86
2008013082,李亚婷,女,湖南,株洲市二中,美术学院,美86
2008013083,邵堃,男,辽宁,大连经济技术开发区第一高级中学,美术学院,美86
2008013084,于俊杰,女,辽宁,大连市第十五中学,美术学院,美86
2008013085,王佳栩,女,陕西,西安铁一中,美术学院,美86
2008013086,刘海涛,男,黑龙江,哈市四十四中,美术学院,美86
2008013087,曲晓飞,男,山东,牟平育英艺术中学,美术学院,美86
2008013088,曹冠男,男,山东,泰安一中,美术学院,美86
2008013089,李赛,女,山东,山东师大附中,美术学院,美86
2008013090,郭艳晴,女,湖南,沅江二中,美术学院,美86
2008013091,张雅婷,女,辽宁,大连市第十五中学,美术学院,美86
2008013092,胡子琪,男,黑龙江,大庆市二十三中学,美术学院,美86
2008013093,吕莹欣,女,河北,河北省唐山市第二中学,美术学院,美86
2008013094,姜鸣宇,女,辽宁,辽阳市第一高级中学,美术学院,美86
2008013095,张蒙蒙,女,山东,滕州市第一中学新校,美术学院,美86
2008013096,郭清华,女,广东,308001,美术学院,美86
2008013097,冯川,女,广东,1701001,美术学院,美86
2008013098,王婧,女,四川,西昌一中,美术学院,美87
2008013099,陈琳,女,湖南,岳阳县集英中学,美术学院,美87
2008013100,张泉,男,四川,大竹中学,美术学院,美87
2008013101,张一璠,女,河南,商丘市二高,美术学院,美87
2008013102,芮雪,女,山东,枣庄三中,美术学院,美87
2008013103,董汇洋,女,山东,文登新一中,美术学院,美87
2008013104,张晨晖,男,山西,迎泽区往届生,美术学院,美87
2008013105,曾丽思,女,湖南,宁乡四中,美术学院,美87
2008013106,何艺,男,湖南,道县招生办,美术学院,美87
2008013107,金安莎,女,湖南,长沙雅礼寄宿制中学,美术学院,美87
2008013108,张鎏鑫,女,吉林,抚松县第一中学,美术学院,美87
2008013109,蒋卓群,女,黑龙江,省海城中学,美术学院,美87
2008013110,顾婧曦,女,广东,303021,美术学院,美87
2008013111,牟小龙,男,广东,304001,美术学院,美87
2008013112,郭永,男,北京,北京市石景山区苹果园街道,美术学院,美87
2008013113,梁子勍,女,北京,清华大学附属中学,美术学院,美87
2008013114,李玄白,男,北京,北京市朝阳区来广营地区,美术学院,美87
2008013115,谈芮苒,女,北京,清华大学附属中学,美术学院,美87
2008013116,马慧,女,北京,北京市一佳高级中学,美术学院,美87
2008013117,朱雯,女,北京,北京市朝阳区高碑店地区,美术学院,美87
2008013118,吴升知,男,辽宁,大连市第十五中学,美术学院,美88
2008013119,时乐,男,辽宁,大连市第十五中学,美术学院,美88
2008013120,向园,女,湖南,自治州民族中学,美术学院,美88
2008013121,陈果,男,湖南,湘阴慧丽学校,美术学院,美88
2008013122,郭佳玉,男,河南,商丘市四高,美术学院,美88
2008013123,臧卓鑫,男,辽宁,大连市第十五中学,美术学院,美88
2008013124,武真旗,女,黑龙江,大庆石油高中,美术学院,美88
2008013125,丁瑗,女,内蒙古,呼市十四中,美术学院,美88
2008013126,安德生,男,山东,莱州一中,美术学院,美88
2008013127,张琦,男,辽宁,铁岭市银州区往届生,美术学院,美88
2008013128,蒋同,男,山东,定陶县二中,美术学院,美88
2008013129,由晓彤,女,山东,滨州市邹平县黄山中学,美术学院,美88
2008013130,王剑,女,黑龙江,牡丹江市第二中学,美术学院,美88
2008013131,黄昕,男,湖南,宁乡晨光学校,美术学院,美88
2008013132,张鹏,男,河北,保定美术中学,美术学院,美88
2008013133,常悦,女,河北,秦皇岛市第一中学,美术学院,美88
2008013134,陈文楠,女,河南,平顶山市第八中学,美术学院,美88
2008013135,徐翔,男,内蒙古,呼市十八中,美术学院,美88
2008013136,潘戈阳,男,广东,403001,美术学院,美88
2008013137,胡思臣,男,湖南,怀化市玉成学校,美术学院,美88
2008013138,王仕禄,男,辽宁,鲁美附属中等美术学校,美术学院,美88
2008013139,聂赫夫,男,广东,308002,美术学院,美88
2008013140,文乐,男,广东,1224001,美术学院,美88
2008013141,李天琦,男,安徽,涡阳四中,美术学院,美88
2008013142,曾家佳,女,广东,105038,美术学院,美88
2008013143,商伯远,男,天津,天津市美院美术高中,美术学院,美88
2008013144,梁浩,男,广东,1302027,美术学院,美88
2008013145,孙墨青,男,北京,清华大学附属中学,美术学院,美88
2008013146,何绍同,男,北京,中央工艺美术学院附中,美术学院,美88
2008013147,黄心恬,女,北京,北京市八一中学,美术学院,美88
2008013148,孟祥轲,男,山东,东平县第一中学,美术学院,美89
2008013149,张超,男,山东,滕州二中新校,美术学院,美89
2008013150,曾松林,男,湖南,洞口县一中,美术学院,美89
2008013151,石富,男,湖南,蓝山县职业中专,美术学院,美89
2008013152,刁军翔,男,河南,夏邑县第一高中,美术学院,美89
2008013153,谢颀,男,湖南,宁乡一中,美术学院,美89
2008013154,张升化,男,山东,滕州二中新校,美术学院,美89
2008013155,韩月乔,女,河南,商丘市四高,美术学院,美89
2008013156,宗禹杉,女,辽宁,抚顺市第二中学,美术学院,美89
2008013157,黎俊,男,湖北,应城市第一高级中学,美术学院,美89
2008013158,李铭燃,女,黑龙江,海伦市第一中学,美术学院,美89
2008013159,廖川江,男,辽宁,鲁美附属中等美术学校,美术学院,美89
2008013160,覃石胜,男,广西,平南大安高中,美术学院,美89
2008013161,程心怡,女,北京,清华大学附属中学,美术学院,美89
2008013162,刘瀛潞,女,北京,北京市大兴区教育考试中心高招办,美术学院,美89
2008013163,毛晓晨,女,吉林,辽源市第五中学,建环系,建环8
2008013164,孙筱,女,山东,东营胜利第一中学,建环系,建环8
2008013165,郭偲悦,女,浙江,杭州市第二中学,建环系,建环8
2008013166,李敏,女,内蒙古,包头市九中,建环系,建环8
2008013167,王美婷,女,浙江,浙江省义乌中学,建环系,建环8
2008013168,杨乐,男,陕西,西北工业大学附中,建环系,建环8
2008013169,任晓欣,女,辽宁,辽宁省实验中学,建环系,建环8
2008013170,李崎,男,安徽,安徽师范大学附属中学,建环系,建环8
2008013171,郑姝影,女,湖北,洪湖市第一中学,建环系,建环8
2008013172,祝瑞,男,天津,塘沽一中,建环系,建环8
2008013173,蒋凌飞,男,湖南,湘一,建环系,建环8
2008013174,田雪冬,女,山西,省实验中学,建环系,建环8
2008013175,吴锋彬,男,福建,安溪一中,建环系,建环8
2008013176,周晚婷,女,广东,604001,建环系,建环8
2008013177,于瑞,男,湖南,慈利一中,建环系,建环8
2008013178,裴祖峰,男,江西,鹰潭市余江县第一中学,建环系,建环8
2008013179,梁孟麟,男,广西,都安县高级中学,建环系,建环8
2008013180,吴若飒,女,北京,北京市第四中学,建环系,建环8
2008013181,林熠溦,女,北京,北京市顺义牛栏山第一中学,建环系,建环8
2008013182,王亦然,女,江苏,徐州市第一中学,建环系,建环8
2008013183,郭雪扉,女,北京,北京市大兴区第一中学,建环系,建环8
2008013184,李欣,男,江苏,江苏省建湖高级中学,建环系,建环8
2008013185,何健聪,男,北京,北京市顺义牛栏山第一中学,建环系,建环8
2008013186,郑宇薇,女,河北,河北衡水中学,建环系,建环8
2008013187,吴泽昊,男,黑龙江,哈尔滨市三中,建环系,建环8
2008013188,丰晓航,男,浙江,浙江省淳安中学,建环系,建环8
2008013189,姜飞,男,湖北,当阳市第一高级中学,建环系,建环8
2008013190,聂垚,男,山西,省实验中学,建环系,建环8
2008013191,蒋欣怡,女,上海,上海市曹杨第二中学,建环系,建环8
2008013192,王川,男,吉林,东北师大附属中学,建环系,建环8
2008013193,李林妍,女,江苏,往届生及补习班,建环系,建环8
2008013194,吕周延,男,黑龙江,哈尔滨市三中,生医系,生医8
2008013195,马晓栋,男,山东,安丘一中,生医系,生医8
2008013196,黄寒月,女,黑龙江,阿城市第一中学,生医系,生医8
2008013197,金海岚,女,浙江,嵊州市第一中学,生医系,生医8
2008013198,徐颖玥,女,陕西,高新一中,生医系,生医8
2008013199,周际,女,湖北,钟祥市第一中学,生医系,生医8
2008013200,张硕越,男,河北,河北省唐山市第一中学,生医系,生医8
2008013201,蒋涛,男,浙江,嘉善县高级中学,生医系,生医8
2008013202,杨骏,男,湖南,永顺县第一中学,生医系,生医8
2008013203,韦昕童,女,广西,柳州铁一中学,生医系,生医8
2008013204,张书昕,女,湖南,湘一,生医系,生医8
2008013205,袁璐,女,北京,北京大学附属中学,生医系,生医8
2008013206,周钰,女,北京,北京市十一学校,生医系,生医8
2008013207,李昂,男,北京,北京市通州区潞河中学,生医系,生医8
2008013208,王骁,男,北京,北京市十一学校,生医系,生医8
2008013209,宫恩浩,男,北京,北京市第四中学,生医系,生医8
2008013210,罗炜欣,女,香港,香港培正中学,生医系,生医8
2008013211,周正韡,女,江苏,无锡市一中,生医系,生医8
2008013212,陈尉轩,男,江苏,南师大附中,生医系,生医8
2008013213,郭学婧,女,四川,友谊中学,生医系,生医8
2008013214,连慧阳,女,吉林,白城市第一高中,生医系,生医8
2008013215,鲍小凡,男,山东,山东省实验中学,生医系,生医8
2008013216,仇晟,男,浙江,杭州外语学校,生医系,生医8
2008013217,张喆,男,陕西,西北工业大学附中,生医系,生医8
2008013218,曹子健,男,辽宁,东北育才学校,生医系,生医8
2008013219,李嘉,男,福建,漳州一中,生医系,生医8
2008013220,曹淑静,女,安徽,蚌埠市第二中学,生医系,生医8
2008013221,张淳奕,男,上海,上海市大同中学,生医系,生医8
2008013222,王祎,女,北京,北京大学附属中学,生医系,生医8
2008013223,王超,男,黑龙江,大庆市东风中学,软件学院,软件81
2008013224,唐家勇,男,重庆,重庆市巴蜀中学,软件学院,软件81
2008013225,刘新宇,男,山东,滕州市第一中学新校,软件学院,软件81
2008013226,肖希茜,女,湖北,华中师范大学第一附属中学,软件学院,软件81
2008013227,王苗飞,男,河北,保定市定州中学,软件学院,软件81
2008013228,杨非,男,辽宁,凤城市第一中学,软件学院,软件81
2008013229,唐旺,男,湖南,湘潭县一中,软件学院,软件81
2008013230,邓毓楠,男,福建,邵武一中,软件学院,软件81
2008013231,吴厦,男,浙江,慈溪中学,软件学院,软件81
2008013232,刘盛鹏,男,江苏,白蒲中学,软件学院,软件81
2008013233,费昀,男,北京,北京师范大学附属实验中学,软件学院,软件81
2008013234,秦思阳,男,北京,北京市十一学校,软件学院,软件81
2008013235,郭秦龙,男,陕西,西安交通大学附中,软件学院,软件81
2008013236,万立,男,四川,成都市第七中学,软件学院,软件81
2008013237,钱康来,男,江苏,江苏省锡山高级中学,软件学院,软件81
2008013238,邵炜,男,河北,石家庄市第二中学,软件学院,软件81
2008013239,何冠宇,男,天津,南开中学,软件学院,软件81
2008013240,杨宇航,男,吉林,东北师大附属中学,软件学院,软件81
2008013241,姚垚,男,浙江,浙江省诸暨中学,软件学院,软件81
2008013242,苏里帆,男,浙江,杭州市学军中学,软件学院,软件81
2008013243,刘孟启,男,河南,河南省实验中学,软件学院,软件81
2008013244,刘雪晴,女,河南,河南省实验中学,软件学院,软件81
2008013245,丁晓雯,女,上海,上海中学,软件学院,软件81
2008013246,施煌毅,男,澳门,镜平学校,软件学院,软件81
2008013247,刘镠,男,安徽,六安市第一中学,软件学院,软件81
2008013248,李晨晓,女,内蒙古,赤峰二中,软件学院,软件81
2008013249,周爱辉,男,江西,鹰潭市第一中学,软件学院,软件81
2008013250,孙雨新,男,北京,北京市十一学校,软件学院,软件81
2008013251,田永龙,男,四川,成都市树德中学,软件学院,软件81
2008013252,许鹏,男,安徽,无为中学,软件学院,软件81
2008013253,林运祯,男,福建,三明二中,软件学院,软件81
2008013254,陈俊,男,重庆,重庆市南开中学,软件学院,软件82
2008013255,李同辉,男,山东,胶南市第二中学,软件学院,软件82
2008013256,武纪昀,男,山西,太原五中,软件学院,软件82
2008013257,林琼政,男,浙江,乐清中学,软件学院,软件82
2008013258,张哲,男,辽宁,铁岭市高级中学,软件学院,软件82
2008013259,刘天赐,男,湖南,衡东县第一中学,软件学院,软件82
2008013260,张硕,男,河北,保定市蠡县蠡县中学,软件学院,软件82
2008013261,陈昊,男,广东,114001,软件学院,软件82
2008013262,廖鸿森,男,福建,上杭一中,软件学院,软件82
2008013263,黄治华,男,江苏,江苏省姜堰中学,软件学院,软件82
2008013264,叶舒,男,北京,北京市第八中学,软件学院,软件82
2008013265,王昶平,男,陕西,西北工业大学附中,软件学院,软件82
2008013266,陶芳波,男,浙江,浙江省春晖中学,软件学院,软件82
2008013267,叶畋宇,男,上海,华东师范大学第二附属中学,软件学院,软件82
2008013268,高以林,男,吉林,吉林一中,软件学院,软件82
2008013269,王鑫,男,山东,山东省实验中学,软件学院,软件82
2008013270,齐鹏,男,贵州,安顺市第二高级中学,软件学院,软件82
2008013271,曹原,女,河南,郑州市第一中学,软件学院,软件82
2008013272,熊曦,女,江西,江西省景德镇一中,软件学院,软件82
2008013273,张润丰,男,安徽,六安市第一中学,软件学院,软件82
2008013274,林屹冬,男,福建,泉州第五中学,软件学院,软件82
2008013275,孙贤达,男,江苏,盐城中学,软件学院,软件82
2008013276,刘奕驰,男,北京,北京师范大学附属实验中学,软件学院,软件82
2008013277,唐盛冬,男,四川,成都市实验外语学校,软件学院,软件82
2008013278,郭心睿,女,吉林,东北师大附属中学,软件学院,软件82
2008013279,吴迪,男,天津,外院附校,软件学院,软件82
2008013280,龚江涛,女,陕西,高新一中,软件学院,软件82
2008013281,赵德旺,男,安徽,宿城一中,软件学院,软件82
2008013282,林欣,男,福建,厦门外国语学校,软件学院,软件82
2008013283,房毓菲,女,北京,中国人民大学附属中学,软件学院,软件82
2008013284,张伟哲,男,北京,中国人民大学附属中学,软件学院,软件82
2008030001,金正雄,男,吉林,社会,生物系,生84
2008030002,李娟,女,四川,内江二中,生物系,生84
2008030003,邵仟仟,女,吉林,长春市第十一中学,生物系,生84
2008030004,干霖洋,男,浙江,余姚中学,生物系,生84
2008030005,谢怀娅,女,云南,云南师范大学附属中学,生物系,生84
2008030006,于晓晨,女,山东,烟台二中,生物系,生84
2008030007,张屹,男,重庆,重庆市巴蜀中学,生物系,生84
2008030008,吴媞,女,天津,二中,生物系,生84
2008030009,陆逸云,女,广东,103023,生物系,生84
2008030010,程欣,男,湖北,武汉市第六中学,生物系,生84
2008030011,彭崎峰,男,湖南,邵阳市二中,生物系,生84
2008030012,陈思禹,女,湖南,雅礼中学,生物系,生84
2008030013,张心瑜,女,浙江,杭州市第二中学,生物系,生84
2008030014,刘天行,男,北京,北京师范大学附属中学,生物系,生84
2008030015,张梦雨,男,北京,中国人民大学附属中学,生物系,生84
2008030016,钱君岩,女,北京,北京市第五中学,生物系,生84
2008030017,杨丹,女,北京,北京师范大学附属实验中学,生物系,生84
2008030018,施焘,男,江苏,盐城中学,生物系,生84
2008030019,栾子健,女,重庆,重庆市南开中学,生物系,生84
2008030020,李雅彤,女,北京,北京市第十二中学,生物系,生84
2008030021,陈春,女,江苏,江苏省启东中学,生物系,生84
2008030022,杨瑞晗,女,天津,南开中学,生物系,生84
2008030023,姚翔,男,浙江,余姚中学,生物系,生84
2008030024,吕遐,女,浙江,浙江省春晖中学,生物系,生84
2008030025,杨晨蝶,女,上海,上海市上海中学,生物系,生84
2008030026,左宇志,男,四川,隆昌一中,生物系,生85
2008030027,秦韵,女,四川,南充高中,生物系,生85
2008030028,刘潇濛,女,天津,一中,生物系,生85
2008030029,杨晶,女,云南,云南师范大学附属中学,生物系,生85
2008030030,白华,女,吉林,延边一中,生物系,生85
2008030031,漆璇,女,四川,四川省绵阳中学,生物系,生85
2008030032,陈茹萱,女,安徽,淮北市第一中学,生物系,生85
2008030033,石穿,男,湖北,武汉外国语学校,生物系,生85
2008030034,陈颖茜,女,广东,803001,生物系,生85
2008030035,麦毓麟,男,广东,104002,生物系,生85
2008030036,翁琳倩,女,浙江,金华市第一中学,生物系,生85
2008030037,王佳明,男,浙江,浙江萧山中学,生物系,生85
2008030038,胡立星,女,河北,保定市定州中学,生物系,生85
2008030039,张鑫,男,福建,漳州一中,生物系,生85
2008030040,吴林格尔,男,北京,中央民族大学附属中学,生物系,生85
2008030041,徐驰,男,北京,北京市第二中学,生物系,生85
2008030042,徐源,男,江苏,盐城中学,生物系,生85
2008030043,袁灵,女,江苏,江苏省丹阳高级中学,生物系,生85
2008030044,胡莎莎,女,北京,北京市第五中学,生物系,生85
2008030045,梁效,男,江苏,常州市北郊中学,生物系,生85
2008030046,朱融融,女,北京,北京市第五中学,生物系,生85
2008030047,马玫,女,江苏,盐城中学,生物系,生85
2008030048,尹翮翔,女,山东,淄博一中,生物系,生85
2008030049,桂欣钰,女,北京,北京市第四中学,生物系,生85
2008030050,李思妤,女,湖南,长郡中学,生物系,生85
2008030051,廖蕾,女,四川,彭山一中,生物系,生86
2008030052,李仁达,男,山东,枣庄三中,生物系,生86
2008030053,李双江,男,重庆,重庆市巴蜀中学,生物系,生86
2008030054,张磊楠,女,天津,一中,生物系,生86
2008030055,胡筱,女,重庆,重庆市南开中学,生物系,生86
2008030056,倪建佼,男,浙江,金华市第一中学,生物系,生86
2008030057,安懿婷,女,浙江,宁波市镇海中学,生物系,生86
2008030058,陶葸茜,女,广东,103021,生物系,生86
2008030059,余芝芝,女,浙江,苍南中学,生物系,生86
2008030060,王文达,男,河北,石家庄市第一中学,生物系,生86
2008030061,王紫倩,女,湖南,长郡中学,生物系,生86
2008030062,徐天铭,女,河北,孟村县回民中学,生物系,生86
2008030063,谭卿,男,湖南,衡阳市八中,生物系,生86
2008030064,殷子然,女,福建,厦门第一中学,生物系,生86
2008030065,孟琦,女,上海,鲁矿一中,生物系,生86
2008030066,夏迪,女,北京,北方交通大学附属中学,生物系,生86
2008030067,徐雯雯,女,江苏,如皋中学,生物系,生86
2008030068,李冠乔,女,北京,北京市第一０一中学,生物系,生86
2008030069,郭海巍,男,江苏,海安县曲塘中学,生物系,生86
2008030070,谭骁,男,北京,北京市第四中学,生物系,生86
2008030071,张晴,女,北京,北京市第五中学,生物系,生86
2008030072,赵宇,男,浙江,杭州市第二中学,生物系,生86
2008030073,徐佳晨,女,四川,四川省绵阳中学,生物系,生86
2008030074,王婧,女,北京,北京市第四中学,生物系,生86
2008040001,杨丽丽,女,港大自费,广东省东莞市东华高,建筑系,建81
2008040002,张爽,女,港大自费,辽宁省本溪市高级中,建筑系,建82
2008040003,劉焉陳,女,港大自费,清華大學附屬中學,建筑系,建83
2008040004,姜禾嘉,男,港大自费,北京171中学,建筑系,建83
2008040005,毛茅,女,港大自费,南开中学,土木系,结82
2008040006,趙旻,女,港大自费,清華大學附屬中學,工业系,工82
2008040007,江洋,男,港大自费,深圳實驗學校,电子系,无86
2008040008,索雅,女,港大自费,成都市第七中学,电子系,无89
2008040009,万葭,女,港大自费,北京市第八中学,理学院,基科8
2008040010,李昕宇,男,港大自费,上海交通大學附屬中,理学院,基科8
2008040011,籍昊,男,港大自费,中国人民大学附属中,理学院,基科81
2008040012,张晓晶,女,港大自费,北京师范大学第二附,生物系,生83
2008040013,王一帆,女,港大自费,河南省濮阳市第一高,经管学院,经81
2008040014,梅丹青,男,港大自费,上海中學本部,经管学院,经81
2008040015,韩雨,女,港大自费,北京师范大学第二附,经管学院,经81
2008040016,贺金声,男,港大自费,成都市第七中学校,经管学院,经81
2008040017,聶宗瑤,女,港大自费,北京四中,经管学院,经81
2008040018,孙朔,女,港大自费,北京市第八中学,经管学院,经81
2008040019,徐尚斐,女,港大自费,深圳中学,经管学院,经82
2008040020,卢嘉雯,女,港大自费,广东省深圳外国语学,经管学院,经82
2008040021,王安琪,女,港大自费,北京四中,经管学院,经82
2008040022,上官若,男,港大自费,厦门外国语学校,经管学院,经82
2008040023,于佳雯,女,港大自费,北京师范大学第二附,经管学院,经82
2008040024,翟超,男,港大自费,吉林市第一中学校,经管学院,经82
2008040025,翟羽佳,女,港大自费,哈尔滨市第三中学,经管学院,经83
2008040026,胡嘉玲,女,港大自费,厦门外国语学校,经管学院,经83
2008040027,李心圆,女,港大自费,BEIJINGNo.8MI,经管学院,经83
2008040028,高原,男,港大自费,上海市上海中学,经管学院,经83
2008040029,张亦桃,男,港大自费,石室中学,经管学院,经84
2008040030,田悠,女,港大自费,吉林省长春市东北师,经管学院,经84
2008040031,郑遥,女,港大自费,北京四中,经管学院,经84
2008040032,范昕宇,男,港大自费,厦门外国语学校,经管学院,经85
2008040033,阮寧,女,港大自费,清华大学附属中学,经管学院,经85
2008040034,王诗雨,女,港大自费,哈尔滨市第三中学,经管学院,经85
2008040035,王禹袭,女,港大自费,唐山一中,经管学院,经87
2008040036,丁茜茜,女,港大自费,哈尔滨市第三中学,经管学院,经87
2008040037,董耀徽,男,港大自费,河北省唐山市丰南区,经管学院,经87
2008040038,程賽爾,女,港大自费,清华大学附属中学,人文学院,社科8
2008040039,祝晓曦,女,港大自费,北京八中,人文学院,社科8
2008040040,陈诗玥,女,港大自费,珠海市第一中学,人文学院,社科8
2008040041,许京立,女,港大自费,大庆一中,新传学院,新闻82