学号,通知书号,姓名,考区,毕业中学,录取院系
023016,02110001,陈津竹,浙江,杭州外国语学校,中国语言文学系
023017,02110002,钟雨柔,浙江,杭州学军中学,中国语言文学系
023093,02110003,王田田,浙江,杭州市高级中学,法学院
023123,02110004,来扬,浙江,镇海中学,法学院
023094,02110005,朱莹,浙江,浙江省长兴中学,法学院
023095,02110006,丁嘉勇,浙江,浙江省春晖中学,法学院
023096,02110007,楼颖,浙江,浙江省义乌中学,法学院
022991,02110008,詹君,浙江,浙江省淳安中学,中国语言文学系
022992,02110009,方炜,浙江,宁波市效实中学,中国语言文学系
022993,02110010,林伟华,浙江,温州中学,中国语言文学系
022994,02110011,姚苏杰,浙江,浙江省春晖中学,中国语言文学系
023031,02110012,洪筱津,浙江,富阳中学,外语系
023032,02110013,沈燕,浙江,余杭市高级中学,外语系
023033,02110014,李岚,浙江,浙江元济高级中学,外语系
023034,02110015,高炜红,浙江,绍兴县鲁迅中学,外语系
023070,02110016,王密妙,浙江,慈溪市观城中学,外语系
023071,02110017,张赛,浙江,浙江省义乌中学,外语系
023072,02110018,张芸,浙江,衢州市衢化中学,外语系
023162,02110019,朱一彬,浙江,浙江省桐庐中学,传播系
023163,02110020,杨玫玫,浙江,慈溪中学,传播系
023164,02110021,毛捷,浙江,奉化市第一中学,传播系
023165,02110022,陈国栋,浙江,象山县第一中学,传播系
020231,02110023,林芳,浙江,浙江省瑞安中学,美术学院
020237,02110024,李云,浙江,桐乡市高级中学,美术学院
021586,02111001,周奇伟,浙江,华东师大第二附中,电子工程系
021262,02111002,柳仲楷,浙江,杭州外国语学校,电机工程与应用电子技术系
023124,02111003,孙伊涵,浙江,杭州第二中学,法学院
022145,02111004,夏乐章,浙江,杭州第二中学,工程力学系
022568,02111005,沈伟,浙江,杭州第二中学,物理系
022755,02111006,章斐然,浙江,杭州第二中学,生物科学与技术系
021554,02111007,王旌,浙江,杭州学军中学,电子工程系
020286,02111008,吕琪,浙江,湖州中学,建筑系
022548,02111009,白舜,浙江,台州中学,物理系
020636,02111010,俞皓,浙江,诸暨中学,环境科学与工程系
020569,02111011,黄一鼎,浙江,诸暨中学,环境科学与工程系
023125,02111013,许晓骁,浙江,富阳中学,法学院
023126,02111014,魏奎楠,浙江,绍兴市第一中学,法学院
023127,02111015,王琤,浙江,浙江省普陀中学,法学院
023055,02111016,李韩英,浙江,浙江省萧山中学,外语系
023056,02111017,董文达,浙江,苍南县第一中学,外语系
023166,02111018,胡晓白,浙江,建德市新安江中学,传播系
023167,02111019,单昕吉,浙江,温岭中学,传播系
022457,02111020,戴蒋军,浙江,杭州市第二中学,数学科学系
022521,02111021,王晟,浙江,慈溪中学,数学科学系
022491,02111022,吴拓华,浙江,温州中学,数学科学系
022522,02111023,王华新,浙江,浙江省诸暨中学,数学科学系
022625,02111024,赵博,浙江,温州中学,物理系
022626,02111025,郑珊珊,浙江,台州中学,物理系
022655,02111026,胡憾石,浙江,镇海中学,化学系
022689,02111027,吴富根,浙江,嵊州市第二中学,化学系
022690,02111028,潘丽丽,浙江,温岭中学,化学系
022715,02111029,何俊,浙江,城站街道,生物科学与技术系
022330,02111030,凌学良,浙江,绍兴市第一中学,化学工程系
022425,02111031,余天博,浙江,慈溪中学,材料科学与工程系
022393,02111032,庄昊,浙江,温州中学,材料科学与工程系
022426,02111033,邵希,浙江,金华市第一中学,材料科学与工程系
022363,02111034,严晓俊,浙江,衢州市第二中学,材料科学与工程系
022427,02111035,孙游,浙江,浙江省龙游中学,材料科学与工程系
020789,02111036,周雪崖,浙江,镇海中学,精密仪器与机械学系
020728,02111037,韩建栋,浙江,余姚中学,机械工程系
020758,02111038,陈烽,浙江,浙江省春晖中学,精密仪器与机械学系
020696,02111039,梁思率,浙江,金华市第一中学,机械工程系
020667,02111040,缪家明,浙江,浙江省普陀中学,机械工程系
020697,02111041,郑哲伟,浙江,舟山中学,机械工程系
021002,02111042,陈上楼,浙江,苍南县第一中学,汽车工程系
021033,02111043,吕炜枫,浙江,新昌中学,汽车工程系
020821,02111044,曲宜波,浙江,衢州市第二中学,精密仪器与机械学系
020822,02111045,周吉,浙江,浙江省开化县中学,精密仪器与机械学系
022210,02111046,吴肖乐,浙江,乐清中学,工程力学系
020913,02111047,方锦,浙江,金华市第一中学,热能工程系
022211,02111048,苏甲,浙江,椒江区第一中学,工程力学系
022086,02111049,杜思佳,浙江,衢州市第二中学,工程物理系
022057,02111050,颜安和,浙江,温岭中学,工程物理系
022029,02111051,朱智武,浙江,浙江省瑞安中学,工程物理系
021999,02111052,裘家琪,浙江,绍兴县鲁迅中学,工程物理系
022030,02111053,应振根,浙江,遂昌中学,工程物理系
022000,02111054,蒋建勋,浙江,温岭中学,工程物理系
021158,02111055,李杰,浙江,宁海中学,电机工程与应用电子技术系
021228,02111056,庄池杰,浙江,海宁高级中学,电机工程与应用电子技术系
021263,02111057,殷翀元,浙江,浙江省湖州中学,电机工程与应用电子技术系
021229,02111058,黄剑峰,浙江,浙江省义乌中学,电机工程与应用电子技术系
021194,02111059,何剑,浙江,浙江省龙游中学,电机工程与应用电子技术系
021230,02111060,徐祎,浙江,江山中学,电机工程与应用电子技术系
021923,02111061,高勇,浙江,富阳中学,自动化系
021970,02111062,贾扬清,浙江,浙江省春晖中学,自动化系
021827,02111063,张斌,浙江,浙江省春晖中学,自动化系
021946,02111064,潘黄斌,浙江,新昌中学,自动化系
021924,02111065,董欢欢,浙江,台州中学,自动化系
021360,02111066,戚颖杰,浙江,浙江省萧山中学,电子工程系
021296,02111067,胡艳芳,浙江,象山县第一中学,电子工程系
021329,02111068,吴唯瑜,浙江,浙江省湖州中学,电子工程系
021429,02111069,张宇,浙江,浙江省岱山县岱山中学,电子工程系
021799,02111070,翁林开,浙江,镇海中学,计算机科学与技术系
021708,02111071,钱翌旦,浙江,浙江省湖州中学,计算机科学与技术系
021770,02111072,黄亚鸣,浙江,浙江省湖州市菱湖中学,计算机科学与技术系
021740,02111073,金之星,浙江,绍兴市第一中学,计算机科学与技术系
021709,02111074,曹毅,浙江,金华市第一中学,计算机科学与技术系
021460,02111075,唐隐杰,浙江,宁波市效实中学,电子工程系
021490,02111076,李庆,浙江,绍兴县柯桥中学,电子工程系
021523,02111077,马徐明,浙江,嵊州市第二中学,电子工程系
021587,02111078,贾迪,浙江,浙江省诸暨中学,电子工程系
021555,02111079,潘哲祥,浙江,浙江省磐安中学,电子工程系
023229,02111080,金慧君,浙江,镇海中学,医学院
023230,02111081,孙丹萍,浙江,诸暨市牌头中学,医学院
023231,02111082,王舒喆,浙江,衢州市衢化中学,医学院
020318,02111083,孙思思,浙江,余姚中学,建筑系
020319,02111084,孙显,浙江,浙江省平湖中学,建筑系
020255,02111085,李婷婷,浙江,浙江省湖州中学,建筑系
020287,02111086,张琳,浙江,浙江省诸暨中学,建筑系
020346,02111087,刘俊,浙江,杭州市第二中学,土木工程系
020446,02111088,戴劲草,浙江,慈溪中学,土木工程系
020347,02111089,袁英,浙江,嵊州市第二中学,土木工程系
020381,02111090,章立辉,浙江,舟山中学,土木工程系
023198,02111091,周潇儒,浙江,浙江缙云中学,建筑技术科学系
020507,02111092,胡耘,浙江,桐乡市高级中学,水利水电工程系
020475,02111093,钱晓翔,浙江,桐乡市高级中学,水利水电工程系
020538,02111094,夏煜,浙江,衢州市第二中学,水利水电工程系
020604,02111095,刘佳伟,浙江,镇海中学,环境科学与工程系
020637,02111096,张楚莹,浙江,衢州市第二中学,环境科学与工程系
020570,02111097,郑超蕙,浙江,舟山中学,环境科学与工程系
022297,02111098,傅叶勍,浙江,宁波市效实中学,化学工程系
022268,02111099,张安琪,浙江,桐乡市高级中学,化学工程系
022238,02111100,孙佳丽,浙江,桐乡市高级中学,化学工程系
022167,02111101,裘钧,浙江,富阳中学,工程力学系
022146,02111102,陈曦,浙江,余姚中学,工程力学系
022168,02111103,洪迪峰,浙江,绍兴县鲁迅中学,工程力学系
021094,02111104,蔡煜刚,浙江,台州中学,工业工程系
021095,02111105,张勤勤,浙江,舟山中学,工业工程系
022941,02111106,施文晟,浙江,宁海中学,经济管理学院
022875,02111107,奚燕,浙江,浙江省湖州中学,经济管理学院
022942,02111108,李清,浙江,浙江省春晖中学,经济管理学院
022943,02111109,吴海峰,浙江,东阳市高级中学,经济管理学院
022905,02111110,叶绪文,浙江,丽水中学,经济管理学院
022817,02111111,周超超,浙江,温岭中学,经济管理学院
020005,02340041,李晨,浙江,浙江省台州市椒江区三梅中学,美术学院
020088,02340078,赵青,浙江,浙江省杭州市第七中学,美术学院
020144,02340086,茹丽卿,浙江,中国美术学院附属中等美术学校,美术学院
020038,02340104,范启扬,浙江,中国美术学院附属中等美术学校,美术学院
020174,02340107,连潇潇,浙江,温州市鹿城区人民政府五马街道,美术学院
020128,02340128,陈琳琳,浙江,浙江省苍南县龙港镇城南办事处,美术学院
020225,02340154,陈潇,浙江,中国美术学院附属中等美术学校,美术学院
020217,02340163,詹翀,浙江,中国美术学院附属中等美术学校,美术学院
021897,02121001,詹东远,安徽,合肥市第六中学,自动化系
020914,02121002,叶朋杰,安徽,安徽省淮南二中,热能工程系
022716,02121003,陈晓蕊,安徽,安徽省马鞍山市二中,生物科学与技术系
021430,02121004,吴毅弘,安徽,安庆市第一中学,电子工程系
020539,02121005,张小帆,安徽,安徽六安第一中学,水利水电工程系
022569,02121006,周炜,安徽,安徽省马鞍山市二十二中学,物理系
021124,02121007,祁国晟,安徽,安徽省马鞍山市二中,工业工程系
021771,02121008,骆骥,安徽,安徽省芜湖市第一中学,计算机科学与技术系
022058,02121009,代前进,安徽,北京师范大学附属实验中学,工程物理系
020970,02121010,白熠洲,安徽,合肥第一中学,热能工程系
022492,02121011,张晓彬,安徽,蚌埠市第二中学,数学科学系
022523,02121012,刘帅,安徽,淮北市矿业集团教育处,数学科学系
022593,02121013,路超,安徽,太和中学,物理系
022627,02121014,张立著,安徽,六安一中,物理系
022691,02121015,黎文路,安徽,长临中学,化学系
022656,02121016,李文婷,安徽,芜湖市一中,化学系
022756,02121017,汪洋,安徽,铜陵市第一中学,生物科学与技术系
022717,02121018,孔瑞,安徽,六安一中,生物科学与技术系
022780,02121019,魏勇,安徽,东至县二中,生物科学与技术系
022331,02121020,朱彬彬,安徽,安庆一中,化学工程系
022332,02121021,杨昱嵩,安徽,安庆一中,化学工程系
022333,02121022,宋嘉文,安徽,亳州一中,化学工程系
022394,02121023,陈晓,安徽,合肥市一中,材料科学与工程系
022395,02121024,佘圣贤,安徽,全椒中学,材料科学与工程系
020668,02121025,崔帅,安徽,淮北市第一中学,机械工程系
020698,02121026,程奔,安徽,野寨中学,机械工程系
020759,02121027,梅贵,安徽,滁州中学,精密仪器与机械学系
020790,02121028,朱畅,安徽,六安一中,精密仪器与机械学系
021003,02121029,赵强生,安徽,六安一中,汽车工程系
021066,02121030,吴复甲,安徽,广德中学,汽车工程系
020852,02121031,李果,安徽,枞阳县枞阳中学,精密仪器与机械学系
020823,02121032,王瑜琪,安徽,界首一中,精密仪器与机械学系
020824,02121033,毕道伟,安徽,蒙城县二中,精密仪器与机械学系
020944,02121034,常晓敏,安徽,怀远一中,热能工程系
020971,02121035,郭栋,安徽,一中,热能工程系
022031,02121036,刘辰子,安徽,屯溪一中,工程物理系
022032,02121037,卫福奇,安徽,寿县一中,工程物理系
022001,02121038,吴小璇,安徽,宁国中学,工程物理系
022002,02121039,刘学勤,安徽,庐江中学,工程物理系
021264,02121040,何胜,安徽,长丰一中,电机工程与应用电子技术系
021159,02121041,赵锋,安徽,肥东一中,电机工程与应用电子技术系
021231,02121042,丁坤,安徽,安徽省濉溪中学,电机工程与应用电子技术系
021828,02121043,周昱,安徽,安师大附中,自动化系
021925,02121044,张引,安徽,萧县中学,自动化系
021874,02121045,阮宜帆,安徽,东至县二中,自动化系
021297,02121046,陈伟松,安徽,蚌埠市铁路中学,电子工程系
021361,02121047,袁珏,安徽,铜陵市第一中学,电子工程系
021394,02121048,洪丹,安徽,歙县中学,电子工程系
021330,02121049,李力耘,安徽,滁州中学,电子工程系
021710,02121050,孙建树,安徽,铜陵市第一中学,计算机科学与技术系
021675,02121051,刘灿,安徽,铜陵市第一中学,计算机科学与技术系
021741,02121052,武严严,安徽,利辛县第一中学,计算机科学与技术系
021800,02121053,管晓培,安徽,六安二中,计算机科学与技术系
021742,02121054,巫天华,安徽,无为中学,计算机科学与技术系
021646,02121055,徐健,安徽,青阳中学,计算机科学与技术系
021524,02121056,陈天健,安徽,合肥市一中,电子工程系
021461,02121057,王玉洁,安徽,芜湖市一中,电子工程系
021462,02121058,章云龙,安徽,安师大附中,电子工程系
021491,02121059,徐友春,安徽,枞阳县浮山中学,电子工程系
021556,02121060,刘萌萌,安徽,宿城一中,电子工程系
023232,02121061,刘森林,安徽,怀宁中学,医学院
020320,02121062,方淳,安徽,合肥市一中,建筑系
020256,02121063,徐煜坤,安徽,潜山中学,建筑系
020413,02121064,梅柳,安徽,皖桐城中学,土木工程系
020382,02121065,陈晓飞,安徽,明光中学,土木工程系
020447,02121066,李威,安徽,萧县中学,土木工程系
023199,02121067,张雷,安徽,合肥市一中,建筑技术科学系
023200,02121068,秦蓉,安徽,南陵县第一中学,建筑技术科学系
020476,02121069,储蓓,安徽,野寨中学,水利水电工程系
020508,02121070,王传奇,安徽,六安一中,水利水电工程系
020477,02121071,余进,安徽,广德中学,水利水电工程系
020571,02121072,赵钟楠,安徽,泾县中学,环境科学与工程系
020572,02121073,吴萌,安徽,庐江中学,环境科学与工程系
022298,02121074,杨亿,安徽,五河县第一中学,化学工程系
022239,02121075,徐光辉,安徽,淮北市第一中学,化学工程系
022269,02121076,陈昱,安徽,屯溪一中,化学工程系
021096,02121077,胡子夏,安徽,安师大附中,工业工程系
021125,02121078,周凡丁,安徽,黄山市招生办,工业工程系
022818,02121079,黄思冰,安徽,合肥市一中,经济管理学院
022843,02121080,高健,安徽,肥西中学,经济管理学院
022819,02121081,唐锐,安徽,枞阳县浮山中学,经济管理学院
022844,02121082,李照,安徽,潜山中学,经济管理学院
022876,02121083,洪祎,安徽,屯溪一中,经济管理学院
022059,02121084,金晶,安徽,太湖中学,工程物理系
022087,02121085,吴瑾,安徽,屯溪一中,工程物理系
022060,02121086,王光强,安徽,宿州二中,工程物理系
022088,02121087,吴道俊,安徽,庐江中学,工程物理系
021614,02121088,汤小为,安徽,宿松中学,电子工程系
021615,02121089,葛春雨,安徽,蒙城县一中,电子工程系
021616,02121090,汪争,安徽,绩溪县绩溪中学,电子工程系
022155,02241001,段乐,贵州,毕节一中,工程力学系
022249,02241002,蓝方毅,贵州,贵州贵阳市第一中学,化学工程系
020297,02241003,周政旭,贵州,贵州贵阳市第一中学,建筑系
020891,02241004,谢鑫,贵州,水钢高中,精密仪器与机械学系
020892,02241005,薛莲,贵州,盘县特区一中,精密仪器与机械学系
020893,02241006,龙翔,贵州,铜仁一中,精密仪器与机械学系
022471,02241007,卢凤云,贵州,普安一中,数学科学系
022606,02241008,朱迪,贵州,贵阳一中学,物理系
022731,02241009,艾超,贵州,遵义县一中,生物科学与技术系
022732,02241010,李林,贵州,思南中学,生物科学与技术系
022407,02241011,张星,贵州,安顺地区二中,材料科学与工程系
022408,02241012,霍沫霖,贵州,凯里一中,材料科学与工程系
020711,02241013,黄操,贵州,凯里市往届及社会考生,机械工程系
020739,02241014,刘志鹏,贵州,黎平县第一中学,机械工程系
020800,02241015,张焕,贵州,瓮安二中,精密仪器与机械学系
021044,02241016,蔡宾,贵州,盘江矿务局高中,汽车工程系
021018,02241017,彭黎黎,贵州,六枝矿务局一中,汽车工程系
020865,02241018,赵雄飞,贵州,贵阳一中学,精密仪器与机械学系
020954,02241019,王希,贵州,兴农中学,热能工程系
022219,02241020,周瑜,贵州,铜仁一中,工程力学系
020926,02241021,罗家松,贵州,兴义市第八中学,热能工程系
020984,02241022,段承杰,贵州,凯里一中,热能工程系
021171,02241023,刘骁,贵州,国营一四三厂子弟学校,电机工程与应用电子技术系
021204,02241024,黄涛,贵州,兴义市第八中学,电机工程与应用电子技术系
021274,02241025,陈超,贵州,安顺市往届及社会考生,电机工程与应用电子技术系
021883,02241026,李芝伟,贵州,3405厂子校,自动化系
021907,02241027,郭胤,贵州,安顺地区一中,自动化系
021374,02241028,李昂,贵州,贵阳一中学,电子工程系
021406,02241029,陈嘉翔,贵州,遵义航天中学,电子工程系
021658,02241030,张晓楠,贵州,贵阳一中学,计算机科学与技术系
021688,02241031,王惠仪,贵州,遵义市五中,计算机科学与技术系
021596,02241032,张旭,贵州,清华中学,电子工程系
021534,02241033,桑隽永,贵州,遵义航天中学,电子工程系
021502,02241034,张超,贵州,赫章县二中学,电子工程系
020267,02241035,罗迪,贵州,贵阳一中学,建筑系
020395,02241036,冯聪,贵州,贵阳一中学,土木工程系
020358,02241037,罗元,贵州,贵阳一中学,土木工程系
020426,02241038,姚震宇,贵州,六盘水市三中,土木工程系
020522,02241039,刘璋,贵州,六盘水市三中,水利水电工程系
020489,02241040,欧阳航,贵州,凯里市往届及社会考生,水利水电工程系
020583,02241041,杜渊,贵州,思南中学,环境科学与工程系
020648,02241042,石巍方,贵州,黎平县第一中学,环境科学与工程系
022309,02241043,李节,贵州,贵阳一中学,化学工程系
022279,02241044,阳宜洋,贵州,金沙县第一中学,化学工程系
022178,02241045,高志敖,贵州,七建中学,工程力学系
021139,02241046,李广晖,贵州,兴义市一中,工业工程系
022857,02241047,宗强,贵州,水城矿务局一中,经济管理学院
022128,02241048,张道泉,贵州,六盘水市三中,工程物理系
022129,02241049,张中礼,贵州,遵义市四中,工程物理系
023112,02010001,王姝阳,北京,北京市第二中学,法学院
023083,02010002,杨晓芳,北京,北京市第八中学,法学院
023113,02010003,马楠,北京,北京师范大学第二附属中学,法学院
023084,02010004,张晓婵,北京,北京市第十一中学,法学院
023085,02010005,许培,北京,北京市门头沟育园中学,法学院
023114,02010006,连昕,北京,北京师范大学良乡附属中学,法学院
022982,02010007,赵璞嵩,北京,北京市第十五中学,中国语言文学系
022983,02010008,张超,北京,北京市十一学校,中国语言文学系
022984,02010009,温荷,北京,北京大学附属中学,中国语言文学系
022985,02010010,李拓,北京,清华大学附属中学,中国语言文学系
022986,02010011,吴迪,北京,北京市顺义区第一中学,中国语言文学系
022987,02010012,巩峥,北京,北京市通州区运河中学,中国语言文学系
023024,02010013,张雪雪,北京,北京市第二中学,外语系
023025,02010014,肖佳平,北京,东城区东华门街道,外语系
023026,02010015,陈晨,北京,北京汇文中学,外语系
023027,02010016,周晨,北京,北京市十一学校,外语系
023028,02010017,郝佳萍,北京,北京二十一世纪实验学校,外语系
023029,02010018,梁晨祺,北京,清华大学附属中学,外语系
023030,02010019,张跻朝,北京,中国人民大学附属中学,外语系
023063,02010020,杨建媛,北京,北京市第八中学,外语系
023064,02010021,马雯,北京,北京师范大学附属实验中学,外语系
023065,02010022,张继元,北京,顺义区牛栏山第一中学,外语系
023066,02010023,许爽,北京,北京市通州区潞河中学,外语系
023067,02010024,盛叶兰,北京,北京市怀柔区第一中学,外语系
023140,02010025,凌云,北京,北京市第四中学,传播系
023141,02010027,安峥,北京,北京师范大学第二附属中学,传播系
023142,02010028,张祎垚,北京,北京师范大学第二附属中学,传播系
023143,02010029,吴迪,北京,北京市第八十中学,传播系
023144,02010030,张伦,北京,北京市第十二中学,传播系
023145,02010031,杨文敬,北京,北京市顺义区第一中学,传播系
023146,02010032,王琳,北京,北京市大兴区黄村一中,传播系
020234,02010033,张凡,北京,北京市第五中学,美术学院
020235,02010034,田旭,北京,北京市通州区运河中学,美术学院
023086,02010035,齐飞,北京,中国人民大学第二附属中学,法学院
022988,02010036,梁博,北京,中国人民大学第二附属中学,中国语言文学系
022962,02010037,刘子秋,北京,北京市一轻技术学校,经济管理学院
022963,02010038,王颖,北京,海淀区高校招生办公室,经济管理学院
022964,02010039,王一,北京,海淀区高校招生办公室,经济管理学院
022965,02010040,吕锋,北京,清华大学附属中学,经济管理学院
022966,02010041,樊宿佳,北京,海淀区高校招生办公室,经济管理学院
023215,02011001,赵喆,北京,北京市第五十五中学,医学院
021568,02011002,王大地,北京,北大附中,电子工程系
022539,02011003,龚麟宸,北京,北大附中,物理系
020776,02011004,王烁石,北京,北京市东直门中学,精密仪器与机械学系
021476,02011005,贺今,北京,北师大二附中,电子工程系
020838,02011006,胡淏,北京,北师大实验中学,精密仪器与机械学系
021412,02011007,赵越,北京,北师大实验中学,电子工程系
022443,02011008,赵轩,北京,北师大实验中学,数学科学系
022610,02011009,宋先凯,北京,北师大附中,物理系
021507,02011010,王硕,北京,北京市第十二中学,电子工程系
021346,02011011,沈晓璐,北京,北京四中,电子工程系
021379,02011012,李亚斯,北京,北京四中,电子工程系
022540,02011013,周一帆,北京,北京四中,物理系
022541,02011014,朱萌,北京,北京四中,物理系
021662,02011015,段然,北京,北京四中,计算机科学与技术系
021631,02011016,李澎煦,北京,北京四中,计算机科学与技术系
020365,02011017,张爽,北京,北京四中,土木工程系
022558,02011018,金加祺,北京,北京市第五中学,物理系
021956,02011019,张乐,北京,北京市第五中学,自动化系
021477,02011020,李淼,北京,北京景山学校,电子工程系
021278,02011021,刘畅,北京,北京景山学校,电子工程系
022918,02011023,程韩,北京,北京市十一学校,经济管理学院
020302,02011024,李煦,北京,北京市十一学校,建筑系
022578,02011025,张咏晖,北京,北京市一0一中学,物理系
021413,02011026,郭硕,北京,清华附中,电子工程系
022860,02011027,周璞,北京,清华附中,经济管理学院
021569,02011028,孙楠,北京,人大附中,电子工程系
021347,02011029,陈曦,北京,人大附中,电子工程系
023147,02011030,吴晓,北京,人大附中,传播系
022703,02011031,洪日韦哲,北京,人大附中,生物科学与技术系
020777,02011032,田勤政,北京,人大附中,精密仪器与机械学系
023148,02011033,华卉,北京,首都师大附中,传播系
023115,02011036,汪源,北京,北京市第四中学,法学院
022889,02011038,孙云飞,北京,北方交通大学附属中学,经济管理学院
023116,02011039,刘爽,北京,中国人民大学附属中学,法学院
023087,02011040,王昊,北京,北京市大兴区黄村一中,法学院
023117,02011041,刘卓识,北京,怀柔区高校招生办公室,法学院
023044,02011042,祁天,北京,北京市第二中学,外语系
023045,02011043,尹音,北京,北京市第四中学,外语系
023046,02011044,周彦坤,北京,北京汇文中学,外语系
023047,02011045,刘瑾,北京,北京师范大学附属中学,外语系
023048,02011046,徐婷,北京,首都师范大学附属中学,外语系
023049,02011047,王健,北京,北京市大兴区黄村一中,外语系
023149,02011048,刘霏,北京,北京市第四中学,传播系
023150,02011049,杨旸,北京,北京市第八十中学,传播系
023151,02011050,苏婧,北京,北京市第一０一中学,传播系
023152,02011051,苏楠,北京,北京大学附属中学,传播系
023153,02011052,罗倩,北京,清华大学附属中学,传播系
022890,02011053,崔琳,北京,中国人民大学附属中学,经济管理学院
022444,02011054,孙旭,北京,东城区和平里街道,数学科学系
022476,02011055,郑铭,北京,北京市第四中学,数学科学系
022477,02011057,金磊,北京,崇文区永定门街道,数学科学系
022445,02011058,陆程远,北京,北京市第八十中学,数学科学系
022478,02011059,蒋越,北京,首都师范大学附属中学,数学科学系
022507,02011060,张扬,北京,北京市第一０一中学,数学科学系
022479,02011061,梁湘玉,北京,中国人民大学附属中学,数学科学系
022508,02011062,崔燕宁,北京,大兴区高校招生办公室,数学科学系
022611,02011063,房超,北京,北京市第二中学,物理系
022579,02011064,成曈光,北京,北京市第四中学,物理系
022580,02011065,赵伟,北京,北京市陈经纶中学,物理系
022612,02011066,杨彬,北京,北京市十一学校,物理系
022613,02011067,徐昊航,北京,北京市八一中学,物理系
022581,02011068,郝景芳,北京,清华大学附属中学,物理系
022673,02011069,黄诚,北京,北京市第五中学,化学系
022674,02011070,李璐,北京,北京师范大学附属实验中学,化学系
022642,02011071,周童,北京,北京师范大学第二附属中学,化学系
022643,02011072,苏颖,北京,北京师范大学第二附属中学,化学系
022644,02011073,魏慧斌,北京,北京市第十四中学,化学系
022675,02011074,滕月,北京,北京大学附属中学,化学系
022736,02011075,申镇,北京,北京市第二中学,生物科学与技术系
022737,02011076,钟山,北京,北京市第五中学,生物科学与技术系
022768,02011077,菅鹏,北京,北京市第四中学,生物科学与技术系
022738,02011078,杨滢,北京,北京市第四中学,生物科学与技术系
022769,02011079,汪辰,北京,北京市第八中学,生物科学与技术系
022704,02011080,刘华羽,北京,北京师范大学附属中学,生物科学与技术系
022739,02011081,王洋,北京,北京市第八十中学,生物科学与技术系
022705,02011082,卢永凯,北京,北京市第九中学,生物科学与技术系
022770,02011083,孙侃,北京,北京大学附属中学,生物科学与技术系
022771,02011084,唐丹明,北京,中国人民大学附属中学,生物科学与技术系
022740,02011085,梁言慈,北京,中国人民大学附属中学,生物科学与技术系
022706,02011086,张磊,北京,顺义区牛栏山第一中学,生物科学与技术系
022772,02011087,王川,北京,北京市延庆县第一中学,生物科学与技术系
022315,02011088,李梦泽,北京,北京市第二中学,化学工程系
022316,02011089,宋菲,北京,北京师范大学附属实验中学,化学工程系
022317,02011090,张冬青,北京,北京市第十二中学,化学工程系
022318,02011091,于鲲,北京,首都师范大学附属中学,化学工程系
022319,02011092,赵譞,北京,北方交通大学附属中学,化学工程系
022411,02011093,蒋腾飞,北京,北京市第四中学,材料科学与工程系
022379,02011094,辛见卓,北京,北京市第四中学,材料科学与工程系
022347,02011095,甄安洁,北京,北京市第四中学,材料科学与工程系
022412,02011097,刘大为,北京,北京市第四中学,材料科学与工程系
022413,02011098,朱力思,北京,北京师范大学附属实验中学,材料科学与工程系
022348,02011099,褚棋,北京,北京市第五十中学,材料科学与工程系
022380,02011100,唐来明,北京,北京市广渠门中学,材料科学与工程系
022349,02011101,曹峥,北京,北京市第一０一中学,材料科学与工程系
022350,02011102,董瑜亮,北京,中国人民大学附属中学,材料科学与工程系
022381,02011103,崔宏宇,北京,顺义区牛栏山第一中学,材料科学与工程系
022414,02011104,李思贤,北京,北京市怀柔区第一中学,材料科学与工程系
020778,02011105,夏思斌,北京,北京市第四中学,精密仪器与机械学系
020715,02011106,王星,北京,北京市第八中学,机械工程系
020684,02011107,武扬,北京,北京市第八中学,机械工程系
020653,02011108,赵港,北京,北京师范大学附属实验中学,机械工程系
020716,02011109,李雪,北京,北京师范大学第二附属中学,机械工程系
020685,02011110,贾秀颖,北京,北京汇文中学,机械工程系
020686,02011111,温旭,北京,北京市第一０九中学,机械工程系
020654,02011112,乐晨,北京,北京市第十五中学,机械工程系
020779,02011113,高鹏,北京,北京师范大学附属中学,精密仪器与机械学系
020717,02011114,田超,北京,北京市私立世贤中学,机械工程系
020745,02011115,何军勇,北京,北京市第十二中学,精密仪器与机械学系
020655,02011116,张然,北京,北京市第十二中学,机械工程系
020746,02011117,赵清,北京,北京市丰台区丰台第二中学,精密仪器与机械学系
020656,02011118,李雪男,北京,北京市育英学校,机械工程系
020747,02011119,王锐,北京,北京理工大学附属中学,精密仪器与机械学系
020687,02011120,张海波,北京,首都师范大学附属中学,机械工程系
020748,02011121,路程,北京,北京市第一二三中学,精密仪器与机械学系
020657,02011122,王少鹏,北京,北京市第一二三中学,机械工程系
020749,02011123,王续,北京,北京市第一０一中学,精密仪器与机械学系
020718,02011124,王小磊,北京,北京大学附属中学,机械工程系
020750,02011125,薛新弟,北京,清华大学附属中学,精密仪器与机械学系
020688,02011126,王一磊,北京,北京市顺义区第一中学,机械工程系
020751,02011127,丁晓宇,北京,北京市通州区运河中学,精密仪器与机械学系
020658,02011128,李杨,北京,北京市平谷区峪口中学,机械工程系
021020,02011129,付君,北京,北京市第五中学,汽车工程系
021050,02011130,张传碧,北京,东城区高校招生办公室,汽车工程系
021021,02011131,郝鹏,北京,东城区北新桥街道,汽车工程系
021051,02011132,周茉,北京,北京汇文中学,汽车工程系
021022,02011133,钮翔,北京,北京市十一学校,汽车工程系
020989,02011134,杨翊,北京,中关村中学,汽车工程系
021052,02011135,张焓,北京,清华大学附属中学,汽车工程系
020990,02011136,胡楠,北京,北京市通州区潞河中学,汽车工程系
021053,02011137,李晟明,北京,北京市通州区潞河中学,汽车工程系
020806,02011138,付星,北京,北京市第二中学,精密仪器与机械学系
020839,02011139,李墨稼,北京,北京市第二中学,精密仪器与机械学系
020807,02011140,庞硕,北京,北京市第四中学,精密仪器与机械学系
020840,02011141,赵扬,北京,北京市第一六一中学,精密仪器与机械学系
020841,02011142,葛凯,北京,北京师范大学附属实验中学,精密仪器与机械学系
020808,02011143,李珂,北京,北京市十一学校,精密仪器与机械学系
020842,02011144,蒋秋洁,北京,北京市十一学校,精密仪器与机械学系
020809,02011145,翁鼎,北京,清华大学附属中学,精密仪器与机械学系
022201,02011146,齐瑶,北京,北京市第四中学,工程力学系
020900,02011147,王一轩,北京,北京市第八中学,热能工程系
020930,02011148,刘京宫,北京,北京市第八中学,热能工程系
020901,02011149,康謇謇,北京,北京师范大学附属实验中学,热能工程系
020931,02011150,霍冰星,北京,北京师范大学附属实验中学,热能工程系
020959,02011151,门佳,北京,北京工业大学附中,热能工程系
020902,02011152,李爱妍,北京,北京市十一学校,热能工程系
022202,02011153,景承涛,北京,北京理工大学附属中学,工程力学系
020932,02011154,沈彩,北京,北方交通大学附属中学,热能工程系
022203,02011155,李源,北京,中国人民大学附属中学,工程力学系
020960,02011156,杜嵩,北京,海淀区羊坊店街道,热能工程系
020961,02011157,李卓蒙,北京,海淀区双榆树街道,热能工程系
020933,02011158,马京生,北京,北京市顺义区第一中学,热能工程系
020934,02011159,李莹,北京,北京市顺义区第一中学,热能工程系
021980,02011160,李文茜,北京,北京市东直门中学,工程物理系
022011,02011161,刘屹洲,北京,北京市第四中学,工程物理系
021981,02011162,李晓萌,北京,北京市第四中学,工程物理系
022012,02011163,孙凯超,北京,北京市第八中学,工程物理系
021982,02011164,马雪莹,北京,北京市第五十中学,工程物理系
021983,02011165,刘学谋,北京,北京市第十二中学,工程物理系
021984,02011166,马斌松,北京,石景山区八角街道,工程物理系
022013,02011167,刘硕,北京,海淀区清河街道,工程物理系
021985,02011168,郭宁,北京,北京师范大学燕化附中,工程物理系
021145,02011169,高松,北京,北京市第二中学,电机工程与应用电子技术系
021245,02011170,王晓磊,北京,北京市第五中学,电机工程与应用电子技术系
021179,02011171,刘子嘉,北京,北京市第一七一中学,电机工程与应用电子技术系
021212,02011172,廖晶,北京,北京景山学校,电机工程与应用电子技术系
021213,02011173,韩冬,北京,北京市第四中学,电机工程与应用电子技术系
021146,02011174,高洁,北京,北京市第四中学,电机工程与应用电子技术系
021180,02011175,范贻潘,北京,北京市第四中学,电机工程与应用电子技术系
021246,02011176,乔智玮,北京,北京市第八中学,电机工程与应用电子技术系
021147,02011177,余南鹏,北京,北京市第一六一中学,电机工程与应用电子技术系
021247,02011178,孙科,北京,北京师范大学第二附属中学,电机工程与应用电子技术系
021248,02011179,夏雨,北京,北京师范大学第二附属中学,电机工程与应用电子技术系
021181,02011180,王冲,北京,北京市西城区外国语学校,电机工程与应用电子技术系
021148,02011181,陶岚,北京,北京汇文中学,电机工程与应用电子技术系
021182,02011182,李根,北京,北京师范大学附属中学,电机工程与应用电子技术系
021149,02011183,陈湘,北京,北京师范大学附属中学,电机工程与应用电子技术系
021214,02011184,咸威,北京,北京市第八十中学,电机工程与应用电子技术系
021215,02011185,张宇,北京,石景山区金顶街街道,电机工程与应用电子技术系
021216,02011186,张亦超,北京,首都师范大学附属中学,电机工程与应用电子技术系
021183,02011187,张睿,北京,北京大学附属中学,电机工程与应用电子技术系
021933,02011188,张楠,北京,北京市第五中学,自动化系
021910,02011189,刘君,北京,北京市第五中学,自动化系
021818,02011190,张宇魁,北京,北京景山学校,自动化系
021841,02011191,王佳琳,北京,东城区朝阳门街道,自动化系
021887,02011192,李忠刚,北京,北京市第四中学,自动化系
021864,02011193,许悠,北京,北京市第四中学,自动化系
021888,02011194,赵晓雪,北京,北京市第四中学,自动化系
021819,02011195,鲍征,北京,北京市第八中学,自动化系
021842,02011196,金怡,北京,北京市第八中学,自动化系
021865,02011197,孙婉怡,北京,北京市第八中学,自动化系
021957,02011198,马涛,北京,北京市第八中学,自动化系
021843,02011199,杨轩,北京,北京师范大学第二附属中学,自动化系
021934,02011200,孙殿斌,北京,北京汇文中学,自动化系
021958,02011201,李高峡,北京,北京汇文中学,自动化系
021844,02011202,罗彬,北京,北京市第十四中学,自动化系
021820,02011203,杨晶,北京,北京市第十四中学,自动化系
021866,02011204,马占田,北京,北京师范大学附属中学,自动化系
021959,02011205,马景然,北京,北京师范大学附属中学,自动化系
021889,02011206,董悦,北京,北京师范大学附属中学,自动化系
021867,02011207,李晓,北京,宣武区广安门外街道,自动化系
021935,02011208,李仡谦,北京,北京市第八十中学,自动化系
021911,02011209,胡大为,北京,北京市陈经纶中学,自动化系
021936,02011210,杨雪杉,北京,首都师范大学附属中学,自动化系
021912,02011211,周海旭,北京,首都师范大学附属中学,自动化系
021821,02011212,柳冬,北京,北京市第一０一中学,自动化系
021890,02011213,李旸,北京,清华大学附属中学,自动化系
021868,02011214,包鑫,北京,中国人民大学附属中学,自动化系
021845,02011215,张凯,北京,中国人民大学附属中学,自动化系
021822,02011216,余轲,北京,中国人民大学附属中学,自动化系
021891,02011217,傅秋实,北京,中国人民大学附属中学,自动化系
021913,02011218,王一凡,北京,中国人民大学附属中学,自动化系
021869,02011219,杨波,北京,海淀区高校招生办公室,自动化系
021960,02011220,周山,北京,顺义区牛栏山第一中学,自动化系
021914,02011221,张涛,北京,顺义区牛栏山第一中学,自动化系
021846,02011222,蔡金龙,北京,北京市密云县第二中学,自动化系
021312,02011223,任绍磊,北京,北京市第一七一中学,电子工程系
021414,02011224,常文莫,北京,北京景山学校,电子工程系
021348,02011225,马昱,北京,北京市第四中学,电子工程系
021380,02011226,王悦,北京,北京市第四中学,电子工程系
021381,02011227,严严,北京,北京市第四中学,电子工程系
021415,02011228,徐云建,北京,北京市第四中学,电子工程系
021313,02011229,陈方非,北京,北京市第四中学,电子工程系
021416,02011230,郄一鸣,北京,北京市第四中学,电子工程系
021279,02011231,吴倩茜,北京,北京市第四中学,电子工程系
021349,02011232,程诗萌,北京,北京市第八中学,电子工程系
021417,02011233,刘驰,北京,北京市第八中学,电子工程系
021350,02011234,冯欣,北京,北京师范大学附属实验中学,电子工程系
021314,02011235,佟欣,北京,北京师范大学附属实验中学,电子工程系
021280,02011236,郭宇晨,北京,北京市第十五中学,电子工程系
021281,02011237,梁冰,北京,石景山区古城街道,电子工程系
021382,02011238,肖轶,北京,首都师范大学附属中学,电子工程系
021383,02011239,梁昊,北京,北京市八一中学,电子工程系
021282,02011240,张宇,北京,北京市第一０一中学,电子工程系
021315,02011241,段楠,北京,清华大学附属中学,电子工程系
021384,02011242,潘麒合,北京,清华大学附属中学,电子工程系
021316,02011243,徐研,北京,中国人民大学附属中学,电子工程系
021283,02011244,姜寒,北京,中国人民大学附属中学,电子工程系
021317,02011245,刘佐达,北京,中国人民大学附属中学,电子工程系
021351,02011246,郭子建,北京,中国人民大学附属中学,电子工程系
021385,02011247,周晴,北京,中国人民大学附属中学,电子工程系
021284,02011248,白骆,北京,海淀区羊坊店街道,电子工程系
021418,02011249,李小鹏,北京,顺义区牛栏山第一中学,电子工程系
021318,02011250,张妍,北京,北京市密云县第二中学,电子工程系
021352,02011251,张鑫,北京,北京市延庆县第一中学,电子工程系
021632,02011252,宋子一,北京,北京市第二中学,计算机科学与技术系
021787,02011253,尹烺譞,北京,北京市第二中学,计算机科学与技术系
021724,02011254,罗中的,北京,北京市第一七一中学,计算机科学与技术系
021755,02011255,魏星,北京,北京景山学校,计算机科学与技术系
021693,02011256,孙金阳,北京,北京市第四中学,计算机科学与技术系
021663,02011257,林丛,北京,北京市第四中学,计算机科学与技术系
021788,02011258,李子拓,北京,北京市第四中学,计算机科学与技术系
021633,02011259,富羽鹏,北京,北京市第四中学,计算机科学与技术系
021694,02011260,俞浩,北京,北京市第四中学,计算机科学与技术系
021756,02011261,石凡,北京,北京市第四中学,计算机科学与技术系
021789,02011262,黄亮,北京,北京市第四中学,计算机科学与技术系
021757,02011263,张伯文,北京,北京师范大学第二附属中学,计算机科学与技术系
021664,02011264,李淳,北京,北京市第十五中学,计算机科学与技术系
021725,02011265,王辉,北京,北京市第十五中学,计算机科学与技术系
021695,02011266,张小溪,北京,北京市第十五中学,计算机科学与技术系
021665,02011267,张静,北京,北京市第十二中学,计算机科学与技术系
021634,02011268,吴昊,北京,北京市第十二中学,计算机科学与技术系
021696,02011269,曹嘉伟,北京,丰台区右安门街道,计算机科学与技术系
021666,02011270,张家齐,北京,北京市十一学校,计算机科学与技术系
021635,02011271,杨铮,北京,北京市十一学校,计算机科学与技术系
021790,02011272,王世同,北京,清华大学附属中学,计算机科学与技术系
021667,02011273,李明,北京,中国人民大学附属中学,计算机科学与技术系
021726,02011274,肖兰,北京,中国人民大学附属中学,计算机科学与技术系
021636,02011275,熊风,北京,中国人民大学附属中学,计算机科学与技术系
021727,02011276,刘渝,北京,中国人民大学第二附属中学,计算机科学与技术系
021728,02011277,顾宁,北京,海淀区羊坊店街道,计算机科学与技术系
021758,02011278,胡彬,北京,北京市门头沟大峪中学,计算机科学与技术系
021729,02011279,马光伟,北京,北京市顺义区第一中学,计算机科学与技术系
021697,02011280,吴宇,北京,北京市顺义区第一中学,计算机科学与技术系
021759,02011281,王超,北京,北京市通州区潞河中学,计算机科学与技术系
021791,02011282,王晨,北京,北京市通州区潞河中学,计算机科学与技术系
021760,02011283,王湛,北京,平谷区普通招生办公室,计算机科学与技术系
021792,02011284,王会明,北京,北京市密云县第二中学,计算机科学与技术系
021478,02011285,邬建元,北京,北京市第二中学,电子工程系
021444,02011286,周非,北京,北京市第二中学,电子工程系
021508,02011287,王鹤,北京,北京市第五中学,电子工程系
021570,02011288,朱杉,北京,北京市第四中学,电子工程系
021537,02011289,王金鹏,北京,北京市第四中学,电子工程系
021538,02011290,邢月颖,北京,北京市第四中学,电子工程系
021539,02011291,谭菁,北京,北京市第四中学,电子工程系
021445,02011292,邬明罡,北京,北京市第四中学,电子工程系
021479,02011293,郭静宜,北京,北京市第四中学,电子工程系
021446,02011294,陈庭燕,北京,北京市第四中学,电子工程系
021480,02011295,严然,北京,北京师范大学附属实验中学,电子工程系
021509,02011296,杨超,北京,北京师范大学附属实验中学,电子工程系
021481,02011297,解婧,北京,西城区高校招生办公室,电子工程系
021510,02011298,陈芳丹,北京,北京师范大学附属中学,电子工程系
021540,02011299,张楠,北京,北京市第八十中学,电子工程系
021571,02011300,罗会卿,北京,北京市第八十中学,电子工程系
021572,02011301,赵皛曦,北京,朝阳区高校招生办公室,电子工程系
021541,02011302,梁沛妍,北京,北京市十一学校,电子工程系
021447,02011303,赵宇宁,北京,北方交通大学附属中学,电子工程系
021448,02011304,李蔚,北京,清华大学附属中学,电子工程系
021449,02011305,邢天予,北京,中国人民大学附属中学,电子工程系
021573,02011307,辛欣,北京,海淀区清华园街道,电子工程系
021574,02011308,吴猛,北京,顺义区牛栏山第一中学,电子工程系
021450,02011309,洪江涛,北京,顺义区牛栏山第一中学,电子工程系
021451,02011310,张涛,北京,北京市顺义区第一中学,电子工程系
021542,02011311,邢燕飞,北京,平谷区普通招生办公室,电子工程系
021511,02011312,崔振杰,北京,密云二中（补习班）,电子工程系
023216,02011313,王琪,北京,北京市第四中学,医学院
023217,02011314,陈溪莎,北京,北京师范大学附属实验中学,医学院
023218,02011315,孙晓静,北京,北京汇文中学,医学院
023219,02011316,王国峰,北京,北京市顺义区杨镇第一中学,医学院
020272,02011317,贾滨,北京,北京市第一七一中学,建筑系
020303,02011318,袁素,北京,北京市第一七一中学,建筑系
020273,02011319,马荻,北京,北京景山学校,建筑系
020274,02011320,孙北,北京,北京市第四中学,建筑系
020241,02011321,钟夏,北京,北京市第四中学,建筑系
020242,02011322,赵雯雯,北京,北京市第四中学,建筑系
020275,02011323,王韵嘉,北京,北京市第八中学,建筑系
020304,02011324,吴彤,北京,北京师范大学附属实验中学,建筑系
020305,02011325,高雁方,北京,北京市西城区外国语学校,建筑系
020243,02011326,何潇,北京,北京汇文中学,建筑系
020306,02011327,李鹏,北京,宣武区陶然亭街道,建筑系
020244,02011328,王伊倜,北京,北京市第八十中学,建筑系
020245,02011329,栾俊义,北京,朝阳区呼家楼街道,建筑系
020276,02011330,陶晓晨,北京,北京市十一学校,建筑系
020277,02011331,朱宁,北京,清华大学附属中学,建筑系
020278,02011332,刘芳,北京,中国人民大学附属中学,建筑系
020246,02011333,杨乐明,北京,中国人民大学第二附属中学,建筑系
020247,02011334,王智萍,北京,北京市怀柔区第一中学,建筑系
020431,02011335,刘妍,北京,北京市第二中学,土木工程系
020366,02011336,朱莹莹,北京,北京市第五中学,土木工程系
020398,02011337,吴君睿,北京,北京市第一七一中学,土木工程系
020399,02011338,林家乐,北京,东城区交道口街道,土木工程系
020367,02011339,李睿,北京,北京市第四中学,土木工程系
020332,02011340,牛牧菁,北京,北京市第四中学,土木工程系
020368,02011341,张谦谦,北京,北京师范大学附属实验中学,土木工程系
020369,02011342,沈逸轩,北京,北京师范大学第二附属中学,土木工程系
020333,02011343,王律迪,北京,北京市第八十中学,土木工程系
020400,02011344,王稳,北京,北京市八一中学,土木工程系
020334,02011345,王亮,北京,北京大学附属中学,土木工程系
020335,02011346,和楠,北京,清华大学附属中学,土木工程系
020432,02011347,陆洋,北京,清华大学附属中学,土木工程系
020370,02011348,刘桐,北京,中国人民大学附属中学,土木工程系
020401,02011349,刘天予,北京,首都师范大学附属育新学校,土木工程系
020402,02011350,李宏海,北京,北京师范大学良乡附属中学,土木工程系
020403,02011351,张俊,北京,北京市通州区潞河中学,土木工程系
020433,02011352,张孟春,北京,北京市通州区运河中学,土木工程系
020434,02011353,刘文景,北京,北京市大兴区黄村一中,土木工程系
020371,02011354,吕大玮,北京,北京市大兴区榆垡中学,土木工程系
020435,02011355,卢佳平,北京,平谷区普通招生办公室,土木工程系
020336,02011356,陈骞,北京,北京市延庆县第一中学,土木工程系
023182,02011357,封楚宁,北京,北京市第四中学,建筑技术科学系
023183,02011358,刘昕,北京,北京市第四中学,建筑技术科学系
023184,02011359,包瑞,北京,西城区月坛街道,建筑技术科学系
023185,02011360,赵宝,北京,北京市第五十七中学,建筑技术科学系
023186,02011361,武姿,北京,北京市延庆县第一中学,建筑技术科学系
020495,02011363,焦云乔,北京,北京市第四中学,水利水电工程系
020526,02011364,于涛,北京,北京市第九中学,水利水电工程系
020496,02011365,周宇,北京,清华大学附属中学,水利水电工程系
020527,02011366,张宇,北京,清华大学附属中学,水利水电工程系
020464,02011367,赵凯,北京,北京市密云县第二中学,水利水电工程系
020556,02011368,王蕴刚,北京,北京市第五中学,环境科学与工程系
020621,02011369,孙文婷,北京,北京市第四中学,环境科学与工程系
020589,02011370,刘哲,北京,北京市第四中学,环境科学与工程系
020622,02011371,宋珂,北京,北京市第四中学,环境科学与工程系
020623,02011372,宋冉,北京,北京汇文中学,环境科学与工程系
020557,02011373,杨安喆,北京,北京师范大学附属中学,环境科学与工程系
020590,02011374,闵捷,北京,北方交通大学附属中学,环境科学与工程系
020591,02011375,冯沛,北京,北方交通大学附属中学,环境科学与工程系
020558,02011376,张岳峰,北京,昌平区高校招生办公室,环境科学与工程系
020624,02011377,赵盟,北京,顺义区牛栏山第一中学,环境科学与工程系
020592,02011378,李小溪,北京,顺义区牛栏山第一中学,环境科学与工程系
020593,02011379,盛巍,北京,北京市通州区第三中学,环境科学与工程系
022225,02011380,谢梓峰,北京,北京市第五中学,化学工程系
022226,02011381,谢维甲,北京,北京市第四中学,化学工程系
022285,02011382,袁薇,北京,北京市第八中学,化学工程系
022286,02011383,李燕杰,北京,宣武区高校招生办公室,化学工程系
022255,02011384,高萌,北京,首都师范大学附属中学,化学工程系
022256,02011385,向梓颖,北京,北方交通大学附属中学,化学工程系
022257,02011386,李氟钠,北京,清华大学附属中学,化学工程系
022287,02011387,李南山,北京,中国人民大学附属中学,化学工程系
022258,02011388,杜建,北京,北京市顺义区第一中学,化学工程系
022227,02011389,王蕾,北京,密云县高校招生办公室,化学工程系
022135,02011390,庄丹硕,北京,清华大学附属中学,工程力学系
022158,02011391,单繁立,北京,海淀区海淀街道,工程力学系
022136,02011392,王占莹,北京,北京市通州区潞河中学,工程力学系
021113,02011393,席驰,北京,北京市第四中学,工业工程系
021080,02011394,陈实,北京,北京市第四中学,工业工程系
021081,02011395,彭皓,北京,北京市第八中学,工业工程系
021114,02011396,徐珊,北京,北京师范大学第二附属中学,工业工程系
021115,02011397,李辉,北京,西城区福绥境街道,工业工程系
022919,02011398,张博文,北京,北京市第二中学,经济管理学院
022800,02011399,秦思,北京,北京市第五中学,经济管理学院
022861,02011400,王紫光,北京,北京市第一七一中学,经济管理学院
022862,02011401,王璞,北京,北京市第四中学,经济管理学院
022891,02011402,王小磊,北京,北京市第四中学,经济管理学院
022830,02011403,敖冉,北京,北京市第四中学,经济管理学院
022801,02011404,瞿恺,北京,北京市第四中学,经济管理学院
022802,02011405,王琛,北京,北京市第四中学,经济管理学院
022920,02011406,吴航,北京,北京市第四中学,经济管理学院
022921,02011407,陈硕,北京,北京市第八中学,经济管理学院
022803,02011408,周琪,北京,北京师范大学附属实验中学,经济管理学院
022831,02011409,林倩,北京,北京市第四中学,经济管理学院
022922,02011410,佟贞贞,北京,北京汇文中学,经济管理学院
022832,02011411,刘颖,北京,北京市广渠门中学,经济管理学院
022863,02011412,徐方歌,北京,北京师范大学附属中学,经济管理学院
022864,02011413,邢娜,北京,北京市十一学校,经济管理学院
022892,02011414,郭枫,北京,北京市十一学校,经济管理学院
022923,02011415,李彭,北京,北京市育英中学,经济管理学院
022804,02011416,田亮,北京,北京医科大学附属中学,经济管理学院
022865,02011417,王湛湛,北京,北京大学附属中学,经济管理学院
022924,02011418,张雯雯,北京,清华大学附属中学,经济管理学院
022833,02011419,于烁凝,北京,中国人民大学附属中学,经济管理学院
022866,02011420,康炘烨,北京,中国人民大学附属中学,经济管理学院
022805,02011421,李雪馨,北京,中国人民大学附属中学,经济管理学院
022806,02011422,张妹,北京,中国人民大学附属中学,经济管理学院
022834,02011423,潘高峰,北京,门头沟区谭柘寺镇,经济管理学院
022893,02011424,马莉,北京,北京市顺义区第一中学,经济管理学院
022835,02011425,刘莹莹,北京,北京市密云县第二中学,经济管理学院
022894,02011426,郭艳超,北京,北京市密云县第二中学,经济管理学院
023050,02011427,纪熠,北京,清华大学附属中学,外语系
021023,02011428,王芊,北京,北京市第四中学,汽车工程系
020991,02011429,高盈,北京,北京市第四中学,汽车工程系
021024,02011430,何小溪,北京,北京大学附属中学,汽车工程系
020307,02011431,胡博羽,北京,北京市第八中学,建筑系
022967,02011432,周川,北京,北京市第八中学,经济管理学院
022968,02011433,卢山,北京,北京市第四十九中学,经济管理学院
022969,02011434,杨杰,北京,海淀区高校招生办公室,经济管理学院
022970,02011435,李彬,北京,清华大学附属中学,经济管理学院
022971,02011436,刘婧,北京,海淀区高校招生办公室,经济管理学院
022972,02011437,崔志利,北京,清华大学附属中学,经济管理学院
022973,02011438,曾嘉,北京,海淀区高校招生办公室,经济管理学院
022974,02011439,刘青,北京,清华大学附属中学,经济管理学院
020014,02340176,刘菲,北京,中央工艺美术学院附中,美术学院
020059,02340177,石琪,北京,中央工艺美术学院附中,美术学院
020060,02340178,杜一诺,北京,中央美院附中,美术学院
020134,02340179,贾巍,北京,中央美院附中,美术学院
020065,02340180,张迪,北京,中央工艺美术学院附中,美术学院
020129,02340181,丁丁,北京,中央工艺美术学院附中,美术学院
020154,02340182,王赫,北京,北京市徐悲鸿楼中学,美术学院
020146,02340183,王嫱,北京,中央工艺美术学院附中,美术学院
020075,02340184,张苏梅,北京,中央工艺美术学院附中,美术学院
020147,02340185,王瑾,北京,中央工艺美术学院附中,美术学院
020136,02340186,张锴,北京,中央工艺美术学院附中,美术学院
020066,02340187,刘辰,北京,中央工艺美术学院附中,美术学院
020076,02340188,刘莎,北京,中央工艺美术学院附中,美术学院
020015,02340189,王芳,北京,中央工艺美术学院附中,美术学院
020081,02340190,王欢,北京,中央美院附中,美术学院
020158,02340191,张浩,北京,中央工艺美术学院附中,美术学院
020130,02340192,房雯,北京,中央工艺美术学院附中,美术学院
020082,02340193,王子凌,北京,北京工艺美术学校,美术学院
020131,02340194,陈西子,北京,中央工艺美术学院附中,美术学院
020098,02340195,马立亚,北京,中央美院附中,美术学院
020166,02340196,张莹,北京,中央工艺美术学院附中,美术学院
020016,02340197,吴迪,北京,中央工艺美术学院附中,美术学院
020177,02340198,郭威,北京,中央工艺美术学院附中,美术学院
020178,02340199,史海山,北京,北京市门头沟区大峪街道办事处,美术学院
020092,02340200,李易,北京,中央工艺美术学院附中,美术学院
020044,02340201,杨秋茉,北京,北京市怀柔县第一中学,美术学院
020107,02340202,马铮,北京,中央工艺美术学院附中,美术学院
020167,02340203,沈莹,北京,北京市丰台区东高地街道办事处,美术学院
020118,02340204,周佳伦,北京,中央工艺美术学院附中,美术学院
020093,02340205,王晓彬,北京,北京西城区实用美术职业学校,美术学院
020168,02340206,刘莹,北京,中央工艺美术学院附中,美术学院
020108,02340207,张博,北京,中央工艺美术学院附中,美术学院
020031,02340208,李思安,北京,中央工艺美术学院附中,美术学院
020109,02340209,于茵,北京,北京市海淀区花园路街道办事处,美术学院
020148,02340210,刘烨,北京,北京市海淀区北下关街道劳动保障,美术学院
020110,02340211,武晓琨,北京,中央美院附中,美术学院
020048,02340212,王昊,北京,中央工艺美术学院附中,美术学院
020049,02340213,吴闻,北京,中央工艺美术学院附中,美术学院
020032,02340214,史丹妮,北京,中央工艺美术学院附中,美术学院
020033,02340215,刘江南,北京,北京市朝阳区团结湖街道办事处,美术学院
020035,02340216,邵明,北京,北京市东城区和平里街道社会保障,美术学院
020045,02340217,王源,北京,北京市东城区安定门街道办事处,美术学院
020211,02340218,陈露,北京,北京市第110中学,美术学院
020212,02340219,吕静,北京,北京市朝阳区八里庄街道办事处,美术学院
020228,02340220,刘楠,北京,中央美院附中,美术学院
020213,02340221,应端端,北京,中央美院附中,美术学院
020201,02340222,张晓博,北京,北京市西城区德外街道办事处,美术学院
020229,02340223,王酉光,北京,北京市私立京华-华诚学校,美术学院
020202,02340224,宗树,北京,中央美院附中,美术学院
020197,02340225,高润生,北京,中央工艺美术学院附中,美术学院
020183,02340226,龙淼,北京,北京市第110中学,美术学院
020198,02340227,周舟,北京,北京市第110中学,美术学院
020184,02340228,张宏,北京,中央美院附中,美术学院
020230,02340229,李云昭,北京,北京市丰台区丰台街道办事处,美术学院
020185,02340230,王慧,北京,北京市房山区长沟中学,美术学院
023010,02020001,张颖,天津,天津天外附中,中国语言文学系
023011,02020002,黄磊,天津,天津外院附小,中国语言文学系
022582,02021001,周燕,天津,天津是第一中学,物理系
022351,02021002,王子瑜,天津,天津南开中学,材料科学与工程系
020843,02021003,宁凯,天津,天津南开中学,精密仪器与机械学系
022676,02021004,李沛,天津,天津南开中学,化学系
021698,02021005,高岳,天津,天津南开中学,计算机科学与技术系
022509,02021006,宋志鹏,天津,天津南开中学,数学科学系
022137,02021007,刘辉,天津,天津新华中学,工程力学系
022228,02021008,白莹,天津,天津耀华中学,化学工程系
020465,02021009,刘婉婷,天津,一中,水利水电工程系
022741,02021010,徐丽,天津,一中,生物科学与技术系
021668,02021011,朱文楠,天津,一中,计算机科学与技术系
020992,02021012,于爽,天津,一中,汽车工程系
023187,02021013,王嘉,天津,一中,建筑技术科学系
021937,02021014,王熙,天津,一中,自动化系
022707,02021015,韦云洲,天津,一中,生物科学与技术系
020659,02021016,宋旭,天津,一中,机械工程系
022382,02021017,陈乔,天津,一中,材料科学与工程系
020308,02021018,哈成,天津,一中,建筑系
022014,02021019,郝启軏,天津,一中,工程物理系
022708,02021020,孙奕,天津,一中,生物科学与技术系
020719,02021021,赵玥,天津,一中,机械工程系
020337,02021022,韩乔娜,天津,一中,土木工程系
021575,02021023,臧永圆,天津,耀华中学,电子工程系
021452,02021024,吕晖,天津,耀华中学,电子工程系
022446,02021025,卢翔,天津,耀华中学,数学科学系
022895,02021026,关磊,天津,耀华中学,经济管理学院
023188,02021027,李丞,天津,耀华中学,建筑技术科学系
021730,02021028,刘建华,天津,耀华中学,计算机科学与技术系
021319,02021029,肖元章,天津,耀华中学,电子工程系
021482,02021030,王雯,天津,耀华中学,电子工程系
021249,02021031,胡家君,天津,耀华中学,电机工程与应用电子技术系
022259,02021032,王鹏,天津,耀华中学,化学工程系
022288,02021033,张志腾,天津,耀华中学,化学工程系
020625,02021034,王霁欣,天津,二十中,环境科学与工程系
022614,02021035,张星娟,天津,和平往届高中生,物理系
021217,02021036,毛毅,天津,和平往届高中生,电机工程与应用电子技术系
021637,02021037,孙欣,天津,和平往届高中生,计算机科学与技术系
020720,02021038,戴旭,天津,七中,机械工程系
020752,02021039,邵君奕,天津,实验中学,精密仪器与机械学系
021184,02021040,王健一,天津,海河中学,电机工程与应用电子技术系
020935,02021041,包振华,天津,南开中学,热能工程系
022645,02021042,吴婧,天津,南开中学,化学系
022480,02021043,赵蕾,天津,南开中学,数学科学系
022015,02021044,杜斟,天津,南开中学,工程物理系
022867,02021045,吴家宽,天津,南开中学,经济管理学院
022510,02021046,单芃,天津,南开中学,数学科学系
020559,02021047,吴博凯,天津,南开中学,环境科学与工程系
022415,02021048,梁清,天津,南开中学,材料科学与工程系
022260,02021049,杜靖,天津,南开中学,化学工程系
020309,02021050,张杨,天津,南开中学,建筑系
022138,02021051,钟圆,天津,南开往届高中生,工程力学系
022925,02021052,谯珊珊,天津,南开往届高中生,经济管理学院
022646,02021053,董方,天津,二中,化学系
022615,02021054,陈炜,天津,二中,物理系
020810,02021055,周洁,天津,二中,精密仪器与机械学系
022159,02021056,张衍晨,天津,塘沽一中,工程力学系
021082,02021057,李喆,天津,华油教育中心,工业工程系
021915,02021058,张鑫,天津,华油教育中心,自动化系
022289,02021059,李涛,天津,大港一中,化学工程系
020436,02021060,董世根,天津,张窝中学,土木工程系
020404,02021061,王轶军,天津,北辰往届高中生,土木工程系
020993,02021062,刘家悦,天津,四十七中学,汽车工程系
021986,02021063,李亮,天津,宁河往届高中考生,工程物理系
021353,02021064,李杰,天津,静海一中,电子工程系
020466,02021065,董明,天津,静海一中,水利水电工程系
020903,02021066,李雪磊,天津,蓟县往届高中生,热能工程系
020087,02340071,曹萃,天津,天津市第八十中学,美术学院
020171,02340097,孔祥意,天津,天津市美术中学,美术学院
020126,02340117,刘青,天津,天津市河北区招生委员会,美术学院
021059,02081001,仲亮,黑龙江,北京大学附属中学,汽车工程系
021518,02081002,杨凌,黑龙江,北京大学附属中学,电子工程系
022934,02081003,姜懿,黑龙江,北京大学附属中学,经济管理学院
022518,02081004,申得民,黑龙江,北京大学附属中学,数学科学系
020377,02081005,杨仁杰,黑龙江,北京大学附属中学,土木工程系
021766,02081006,杨博,黑龙江,北京师范大学附属实验中学,计算机科学与技术系
022837,02081007,林杰夫,黑龙江,北京师范大学附属实验中学,经济管理学院
022234,02081008,刘洋宏,黑龙江,大庆市实验中学,化学工程系
021548,02081009,赵雄心,黑龙江,哈尔滨师大附中,电子工程系
023192,02081010,韩宇光,黑龙江,哈尔滨师大附中,建筑技术科学系
022265,02081011,严鸿飞,黑龙江,哈尔滨三中,化学工程系
022545,02081012,李石磊,黑龙江,哈尔滨三中,物理系
022871,02081013,吴天石,黑龙江,哈尔滨市第三中学,经济管理学院
022812,02081014,郑阳,黑龙江,哈尔滨市第三中学,经济管理学院
023225,02081015,隋轶,黑龙江,牡丹江市第一中学,医学院
020409,02081016,孙博雅,黑龙江,大庆一中,土木工程系
021424,02081017,张振伟,黑龙江,大庆铁人中学,电子工程系
020632,02081018,党岩,黑龙江,大庆铁人中学,环境科学与工程系
022546,02081019,贾振东,黑龙江,大庆铁人中学,物理系
023118,02081020,慕戈飞,黑龙江,黑龙江省鸡西市第一中学,法学院
022163,02081021,遇鉴海,黑龙江,清华大学附属中学,工程力学系
022564,02081022,刘佳磊,黑龙江,清华大学附属中学,物理系
021642,02081023,刘啸冰,黑龙江,清华大学附属中学,计算机科学与技术系
020941,02081024,程邺,黑龙江,哈尔滨市三中,热能工程系
021121,02081025,侯宇翔,黑龙江,哈尔滨市三中,工业工程系
022872,02081027,王青溪,黑龙江,哈尔滨市三中,经济管理学院
020282,02081028,厉基巍,黑龙江,哈尔滨市三中,建筑系
022651,02081029,张博旸,黑龙江,哈尔滨市三中,化学系
021610,02081030,周广益,黑龙江,哈尔滨市三中,电子工程系
022620,02081031,高宇,黑龙江,哈尔滨市三中,物理系
020441,02081032,赵晶,黑龙江,哈尔滨市三中,土木工程系
021794,02081033,翁雄飞,黑龙江,哈尔滨市三中,计算机科学与技术系
022453,02081034,刘岩,黑龙江,哈尔滨市三中,数学科学系
022024,02081035,田野,黑龙江,哈尔滨市三中,工程物理系
022838,02081036,孙超,黑龙江,哈尔滨市三中,经济管理学院
021611,02081037,王迪,黑龙江,哈尔滨市三中,电子工程系
020664,02081038,元金石,黑龙江,哈尔滨市三中,机械工程系
021850,02081039,黄姝睿,黑龙江,哈尔滨市三中,自动化系
020817,02081040,杨洋,黑龙江,哈市师大附中,精密仪器与机械学系
021457,02081041,曲书磊,黑龙江,哈尔滨市三中,电子工程系
022683,02081042,王帅,黑龙江,哈尔滨市三中,化学系
020998,02081043,颜廷坤,黑龙江,哈尔滨市三中,汽车工程系
021258,02081044,王家福,黑龙江,哈尔滨市三中,电机工程与应用电子技术系
020787,02081045,刘罡,黑龙江,哈尔滨市三中,精密仪器与机械学系
021581,02081046,冯涛,黑龙江,哈尔滨市三中,电子工程系
020909,02081047,李凤超,黑龙江,哈尔滨市六中,热能工程系
021090,02081048,金玲,黑龙江,哈尔滨市朝一中,工业工程系
020756,02081049,尹正焕,黑龙江,阿城市朝鲜中学,精密仪器与机械学系
021549,02081050,田峥,黑龙江,双城市兆麟中学,电子工程系
022778,02081051,马岩,黑龙江,五常市第二中学,生物科学与技术系
020535,02081052,王博,黑龙江,五常市第二中学,水利水电工程系
021672,02081053,胡大伟,黑龙江,五常市第二中学,计算机科学与技术系
021325,02081054,金海兰,黑龙江,五常朝鲜高级中学,电子工程系
021290,02081055,崔锦姬,黑龙江,朝鲜中学,电子工程系
022421,02081056,权浩,黑龙江,朝鲜中学,材料科学与工程系
021519,02081057,刘威,黑龙江,齐市第一中学,电子工程系
022293,02081058,丑树人,黑龙江,齐市第一中学,化学工程系
022487,02081059,张翀,黑龙江,齐市实验中学,数学科学系
021967,02081060,李立国,黑龙江,齐市实验中学,自动化系
021028,02081061,景立群,黑龙江,齐市实验中学,汽车工程系
020342,02081062,金玲,黑龙江,齐市朝鲜族中学,土木工程系
022386,02081064,郭晓东,黑龙江,龙江县一中,材料科学与工程系
020564,02081065,马德浩,黑龙江,龙江县一中,环境科学与工程系
022141,02081066,张进军,黑龙江,龙江县一中,工程力学系
023226,02081067,丁宏宇,黑龙江,鸡西市第一中学,医学院
020505,02081068,单宏伟,黑龙江,鸡西市第一中学,水利水电工程系
022358,02081069,滕旭,黑龙江,鸡西矿务局一中,材料科学与工程系
022902,02081070,刘冬,黑龙江,鹤岗市第一中学,经济管理学院
020967,02081071,丁勇山,黑龙江,鹤岗市第一中学,热能工程系
022053,02081072,孟宪坤,黑龙江,鹤岗市第一中学,工程物理系
020692,02081073,徐强,黑龙江,鹤岗市第一中学,机械工程系
022082,02081074,江涛,黑龙江,双鸭山市第一中学,工程物理系
021259,02081075,佘庆媛,黑龙江,大庆市实验中学,电机工程与应用电子技术系
021060,02081076,常茜菲,黑龙江,大庆市铁人中学,汽车工程系
022750,02081077,杜羽,黑龙江,大庆市铁人中学,生物科学与技术系
021224,02081078,马宏彬,黑龙江,大庆市铁人中学,电机工程与应用电子技术系
022235,02081079,刁莹,黑龙江,大庆市铁人中学,化学工程系
022713,02081080,陈思思,黑龙江,大庆一中,生物科学与技术系
021156,02081081,冯丽超,黑龙江,佳木斯第一中学,电机工程与应用电子技术系
022164,02081082,张涛,黑龙江,佳木斯第一中学,工程力学系
020312,02081083,郑昕,黑龙江,佳木斯第一中学,建筑系
020471,02081084,韩冬,黑龙江,勃利县高级中学,水利水电工程系
021943,02081085,于志军,黑龙江,牡丹江市第一中学,自动化系
021643,02081086,宋策,黑龙江,牡丹江市第一中学,计算机科学与技术系
021993,02081087,梁永男,黑龙江,宁安市第一中学,工程物理系
021487,02081088,张宝利,黑龙江,宁安市第一中学,电子工程系
020633,02081089,邓茜,黑龙江,宁安市第一中学,环境科学与工程系
022589,02081090,许文彬,黑龙江,宁安市朝鲜族中学,物理系
021795,02081091,龙丽娟,黑龙江,海林市高级中学,计算机科学与技术系
021291,02081092,张新亮,黑龙江,绥化市第一中学,电子工程系
021994,02081095,鞠佳勇,黑龙江,海伦市第一中学,工程物理系
021704,02081096,李春勇,黑龙江,肇东市一中,计算机科学与技术系
022207,02081097,朱德华,黑龙江,肇东市一中,工程力学系
022054,02081098,张佰春,黑龙江,肇东市一中,工程物理系
020343,02081099,张寿玲,黑龙江,青冈县第一中学,土木工程系
020442,02081100,邢继胜,黑龙江,呼玛县第二中学,土木工程系
020818,02081101,马骥驰,黑龙江,哈尔滨市三中,精密仪器与机械学系
022083,02081102,郭溢韬,黑龙江,哈尔滨市三中,工程物理系
021612,02081103,薛正非,黑龙江,南岗其它中等学历学校,电子工程系
022976,02081104,白楠,黑龙江,哈尔滨第九中学,经济管理学院
023155,02081105,付吉珊,黑龙江,哈尔滨第九中学,传播系
020942,02081106,陈鹏,黑龙江,哈师大附中,热能工程系
020094,02340051,刘畅,黑龙江,黑龙江省大兴安岭实验中学,美术学院
020121,02340075,高婷,黑龙江,黑龙江省哈尔滨市动力区文政街道,美术学院
020089,02340080,董雪凌,黑龙江,大庆第一中学,美术学院
020037,02340088,蒋璐璐,黑龙江,大庆第一中学,美术学院
020220,02340159,胡晓菲,黑龙江,哈尔滨市香坊区通天街道工作委员,美术学院
020193,02340170,王炳懿,黑龙江,七台河市希望高级中学,美术学院
020182,02340171,孙洪霞,黑龙江,黑龙江铁力市第一,中学
020815,02071001,崔自强,吉林,东北师范大学附属中学,精密仪器与机械学系
023088,02071002,李文博,吉林,东北师范大学附属中学,法学院
022104,02071003,李睿,吉林,东北师范大学附属中学,工程物理系
020908,02071004,秦博,吉林,东北师范大学附属中学,热能工程系
022486,02071005,年鉴,吉林,东北师范大学附属中学,数学科学系
022930,02071006,王龙,吉林,华东师大第二附中,经济管理学院
023191,02071007,盖甲子,吉林,吉林省白城市第一中学,建筑技术科学系
022450,02071008,邢志佳,吉林,长春市十一中学,数学科学系
021516,02071009,张航,吉林,吉林市第一中学,电子工程系
020534,02071010,李遥,吉林,吉林市第一中学,水利水电工程系
021422,02071011,汪瀚,吉林,吉林省实验中学,电子工程系
021423,02071012,郑海鹏,吉林,吉林省实验中学,电子工程系
021390,02071013,郑幽思,吉林,吉林省实验中学,电子工程系
022931,02071014,刘畅,吉林,吉林省实验中学,经济管理学院
021190,02071015,王鹏,吉林,吉林省实验中学,电机工程与应用电子技术系
022810,02071016,张帆,吉林,吉林省延边市第二中学,经济管理学院
022932,02071017,金镇星,吉林,吉林延边第一中学,经济管理学院
022451,02071018,孙星姬,吉林,吉林延边第一中学,数学科学系
022811,02071019,冯雪,吉林,清华大学附属中学,经济管理学院
022517,02071020,邢飞,吉林,吉林省实验中学,数学科学系
022452,02071021,张峻伟,吉林,石油集团高中,数学科学系
022588,02071022,孟垂舟,吉林,长春市第十一中学,物理系
022619,02071023,金龙,吉林,抚松县露水河林业局高级中学,物理系
022650,02071024,刘冲,吉林,东北师大附中,化学系
022712,02071025,袁帅,吉林,吉林一中,生物科学与技术系
022749,02071026,刘洋,吉林,白城市第一高中,生物科学与技术系
022777,02071027,孙杨,吉林,敦化实验中学,生物科学与技术系
022326,02071028,高兵,吉林,延边二中,化学工程系
022356,02071029,金兰,吉林,延边一中,材料科学与工程系
022357,02071030,孟健永,吉林,延边一中,材料科学与工程系
020785,02071031,李昂,吉林,松原市实验高中,精密仪器与机械学系
020663,02071032,金宝舵,吉林,七中,机械工程系
020786,02071033,金万哲,吉林,延边一中,精密仪器与机械学系
020996,02071034,林喆,吉林,东北师大附中,汽车工程系
021058,02071035,高同阳,吉林,长春育文中学,汽车工程系
021027,02071036,刘佳熙,吉林,公主岭一中,汽车工程系
020997,02071037,蔡泉姬,吉林,延边一中,汽车工程系
020816,02071038,金大荣,吉林,延边一中,精密仪器与机械学系
020849,02071039,宋清,吉林,敦化实验中学,精密仪器与机械学系
020940,02071040,王磊,吉林,吉林十八中,热能工程系
022206,02071041,胡彦彦,吉林,吉林一中,工程力学系
020966,02071042,唐君实,吉林,七中,热能工程系
022080,02071043,张松,吉林,长春市第十一中学,工程物理系
022081,02071044,刘鹤,吉林,舒兰一中,工程物理系
022049,02071045,刘明飞,吉林,石油集团高中,工程物理系
022050,02071046,荣辉,吉林,白城市第一高中,工程物理系
022051,02071047,乔敏,吉林,白城市第一高中分校,工程物理系
022052,02071048,宫兆虎,吉林,延边二中,工程物理系
022022,02071049,华夏,吉林,农安实验中学,工程物理系
022023,02071050,李鑫,吉林,吉林一中,工程物理系
021992,02071051,刘龙云,吉林,临江林业局第一高级中学,工程物理系
021191,02071052,黄鹏,吉林,东北师大附中,电机工程与应用电子技术系
021223,02071053,孙洪雷,吉林,吉林一中,电机工程与应用电子技术系
021257,02071054,肖景良,吉林,磐石一中,电机工程与应用电子技术系
021155,02071055,王雪松,吉林,五中,电机工程与应用电子技术系
021942,02071056,高旭东,吉林,吉林十二中,自动化系
021966,02071057,李响,吉林,梨树一中,自动化系
021825,02071058,张伟鹏,吉林,辽源市五中,自动化系
021920,02071059,李论,吉林,抚松县露水河林业局高级中学,自动化系
021607,02071060,李哲,吉林,舒兰一中,电子工程系
021608,02071061,许正国,吉林,延边一中,电子工程系
021609,02071062,张龙,吉林,敦化实验中学,电子工程系
021357,02071063,李浩,吉林,东北师大附中,电子工程系
021323,02071064,郑伟,吉林,长春市第十一中学,电子工程系
021289,02071065,许家铭,吉林,临江市一中,电子工程系
021324,02071066,张健,吉林,延边二中,电子工程系
021736,02071067,林楠,吉林,长春市外国语学校,计算机科学与技术系
021670,02071068,王威,吉林,东方补习学校,计算机科学与技术系
021641,02071069,辛欣,吉林,长春市第十一中学,计算机科学与技术系
021703,02071070,徐剑锋,吉林,蛟河一中,计算机科学与技术系
021671,02071071,张宇宁,吉林,白城市第一高中,计算机科学与技术系
021486,02071072,章英杰,吉林,吉林省实验中学,电子工程系
021456,02071073,孙引,吉林,吉化一中,电子工程系
021517,02071074,季恒,吉林,吉林一中,电子工程系
021546,02071075,林峰,吉林,辽源市五中,电子工程系
021547,02071076,宋林琦,吉林,梅河口市五中,电子工程系
021580,02071077,李林,吉林,延边一中,电子工程系
023223,02071078,苏畅,吉林,延边二中,医学院
023224,02071079,肖茂鸿,吉林,延边二中,医学院
020252,02071080,孙宇,吉林,长春市实验中学,建筑系
020281,02071081,蔡俊,吉林,延边一中,建筑系
020408,02071082,石冶,吉林,榆树实验中学,土木工程系
020375,02071083,顾馨允,吉林,梅河口市五中,土木工程系
020376,02071084,杨戬,吉林,白城市第一高中,土木工程系
020503,02071085,王皓,吉林,丰满高中,水利水电工程系
020504,02071086,朴光,吉林,汪清二中,水利水电工程系
020631,02071087,王海超,吉林,德惠实验中学(往届),环境科学与工程系
020600,02071088,金昌权,吉林,延边一中,环境科学与工程系
022264,02071089,石宇,吉林,四平市一中,化学工程系
022292,02071090,赵黄经,吉林,延边一中,化学工程系
022162,02071091,曾宪湃,吉林,东北师大附中,工程力学系
021120,02071092,王昊,吉林,东北师大附中,工业工程系
021089,02071093,于立群,吉林,四平市实验中学,工业工程系
022899,02071094,尚游,吉林,长春市实验中学,经济管理学院
022900,02071095,王轶丁,吉林,东北师大附中,经济管理学院
022933,02071096,魏翔宇,吉林,农安实验中学,经济管理学院
022901,02071097,王欣宇,吉林,榆树实验中学(往届),经济管理学院
022870,02071098,曹文轩,吉林,舒兰一中,经济管理学院
020142,02340077,王莹博,吉林,德惠市实验中学,美术学院
020190,02340165,曹健,吉林,白城市第四中学,
023014,02060001,罗迪,辽宁,东北育才中学,中国语言文学系
022354,02061001,辛绪凯,辽宁,北京师范大学附属实验中学,材料科学与工程系
020469,02061002,赵阳,辽宁,大连第八中学,水利水电工程系
023015,02061003,任文焕,辽宁,大连第八中学,中国语言文学系
021639,02061004,俞玮,辽宁,东北育才中学,计算机科学与技术系
022543,02061005,梁亮,辽宁,大连育明高中,物理系
022649,02061006,姜鹏,辽宁,东北育才中学,化学系
020964,02061007,姚奇,辽宁,东北育才中学,热能工程系
021485,02061008,刘博,辽宁,东北育才中学,电子工程系
022323,02061009,杜鸣柳,辽宁,鞍山市第一中学,化学工程系
022449,02061010,蒋博,辽宁,大连第二十四中学,数学科学系
022544,02061011,姜世杰,辽宁,大连育明高中,物理系
022561,02061012,赵艺谦,辽宁,大连育明高中,物理系
021765,02061013,张瑾,辽宁,大连育明高中,计算机科学与技术系
020662,02061014,韩勤,辽宁,抚顺一中,机械工程系
020995,02061015,张昊,辽宁,阜新市实验中学,汽车工程系
022562,02061016,王强,辽宁,阜新市实验中学,物理系
022419,02061017,胡澍,辽宁,辽宁省实验中学,材料科学与工程系
021322,02061018,黄大宇,辽宁,清华大学附属中学,电子工程系
022563,02061019,宋旸,辽宁,清华大学附属中学,物理系
022484,02061020,王鑫,辽宁,沈阳市第二中学,数学科学系
022485,02061021,陈莉楠,辽宁,辽宁省实验中学,数学科学系
022516,02061022,闫研,辽宁,鞍山市第一中学,数学科学系
022618,02061023,周云柯,辽宁,大连市沙河口区往届生,物理系
022587,02061024,曲天良,辽宁,普兰店市二中,物理系
022681,02061025,张锐,辽宁,大连育明高中,化学系
022682,02061026,武真,辽宁,朝阳市第二高级中学,化学系
022748,02061027,郭文铎,辽宁,大连市普兰店市往届生,生物科学与技术系
022775,02061028,汪思淼,辽宁,本溪市高级中学,生物科学与技术系
022776,02061029,孙可丰,辽宁,丹东市第二中学,生物科学与技术系
022711,02061030,田晨曦,辽宁,锦州中学,生物科学与技术系
022324,02061031,李雪,辽宁,大连育明高中,化学工程系
022325,02061032,吕传超,辽宁,庄河高中,化学工程系
022355,02061033,张嵩印,辽宁,沈阳市第二中学,材料科学与工程系
022420,02061034,范曾,辽宁,丹东市第二中学,材料科学与工程系
022385,02061035,刘隆,辽宁,阜新市高级中学,材料科学与工程系
020755,02061036,姚重阳,辽宁,东北育才中学,精密仪器与机械学系
020783,02061037,祁睿,辽宁,康平县高中,精密仪器与机械学系
020691,02061038,李春雷,辽宁,沈阳市新民市往届生,机械工程系
020784,02061039,王志远,辽宁,抚顺市清原县高级中学,精密仪器与机械学系
021057,02061040,韩晓野,辽宁,本溪市第一中学,汽车工程系
021026,02061041,王帅宇,辽宁,辽河油田一高中,汽车工程系
020813,02061042,王擎,辽宁,大连第二十四中学,精密仪器与机械学系
020814,02061043,孙晓光,辽宁,凤城市第一中学,精密仪器与机械学系
020907,02061044,陈征,辽宁,沈阳市第二中学,热能工程系
020965,02061045,孙华锐,辽宁,大连第二十四中学,热能工程系
020938,02061046,谷秀刚,辽宁,鞍山市台安县高级中学,热能工程系
020939,02061047,赵欣宇,辽宁,丹东市第二中学,热能工程系
022205,02061048,田中伟,辽宁,朝阳市第一高级中学,工程力学系
022046,02061049,曲冰,辽宁,大连第二十四中学,工程物理系
022047,02061050,田真,辽宁,开发区中学,工程物理系
022077,02061051,王金雨,辽宁,鞍山市第一中学,工程物理系
022048,02061052,白小玲,辽宁,阜新县蒙古高中,工程物理系
022078,02061053,吕春杉,辽宁,阜新县育才高级中学,工程物理系
022079,02061054,曹杰,辽宁,葫芦岛一高中,工程物理系
022019,02061055,李海岚,辽宁,沈阳市第二十中学,工程物理系
022020,02061056,吴彬,辽宁,沈阳朝族第一中学,工程物理系
021991,02061057,张钰,辽宁,本溪市高级中学,工程物理系
022021,02061058,毕垒,辽宁,锦州中学,工程物理系
021256,02061059,张品佳,辽宁,东北育才中学,电机工程与应用电子技术系
021154,02061060,耿屹楠,辽宁,辽宁省实验中学,电机工程与应用电子技术系
021188,02061061,韩嵬,辽宁,辽宁省实验中学,电机工程与应用电子技术系
021221,02061062,周鑫,辽宁,大连育明高中,电机工程与应用电子技术系
021189,02061063,胡艺馨,辽宁,辽河油田一高中,电机工程与应用电子技术系
021222,02061064,王振蛟,辽宁,铁岭市清河高中,电机工程与应用电子技术系
021824,02061065,张勇,辽宁,沈阳市和平区往届生,自动化系
021918,02061066,刘小星,辽宁,本溪市高级中学,自动化系
021940,02061067,李焱焱,辽宁,阜新市实验中学,自动化系
021965,02061068,金戈,辽宁,盘锦市高级中学,自动化系
021941,02061069,李芳菲,辽宁,辽河油田一高中,自动化系
021603,02061070,杨春媛,辽宁,大连一中,电子工程系
021604,02061071,王超,辽宁,大连市普兰店市往届生,电子工程系
021605,02061072,王伟,辽宁,丹东市第二中学,电子工程系
021606,02061073,吴双,辽宁,大石桥市二高中,电子工程系
021356,02061074,王斯朕,辽宁,沈阳市皇姑区往届生,电子工程系
021286,02061075,唐猛,辽宁,辽宁省实验中学,电子工程系
021287,02061076,许明,辽宁,大连市金州区往届生,电子工程系
021389,02061077,郐恺,辽宁,瓦房店高中,电子工程系
021288,02061078,张哲,辽宁,开原市高中,电子工程系
021793,02061079,李晓哲,辽宁,大连育明高中,计算机科学与技术系
021640,02061080,夏霜,辽宁,大连育明高中,计算机科学与技术系
021702,02061081,张亮,辽宁,盘锦市高级中学,计算机科学与技术系
021735,02061082,耿宇,辽宁,北票市高级中学,计算机科学与技术系
021545,02061083,王宏业,辽宁,沈阳市皇姑区往届生,电子工程系
021514,02061084,张谦,辽宁,辽宁省实验中学,电子工程系
021579,02061085,吴桐,辽宁,大连第二十四中学,电子工程系
021455,02061086,范明浩,辽宁,大连育明高中,电子工程系
021515,02061087,刘佳扬,辽宁,凤城市第一中学,电子工程系
023222,02061088,陈玉玲,辽宁,大连育明高中,医学院
020311,02061089,谷军,辽宁,东北育才中学,建筑系
020280,02061090,何仲禹,辽宁,本溪市高级中学,建筑系
020251,02061091,苏航,辽宁,本溪市第一中学,建筑系
020407,02061092,齐玉军,辽宁,大连一零三中,土木工程系
020340,02061093,公成旭,辽宁,抚顺市朝鲜族第一中学,土木工程系
020440,02061094,吴琦,辽宁,辽阳市白塔区往届生,土木工程系
020501,02061095,王楠,辽宁,大连第二十四中学,水利水电工程系
020502,02061096,孟繁鑫,辽宁,抚顺市第二中学,水利水电工程系
020532,02061097,赵宇旭,辽宁,本溪市第一中学,水利水电工程系
020470,02061098,孙亮,辽宁,营口市高中,水利水电工程系
020533,02061099,李大志,辽宁,辽河油田一高中,水利水电工程系
020630,02061100,王坚,辽宁,沈阳市第二中学,环境科学与工程系
020598,02061101,范明志,辽宁,大连育明高中,环境科学与工程系
020599,02061102,王子东,辽宁,兴城一高中,环境科学与工程系
022233,02061103,闫彦馨,辽宁,辽宁省实验中学,化学工程系
022291,02061104,宋文斯,辽宁,大连育明高中,化学工程系
022263,02061105,郭琼,辽宁,大连第二十三中学,化学工程系
022186,02061106,李楠,辽宁,大连育明高中,工程力学系
022187,02061107,沙长远,辽宁,本溪市高级中学,工程力学系
022161,02061108,王哲,辽宁,沈阳市新城子区往届生,工程力学系
021118,02061109,丁锐,辽宁,辽宁省实验中学,工业工程系
021088,02061110,王慧竹,辽宁,大连育明高中,工业工程系
022836,02061111,宋欣然,辽宁,东北育才中学,经济管理学院
022928,02061112,王小宇,辽宁,沈阳市第二中学,经济管理学院
022929,02061113,高靖仑,辽宁,沈阳市第二十七中学,经济管理学院
022809,02061114,崔杨,辽宁,大连育明高中,经济管理学院
023190,02061115,蔡琰,辽宁,东北育才中学,建筑技术科学系
020724,02061116,贾珂,辽宁,大连第八中学,机械工程系
021919,02061117,崔航,辽宁,东北育才中学,自动化系
020341,02061118,陈岩,辽宁,沈阳第一二零中学,土木工程系
021119,02061119,霍明,辽宁,鞍山市第一中学,工业工程系
022975,02061120,于海洋,辽宁,鞍山市第一中学,经济管理学院
020061,02340002,丛堃,辽宁,大连经济技术开发区第一中学,美术学院
020052,02340003,徐欣,辽宁,大连市第十五中学,美术学院
020053,02340006,王晓曼,辽宁,大连市第十五中学,美术学院
020054,02340008,王辉,辽宁,大连市第十五中学,美术学院
020100,02340010,刘爽,辽宁,辽宁省大连市第十五中学,美术学院
020157,02340011,赵晨,辽宁,大连市第十五中学,美术学院
020063,02340012,赵天罡,辽宁,大连市第十五中学,美术学院
020140,02340022,王淼,辽宁,大连市第十五中学,美术学院
020004,02340026,王长荣,辽宁,岫岩满族自治县高级中学,美术学院
020069,02340034,石玉,辽宁,大连市第十五中学,美术学院
020103,02340037,孟莹莹,辽宁,辽宁省大连市第十五中学,美术学院
020151,02340039,傅昕,辽宁,鲁迅美术学院附属中等美术学校,美术学院
020078,02340043,李飞,辽宁,辽阳石油化纤公司高级中学,美术学院
020071,02340045,张帆,辽宁,大连经济技术开发区第一中学,美术学院
020006,02340055,安荣华,辽宁,盖州市第三高级中学,美术学院
020114,02340056,陈步云,辽宁,辽宁省大连市第十五中学,美术学院
020115,02340059,常堃,辽宁,辽宁省大连市第十五中学,美术学院
020084,02340062,王豪,辽宁,大连市第十五中学,美术学院
020010,02340064,陈瑞雪,辽宁,大连市第十五中学,美术学院
020090,02340081,张慧玲,辽宁,风城市第一中学,美术学院
020169,02340084,于飞,辽宁,大连市第十一中学,美术学院
020122,02340085,刘妮妮,辽宁,辽宁省沈阳市鲁迅美术学院附中,美术学院
020091,02340087,王瑜,辽宁,大连新世纪高级中学,美术学院
020137,02340102,邓熙勋,辽宁,辽宁省沈阳市和平区北站街道办事,美术学院
020175,02340109,江涛,辽宁,大连市第十五中学,美术学院
020132,02340118,关鑫,辽宁,辽宁省沈阳市奉天高级中学,美术学院
020046,02340119,姜坤,辽宁,辽宁省普兰店市第一中学,美术学院
020187,02340137,李西题,辽宁,辽宁省大连市第十五中学,美术学院
020199,02340138,战金娟,辽宁,大连市第十五中学,美术学院
020188,02340139,贾连翔,辽宁,辽宁省大连市第十五中学,美术学院
020205,02340143,付斯特,辽宁,庄河市高级中学,美术学院
020221,02340144,王海同,辽宁,北京市工艺美术学校,美术学院
020223,02340150,于治国,辽宁,凌源市第五中学,美术学院
020209,02340151,赵茜,辽宁,鲁迅美术学院附属中等美术学校,美术学院
020214,02340155,刘宇,辽宁,普兰店市第一中学,美术学院
020179,02340161,郑丹,辽宁,海城市同济中学,美术学院
020563,02051001,董鑫,内蒙,包头市第九中学,环境科学与工程系
021253,02051002,陈波,内蒙,内蒙古赤峰二中,电机工程与应用电子技术系
021989,02051003,于铭,内蒙,内蒙古赤峰二中,工程物理系
022384,02051004,莫日根,内蒙,呼和浩特市二中,材料科学与工程系
022648,02051005,马蓓蓓,内蒙,呼和浩特市二中,化学系
020406,02051006,贾天翼,内蒙,呼和浩特市二中,土木工程系
022448,02051007,寇晓溪,内蒙,呼市二中,数学科学系
022483,02051008,计哲飞,内蒙,松山区中学,数学科学系
022617,02051009,刘喜波,内蒙,松山区中学,物理系
022586,02051010,冯宇波,内蒙,天义一中,物理系
022679,02051011,蔡志楠,内蒙,霍林郭勒矿一中,化学系
022680,02051012,庞丽琼,内蒙,集宁一中,化学系
022747,02051013,李仙,内蒙,牙克石市第一中学,生物科学与技术系
022710,02051014,邢晓敏,内蒙,集宁一中,生物科学与技术系
022353,02051015,张琦,内蒙,呼市二中,材料科学与工程系
022418,02051016,杨斌,内蒙,赤峰二中,材料科学与工程系
020690,02051017,吴树甲,内蒙,赤峰二中,机械工程系
020723,02051018,王大鹏,内蒙,林西县一中,机械工程系
020994,02051019,刘东,内蒙,内蒙师大附中,汽车工程系
021056,02051020,吴蒙,内蒙,克一河林业中学,汽车工程系
020847,02051021,特克希,内蒙,内蒙师大附中,精密仪器与机械学系
020848,02051022,赵婷婷,内蒙,乌兰浩特市一中,精密仪器与机械学系
020937,02051023,马旭鑫,内蒙,包头市四中,热能工程系
020963,02051024,马秀娟,内蒙,天义一中,热能工程系
020906,02051025,张宇宁,内蒙,通辽五中,热能工程系
021990,02051026,刘冲,内蒙,北重三中,工程物理系
022017,02051027,高宇,内蒙,松山区中学,工程物理系
022018,02051028,毛为民,内蒙,伊图河铁路二中,工程物理系
021254,02051029,马娟,内蒙,内蒙师大附中,电机工程与应用电子技术系
021255,02051030,杨庭志,内蒙,一机厂一中,电机工程与应用电子技术系
021220,02051031,刘鑫,内蒙,平煤（集团）公司高级中学,电机工程与应用电子技术系
021153,02051032,阿力塔,内蒙,通辽一中,电机工程与应用电子技术系
021939,02051033,刘艳,内蒙,松山区中学,自动化系
021848,02051034,张欣欣,内蒙,平煤（集团）公司高级中学,自动化系
021849,02051035,邱涵,内蒙,牙克石市第一中学,自动化系
021894,02051036,李杨,内蒙,通辽一中,自动化系
021421,02051037,徐鸿,内蒙,包钢一中,电子工程系
021321,02051038,左秀晖,内蒙,松山区中学,电子工程系
021764,02051039,栾鹏,内蒙,牙克石市林业一中,计算机科学与技术系
021734,02051040,宋歌,内蒙,乌兰浩特市一中,计算机科学与技术系
021701,02051041,刘力,内蒙,开鲁一中,计算机科学与技术系
021669,02051042,严凯,内蒙,巴盟中学,计算机科学与技术系
021578,02051043,李贺,内蒙,包钢一中,电子工程系
021454,02051044,富迪,内蒙,包钢一中,电子工程系
021513,02051045,杨锟,内蒙,林西县一中,电子工程系
020250,02051046,卜文娟,内蒙,通辽一中,建筑系
020439,02051047,赵国富,内蒙,经棚一中,土木工程系
020374,02051048,赵永良,内蒙,鄂尔多斯市第一中学,土木工程系
020499,02051049,王立新,内蒙,大板三中,水利水电工程系
020500,02051050,丁璐,内蒙,巴盟中学,水利水电工程系
020596,02051051,尹可清,内蒙,赤峰二中,环境科学与工程系
020597,02051052,高静思,内蒙,平煤（集团）公司高级中学,环境科学与工程系
020629,02051053,荀锐,内蒙,乌兰浩特市一中,环境科学与工程系
022290,02051054,曾亮,内蒙,通辽铁路中学,化学工程系
022262,02051055,宋哲建,内蒙,通辽一中,化学工程系
022232,02051056,秦亮,内蒙,乌拉特前旗一中,化学工程系
022139,02051057,徐然,内蒙,林东一中,工程力学系
022140,02051058,付东旭,内蒙,开鲁一中,工程力学系
021086,02051059,张恩瑜,内蒙,赤峰二中,工业工程系
021087,02051060,许平先,内蒙,海拉尔市铁路一中,工业工程系
023154,02051061,杨扬,内蒙,包头市九中,传播系
022869,02051062,赵雅杰,内蒙,北重三中,经济管理学院
020872,02051063,郝齐,内蒙,海拉尔市二中,精密仪器与机械学系
020873,02051064,钱建军,内蒙,海拉尔市二中,精密仪器与机械学系
020874,02051065,王迪,内蒙,乌兰浩特市一中,精密仪器与机械学系
020875,02051066,郭奇,内蒙,鄂尔多斯市第一中学,精密仪器与机械学系
022044,02051067,王任泽,内蒙,赤峰四中,工程物理系
022074,02051068,温立鹏,内蒙,扎兰屯市一中,工程物理系
022075,02051069,王忠明,内蒙,伊图河铁路二中,工程物理系
022076,02051070,冯文卿,内蒙,大扬树林业中学,工程物理系
022045,02051071,赖建永,内蒙,霍林郭勒矿一中,工程物理系
020077,02340042,王静哲,内蒙古,内蒙古哲盟通辽市一中复读,美术学院
020020,02340095,吴雪莲,内蒙古,乌拉特前旗第五中学,美术学院
020040,02340111,张宇,内蒙古,巴彦淖尔盟中学,美术学院
020164,02340132,马威,内蒙古,赤峰第四中学,美术学院
021234,02161001,徐江,河南,北京师范大学附属实验中学,电机工程与应用电子技术系
022274,02161002,任世明,河南,北京师范大学附属实验中学,化学工程系
022149,02161003,邓强,河南,扶沟县高中,工程力学系
020481,02161004,郭帅,河南,辉县市一中,水利水电工程系
022850,02161005,闫雯雯,河南,河南开封高中,经济管理学院
020919,02161006,吴迪,河南,洛阳拖一中,热能工程系
023103,02161007,李腾,河南,河南省试验中学,法学院
021590,02161008,曹培炎,河南,河南郑州一中,电子工程系
022851,02161009,王睿琦,河南,河南郑州一中,经济管理学院
021831,02161010,刘澍,河南,河南郑州一中,自动化系
021973,02161011,王衎,河南,河南郑州一中,自动化系
020291,02161012,赵丽虹,河南,河南郑州铁路一中,建筑系
023019,02161013,张舒楠,河南,河南郑州外国语学校,中国语言文学系
022662,02161014,刘晨,河南,河南郑州一中,化学系
021528,02161015,焦冬,河南,清华大学附属中学,电子工程系
020418,02161016,徐书楠,河南,清华大学附属中学,土木工程系
022598,02161017,毛珂,河南,清华大学附属中学,物理系
022461,02161018,贺宝华,河南,平顶山市第一中学,数学科学系
022496,02161019,李伟鹏,河南,襄城县一高,数学科学系
022462,02161020,陈健平,河南,漯河高级中学,数学科学系
022631,02161021,刘峰,河南,长葛市一高,物理系
022632,02161022,朱锐,河南,信阳高中,物理系
022694,02161023,王宝玉,河南,郑州四十七中,化学系
022663,02161024,彭虹,河南,河南省淮阳中学,化学系
022784,02161025,张朝杰,河南,平顶山市第一高级中学,生物科学与技术系
022723,02161026,张昆阳,河南,襄城县一高,生物科学与技术系
022433,02161027,李文博,河南,新郑三中第一报名站,材料科学与工程系
022434,02161028,姬颖敏,河南,汤阴县第一中学,材料科学与工程系
020733,02161029,王博,河南,杞县高中,机械工程系
020674,02161030,马琛,河南,中原油田第一中学,机械工程系
020764,02161031,王鉴,河南,清丰县一中,精密仪器与机械学系
020704,02161032,张潇,河南,平舆县第一高级中学,机械工程系
021008,02161033,黄挺,河南,安阳市第一中学,汽车工程系
021037,02161034,黄琼,河南,许昌县二高,汽车工程系
021038,02161035,王俊华,河南,周口市商水县一高,汽车工程系
020857,02161036,苏柯,河南,新乡市铁一中,精密仪器与机械学系
020828,02161037,晁沛荫,河南,许昌高中,精密仪器与机械学系
022213,02161038,宋伟明,河南,伊川县第一高中,工程力学系
020947,02161039,王晓录,河南,襄城县一高,热能工程系
020975,02161040,吴彦奇,河南,郾城县第一高级中学,热能工程系
021235,02161041,贾慧敏,河南,外语中学,电机工程与应用电子技术系
021164,02161042,吴潇文,河南,鹤壁高中,电机工程与应用电子技术系
021198,02161043,娄彦涛,河南,睢县高级中学,电机工程与应用电子技术系
021268,02161044,贾曦,河南,河南油田第一中学,电机工程与应用电子技术系
021855,02161045,牛鹏波,河南,林州市第一中学,自动化系
021949,02161046,杨军朝,河南,安阳县第一中学,自动化系
021928,02161047,唐大为,河南,中原油田第一中学,自动化系
021877,02161048,陟晶,河南,信阳高中,自动化系
021901,02161049,严历,河南,信阳高中,自动化系
021398,02161050,荣幸,河南,外语中学,电子工程系
021334,02161051,孟进,河南,开封高中,电子工程系
021300,02161052,安达,河南,焦作市第一中学,电子工程系
021366,02161053,刘小超,河南,临颍县第一高级中学,电子工程系
021716,02161054,吴硕,河南,郑州一中,计算机科学与技术系
021776,02161055,张风妍,河南,延津县一中,计算机科学与技术系
021650,02161056,赵庆亮,河南,濮阳市第一高级中学,计算机科学与技术系
021745,02161057,李世杰,河南,中原油田第一中学,计算机科学与技术系
021804,02161058,武越川,河南,河南省南乐县第一高级,计算机科学与技术系
021679,02161059,张兆雷,河南,虞城县高中,计算机科学与技术系
021746,02161060,刘帆,河南,社旗县一高,计算机科学与技术系
021465,02161061,薛重阳,河南,灵宝一高,电子工程系
021495,02161062,熊幼芽,河南,同等学历报考,电子工程系
021496,02161063,吕浩,河南,泌阳县第一高级中学,电子工程系
021466,02161064,陈晨,河南,南阳市第一中学,电子工程系
023239,02161065,姚俊杰,河南,光山县第二高级中学,医学院
020260,02161066,李鹭飞,河南,中原油田第一中学,建筑系
020324,02161067,罗大坤,河南,夏邑县高级中学,建筑系
020452,02161068,王新昌,河南,叶县第一高级中学,土木工程系
020351,02161069,曹鹏,河南,安阳市第一中学,土木工程系
020387,02161070,张高明,河南,灵宝一高,土木工程系
020352,02161071,程书剑,河南,周口市太康县一高,土木工程系
020482,02161072,赵婧,河南,平顶山市第一中学,水利水电工程系
020514,02161073,孟昌波,河南,濮阳市第一高级中学,水利水电工程系
020544,02161074,吴蒙,河南,郾城县第一高级中学,水利水电工程系
020545,02161075,赵昕,河南,南阳市第一中学,水利水电工程系
020608,02161076,马友梅,河南,郑州第十一中学,环境科学与工程系
020609,02161077,秦纪伟,河南,辉县市一中,环境科学与工程系
020576,02161078,申利娜,河南,内黄县第一中学,环境科学与工程系
022275,02161079,高思亮,河南,新乡市一中,化学工程系
022276,02161080,张玉坤,河南,西华县第一高中,化学工程系
022301,02161081,郭晨怿,河南,信阳高中,化学工程系
022302,02161082,姜骥,河南,信阳高中,化学工程系
021101,02161083,高阳,河南,郑州一中,工业工程系
021129,02161084,万宏伟,河南,临颍县第一高级中学,工业工程系
021130,02161085,李静,河南,民权县重点高中,工业工程系
022823,02161086,周全,河南,中原油田第二中学,经济管理学院
022908,02161087,黄琼艳,河南,许昌县一高,经济管理学院
022948,02161088,梁刚强,河南,禹州第三高级中学,经济管理学院
022949,02161089,潘玮,河南,信阳高中,经济管理学院
022909,02161090,夏昊,河南,商城县县高中,经济管理学院
020880,02161091,陈亮,河南,中原油田第一中学,精密仪器与机械学系
020881,02161092,王生利,河南,清丰县一中,精密仪器与机械学系
020882,02161093,陈俊收,河南,河南省南乐县第一高级,精密仪器与机械学系
020883,02161094,韩逸飞,河南,许昌县实验中学,精密仪器与机械学系
020884,02161095,鲁晓佩,河南,夏邑县高级中学,精密仪器与机械学系
020885,02161096,胥清化,河南,周口市商水县一高,精密仪器与机械学系
020886,02161097,殷松峰,河南,河南省淮阳中学,精密仪器与机械学系
022192,02161098,张文钰,河南,新郑二中第一报名站,工程力学系
022193,02161099,陈福,河南,商丘市第一高级中学,工程力学系
022194,02161100,郭昊,河南,西华县第一高中,工程力学系
022105,02161101,冯瑜,河南,,工程物理系
022106,02161102,赵海龙,河南,,工程物理系
022107,02161103,黄尊,河南,,工程物理系
020139,02340014,李佟巍,河南,洛阳轴承集团有限公司第一中学,美术学院
020003,02340019,王圣伟,河南,郑州铁路职工子弟第六中学,美术学院
020112,02340021,张灿,河南,河南省开封市河南大学附中,美术学院
020160,02340110,郭婧,河南,焦作市第一中学,美术学院
020208,02340153,樊云山,河南,新乡铁路职工子弟第一中学,美术学院
023130,02150001,赵钟伟,山东,利津县一中,法学院
023131,02150002,陈景栋,山东,昌乐一中,法学院
023099,02150003,毕佳慧,山东,威海一中,法学院
023132,02150004,赵滕,山东,日照一中,法学院
023100,02150005,陈军超,山东,五莲一中,法学院
022995,02150006,胡琳琳,山东,诸城繁华中学,中国语言文学系
022996,02150007,马隆祥,山东,寿光二中,中国语言文学系
022997,02150008,刘晓玲,山东,昌邑文山中学,中国语言文学系
022998,02150009,夏珺,山东,新泰一中,中国语言文学系
023035,02150010,王琛,山东,潍坊二中,外语系
023036,02150011,李志亭,山东,寿光一中,外语系
023037,02150012,秦玺,山东,沂水一中,外语系
023073,02150013,曲越,山东,牟平一中,外语系
023074,02150014,张艳,山东,北镇中学,外语系
023168,02150015,郭燕燕,山东,昌邑一中,传播系
023169,02150016,安世者,山东,泰安一中,传播系
023170,02150017,崔耀艺,山东,威海二中,传播系
020232,02150018,董丽慧,山东,烟台市一中,美术学院
020240,02150019,王月鹏,山东,高密一中,美术学院
021332,02151001,孙芃,山东,北京大学附属中学,电子工程系
021713,02151002,朱昊翔,山东,北京大学附属中学,计算机科学与技术系
021900,02151003,颜文韬,山东,北京师范大学附属实验中学,自动化系
022907,02151004,孙心童,山东,济南外国语学校,经济管理学院
022366,02151005,孙常库,山东,清华大学附属中学,材料科学与工程系
022570,02151006,陈韬,山东,清华大学附属中学,物理系
022549,02151007,祝玉琳,山东,清华大学附属中学,物理系
020878,02151008,王宇,山东,德州一中,精密仪器与机械学系
021618,02151009,王凯熙,山东,山东莱阳市第九中学,电子工程系
022693,02151010,隋晓锋,山东,山东莱阳市第九中学,化学系
021714,02151011,郑婧,山东,山东莱阳市第一中学,计算机科学与技术系
022597,02151012,刘荣双,山东,山东莱阳市第一中学,物理系
022660,02151013,马维祝,山东,山东莱阳市第一中学,化学系
022783,02151014,崔凯,山东,山东莱阳市第一中学,生物科学与技术系
022148,02151015,刘玉泉,山东,山东青岛二中,工程力学系
020672,02151016,齐祥超,山东,昌邑市第一中学,机械工程系
023236,02151017,张坤,山东,胜利油田第一中学,医学院
022299,02151018,臧礼广,山东,山东龙口一中,化学工程系
022399,02151019,吴华,山东,山东省试验中学,材料科学与工程系
022848,02151020,姜岳,山东,山东省实验中学,经济管理学院
022527,02151021,张乐,山东,山东省实验中学,数学科学系
020879,02151022,薛金红,山东,寿光市第一中学,精密仪器与机械学系
020673,02151023,许文虎,山东,泰安一中,机械工程系
021197,02151024,李政,山东,潍坊市第一中学,电机工程与应用电子技术系
020702,02151025,陈辰,山东,枣庄市第三中学,机械工程系
022721,02151026,耿一介,山东,山东师范大学附属中学,生物科学与技术系
021972,02151027,黄永皓,山东,山东师范大学附属中学,自动化系
023101,02151028,李洪亮,山东,安丘实验中学,法学院
023102,02151029,何一男,山东,德州一中,法学院
022460,02151030,许伟鹏,山东,文登三中,数学科学系
022495,02151031,许金兴,山东,临清一中,数学科学系
022629,02151032,赵鑫,山东,烟台市一中,物理系
022630,02151033,牟亮亮,山东,栖霞一中,物理系
022661,02151034,李信,山东,油田一中,化学系
022722,02151035,刘薛,山东,兖州局一中,生物科学与技术系
022759,02151036,慕全钦,山东,荣成一中,生物科学与技术系
022337,02151037,刘赞,山东,泰安英中,化学工程系
022432,02151038,雒风超,山东,德州一中,材料科学与工程系
022400,02151039,荣飞,山东,油田一中,材料科学与工程系
020703,02151040,王帅安,山东,莱西四中,机械工程系
020763,02151041,司书甲,山东,十化建子弟学校,精密仪器与机械学系
020793,02151042,张向祺,山东,枣庄三中,精密仪器与机械学系
020732,02151043,曲海涛,山东,牟平一中,机械工程系
020794,02151044,吕强,山东,凤城中学,精密仪器与机械学系
021036,02151045,姜辛,山东,海阳一中,汽车工程系
021007,02151046,李伟,山东,诸城一中,汽车工程系
021068,02151047,张恩栋,山东,莒县一中,汽车工程系
020827,02151048,刘振华,山东,泰安二中,精密仪器与机械学系
020856,02151049,贾蕴龙,山东,聊城一中,精密仪器与机械学系
020946,02151050,张赛,山东,外国语学校,热能工程系
020974,02151051,孙鹏,山东,淄博四中,热能工程系
020918,02151052,柳冠青,山东,成武一中,热能工程系
022007,02151053,于伟跃,山东,即墨一中,工程物理系
022008,02151054,李衍存,山东,新泰一中,工程物理系
022038,02151055,冯泽东,山东,武训中学,工程物理系
021163,02151056,王晓晖,山东,栖霞二中,电机工程与应用电子技术系
021267,02151057,刘金成,山东,临朐一中,电机工程与应用电子技术系
021233,02151058,杨学良,山东,五莲一中,电机工程与应用电子技术系
021927,02151059,于飞,山东,济南铁路一中,自动化系
021854,02151060,张超,山东,烟台市二中,自动化系
021948,02151061,王伟隽,山东,龙口一中,自动化系
021830,02151062,徐耸,山东,新泰一中,自动化系
021333,02151063,崔涛,山东,沂源一中,电子工程系
021299,02151064,赖俊杰,山东,烟台市格迈纳尔中学,电子工程系
021364,02151065,栾肇鹏,山东,莱州一中,电子工程系
021397,02151066,申文超,山东,临朐一中,电子工程系
021434,02151067,倪崇,山东,乳山一中,电子工程系
021365,02151068,丁丽,山东,临沂一中,电子工程系
021619,02151069,李汶彧,山东,烟台市二中,电子工程系
021620,02151070,赵崧,山东,兖州一中,电子工程系
021621,02151071,张增斌,山东,沂水一中,电子工程系
021622,02151072,丛林,山东,禹城一中,电子工程系
021803,02151073,盛维正,山东,青岛十七中,计算机科学与技术系
021775,02151074,毛源鑫,山东,即墨一中,计算机科学与技术系
021715,02151075,司长长,山东,枣庄三中,计算机科学与技术系
021649,02151076,庄岩,山东,潍坊一中,计算机科学与技术系
021678,02151077,刘知远,山东,新泰一中,计算机科学与技术系
021744,02151078,张伟,山东,菏泽一中,计算机科学与技术系
021559,02151079,房鹏,山东,淄博六中,电子工程系
021527,02151080,王超,山东,牟平一中,电子工程系
021589,02151081,乔一,山东,临沂一中,电子工程系
021464,02151082,陈曦,山东,夏津一中,电子工程系
023237,02151083,柳玉倩,山东,平度九中,医学院
023238,02151084,张岩,山东,高密一中,医学院
020290,02151085,李继开,山东,枣庄一中,建筑系
020259,02151086,矫俗,山东,牟平一中,建筑系
020323,02151087,闫晓璐,山东,莱阳一中,建筑系
020417,02151088,王磊,山东,莱西一中,土木工程系
020386,02151089,丁明星,山东,高密一中,土木工程系
020451,02151090,卜凡民,山东,五莲三中,土木工程系
023205,02151091,常良,山东,牟平一中,建筑技术科学系
020513,02151092,韩永臣,山东,昌邑文山中学,水利水电工程系
020543,02151093,韩凯,山东,莱芜二中,水利水电工程系
020607,02151094,战伟萍,山东,栖霞一中,环境科学与工程系
020575,02151095,徐康宁,山东,宁阳二中,环境科学与工程系
022300,02151096,马婕,山东,即墨一中,化学工程系
022243,02151097,霍健,山东,淄博实验中学,化学工程系
022273,02151098,陈元君,山东,东营市一中,化学工程系
022190,02151099,陈江涛,山东,莱州一中,工程力学系
022191,02151100,宫淼,山东,邹平一中,工程力学系
021099,02151101,吕嫄,山东,烟台市二中,工业工程系
021100,02151102,王凯,山东,莒南三中,工业工程系
022821,02151103,唐晓艳,山东,牟平一中,经济管理学院
022977,02151104,王小龙,山东,牟平一中,经济管理学院
022947,02151105,尹志远,山东,牟平一中,经济管理学院
022878,02151106,崔文治,山东,新泰一中,经济管理学院
022849,02151107,邹浩,山东,荣成一中,经济管理学院
022978,02151108,冯洋洋,山东,美澳国际学校,经济管理学院
022879,02151109,黄迎迎,山东,夏津一中,经济管理学院
022822,02151110,郑凡明,山东,巨野一中,经济管理学院
022979,02151111,刘景建,山东,油田一中,经济管理学院
022980,02151112,赵宇,山东,油田一中,经济管理学院
023057,02151113,张栋,山东,山师附中,外语系
022090,02151114,田宝贤,山东,章丘四中,工程物理系
022062,02151115,李峰,山东,滕州一中,工程物理系
020051,02340001,叶超,山东,山东省青岛第六中学,美术学院
020155,02340004,王建东,山东,山东省牟平第一中学,美术学院
020001,02340017,于海妮,山东,山东省牟平第一中学,美术学院
020067,02340029,刘蕾,山东,德州市第二中学,美术学院
020080,02340032,范川,山东,山东省青岛第六中学,美术学院
020050,02340040,耿瑞笛,山东,山东省临沂市第七中学,美术学院
020072,02340047,于珊,山东,山东省青岛第六中学,美术学院
020036,02340049,李喆,山东,山东省烟台市牟平一中艺术分校,美术学院
020153,02340053,邢冬川,山东,山东省文登第一中学,美术学院
020008,02340058,瞿甜,山东,山东省青岛市第十六中学,美术学院
020095,02340067,宋嵩,山东,山东省青岛第六中学,美术学院
020096,02340069,姚树亮,山东,山东省巨野县第一中学,美术学院
020117,02340072,纪超毅,山东,山东省青岛市第六中学,美术学院
020119,02340073,郭宁,山东,山东省青岛市第六中学,美术学院
020013,02340089,马彦,山东,威海市第二中学,美术学院
020145,02340092,李真,山东,山东省日照第一中学,美术学院
020172,02340099,张瑜,山东,即墨市第一中学,美术学院
020018,02340103,王冠,山东,齐鲁石油化工公司总校第五中学,美术学院
020023,02340105,曲鸽,山东,山东省青岛第十七中学,美术学院
020039,02340108,苏婷婷,山东,山东省威海市二中30级10班,美术学院
020161,02340113,陈慧艳,山东,山东省日照市第一中学美术组,美术学院
020041,02340120,徐妍,山东,山东省青岛市第六中学,美术学院
020028,02340122,石蕾,山东,山东省青岛第六中学,美术学院
020127,02340127,刘洁,山东,山东省日照市第一中学,美术学院
020163,02340131,张倩茹,山东,山东省济南第一中学,美术学院
020165,02340133,徐蕾,山东,山东省日照第一中学,美术学院
020043,02340134,张晓梅,山东,昌邑市文山中学,美术学院
020203,02340140,薛准,山东,山东省青岛第六中学,美术学院
020219,02340141,董博泉,山东,北京市私立京华--华诚学校,美术学院
020207,02340148,李晓,山东,山东省淄博第四中学,美术学院
020224,02340152,薛建文,山东,山东省泰安英雄山中学,美术学院
020186,02340164,王志平,山东,莒县第二中学,美术学院
020191,02340167,陈聪,山东,山东省青岛第六中学,美术学院
020192,02340169,金增辉,山东,山东省昌邑市第二中学,美术学院
021372,02221001,邓创,四川,北京大学附属中学,电子工程系
020391,02221002,康永君,四川,四川省新都一中,土木工程系
022555,02221003,周淼,四川,清华大学附属中学,物理系
022729,02221004,张轲,四川,清华大学附属中学,生物科学与技术系
022468,02221005,黄挺,四川,成都市第七中学,数学科学系
022604,02221006,漆游,四川,成都市第七中学,物理系
022856,02221007,白雪,四川,四川省成都七中,经济管理学院
020862,02221008,陈建华,四川,四川省成都市新都一中,精密仪器与机械学系
022278,02221009,敬铭轶,四川,四川省绵阳南山中学,化学工程系
020834,02221010,肖林兴,四川,四川省绵阳市绵阳中学,精密仪器与机械学系
022119,02221011,张丘岑,四川,四川省绵阳市绵阳中学,工程物理系
022556,02221012,简伟华,四川,攀枝花市第三高级中学,物理系
022500,02221015,夏昊,四川,成都市外国语学校,数学科学系
022533,02221016,张燚,四川,青白江区大弯中学,数学科学系
022501,02221017,吴志成,四川,岳池县第一中学,数学科学系
022469,02221018,韩鸿朝,四川,四川省雅安中学,数学科学系
022605,02221019,朱燮刚,四川,资中县第二中学,物理系
022640,02221020,郭家驹,四川,眉山中学,物理系
022668,02221021,程咏桃,四川,成都市石室中学,化学系
022700,02221022,冯姝,四川,四川省荣县中学,化学系
022701,02221023,易家祥,四川,宜三中,化学系
022788,02221024,施裕籍,四川,简阳市简阳中学,生物科学与技术系
022789,02221025,林鹏,四川,四川省荣县中学,生物科学与技术系
022766,02221026,任泽松,四川,四川省绵阳中学,生物科学与技术系
022790,02221027,喻海博,四川,大竹中学,生物科学与技术系
022343,02221028,周巍,四川,乐山一中,化学工程系
022344,02221029,杜鹏,四川,西昌一中,化学工程系
022441,02221030,田之滨,四川,二重高中,材料科学与工程系
022442,02221031,何庆,四川,天山路中学,材料科学与工程系
022373,02221032,黎宇坤,四川,四川省绵阳中学,材料科学与工程系
022406,02221033,张刚,四川,遂宁中学,材料科学与工程系
020680,02221034,张冠林,四川,成都市石室中学,机械工程系
020769,02221035,吴旻,四川,成都市第七中学,精密仪器与机械学系
020710,02221036,吴纯刚,四川,四川省新都县第一中学,机械工程系
020798,02221037,吴跃,四川,内江三中,精密仪器与机械学系
021016,02221038,周懿,四川,成都市树德中学,汽车工程系
021074,02221039,王伟玮,四川,青白江区大弯中学,汽车工程系
021043,02221040,林茂殊,四川,内江六中,汽车工程系
020863,02221041,刘佳,四川,成都市实验外语学校,精密仪器与机械学系
020835,02221042,李林益,四川,南充高中,精密仪器与机械学系
020951,02221043,胥波,四川,四川省绵阳中学,热能工程系
020982,02221044,谢文辉,四川,四川省绵阳中学,热能工程系
020924,02221045,罗尘丁,四川,剑阁中学,热能工程系
022217,02221046,程雪涛,四川,宜宾县一中,工程力学系
021241,02221047,石冉,四川,成都市第七中学,电机工程与应用电子技术系
021169,02221048,刘政,四川,隆昌一中,电机工程与应用电子技术系
021272,02221049,陈守川,四川,大竹中学,电机工程与应用电子技术系
021202,02221050,曾锐,四川,仁寿一中,电机工程与应用电子技术系
021836,02221051,曾昊,四川,成都市第十二中学,自动化系
021904,02221052,燕翔,四川,四川省郫县华西中学,自动化系
021881,02221053,韦奕多,四川,攀枝花矿务局一中,自动化系
021905,02221054,廖智宏,四川,南充高中,自动化系
021859,02221055,冯礼,四川,邻水中学,自动化系
021405,02221056,章浩,四川,成都市外国语学校,电子工程系
021341,02221057,朱朗,四川,广元中学,电子工程系
021441,02221058,江波,四川,内江一中,电子工程系
021307,02221059,孟巍,四川,资中县第二中学,电子工程系
021752,02221060,薛承坤,四川,成都市树德中学,计算机科学与技术系
021783,02221061,杨丰樾,四川,成都市西北中学,计算机科学与技术系
021686,02221062,郑珺,四川,自贡市蜀光中学,计算机科学与技术系
021656,02221063,康淼,四川,四川省绵阳中学,计算机科学与技术系
021812,02221064,杨欣,四川,乐山一中,计算机科学与技术系
021813,02221065,张翼,四川,乐山一中,计算机科学与技术系
021471,02221066,刘佳尧,四川,成都市外国语学校,电子工程系
021500,02221067,江宗涛,四川,二重高中,电子工程系
021532,02221068,李坤,四川,江油中学,电子工程系
021564,02221069,陈怡,四川,南充高中高坪校区,电子工程系
023246,02221070,张贵铨,四川,富顺二中,医学院
023247,02221071,杨布帆,四川,内江六中,医学院
020265,02221072,邓为,四川,成都航天中学,建筑系
020294,02221073,刘全,四川,金堂县金堂中学,建筑系
020295,02221074,冯纾苨,四川,南充高中,建筑系
020356,02221075,刘宇文,四川,什邡中学,土木工程系
020458,02221076,余天和,四川,隆昌一中,土木工程系
020392,02221077,曹雷,四川,达州市一中,土木工程系
020423,02221078,熊俊,四川,乐至县乐至中学,土木工程系
020520,02221079,关雪飞,四川,攀枝花攀钢一中,水利水电工程系
020487,02221080,付圣尧,四川,攀枝花攀钢一中,水利水电工程系
020549,02221081,刘实,四川,三台中学,水利水电工程系
020550,02221082,赵强,四川,南充高中高坪校区,水利水电工程系
020581,02221083,隋倩,四川,成都市树德中学,环境科学与工程系
020617,02221084,冯嫣,四川,南充高中,环境科学与工程系
020646,02221085,徐海宇,四川,西昌一中,环境科学与工程系
022306,02221086,胥埴伦,四川,成都市第七中学,化学工程系
022247,02221087,文程,四川,金堂县金堂中学,化学工程系
022154,02221088,李瞻,四川,崇州市崇庆中学,工程力学系
022176,02221089,王志行,四川,四川省绵阳南山中学,工程力学系
021136,02221090,沈思瀚,四川,成都市石室中学,工业工程系
021109,02221091,卓奕君,四川,内江六中,工业工程系
021110,02221092,张鳌,四川,南充高中,工业工程系
022885,02221093,舒之,四川,成都市外国语学校,经济管理学院
022828,02221094,陈俊全,四川,攀枝花攀钢一中,经济管理学院
022914,02221095,赵庆明,四川,罗江中学,经济管理学院
022915,02221096,谭丝竹,四川,四川省绵阳中学,经济管理学院
022955,02221097,孙奥,四川,南溪一中,经济管理学院
022068,02221098,王力凯,四川,成都市第七中学,工程物理系
022069,02221099,周毅,四川,自贡市蜀光中学,工程物理系
022097,02221100,曾小康,四川,井研中学,工程物理系
022070,02221101,杜华,四川,南充高中高坪校区,工程物理系
022098,02221102,何乾,四川,四川省南江中学,工程物理系
022120,02221103,黄鑫,四川,崇州市崇庆中学,工程物理系
022121,02221105,朱礼国,四川,绵竹中学,工程物理系
022122,02221106,代刚,四川,科学城一中,工程物理系
022123,02221107,何保钦,四川,宜三中,工程物理系
022124,02221108,王垠,四川,四川省雅安中学,工程物理系
023023,02230001,张为维,四川,四川外语学院附属外国语学校,中国语言文学系
020135,02340079,杨华,四川,四川省西昌市第一中学,美术学院
023104,02170001,龙俊,湖北,武汉市外国语学校,法学院
023133,02170002,苏文天,湖北,阳新县第一中学,法学院
023134,02170003,余娉,湖北,房县一中,法学院
023105,02170004,周颖,湖北,钟祥市第一中学,法学院
023135,02170005,郑雯婷,湖北,潜江中学,法学院
022999,02170006,柯鹣,湖北,其他人员,中国语言文学系
023000,02170007,汪妮,湖北,郧西县一中,中国语言文学系
023001,02170008,田曼,湖北,长阳县第一高级中学,中国语言文学系
023002,02170009,张驰,湖北,汉川市第一中学,中国语言文学系
023003,02170010,朱新林,湖北,罗田县第一中学,中国语言文学系
023004,02170011,明亮,湖北,利川市第一中学,中国语言文学系
023075,02170012,黄滢,湖北,宜昌市第一中学,外语系
023076,02170013,王晓群,湖北,荆门市龙泉中学,外语系
023077,02170014,龚远会,湖北,京山县第一高级中学,外语系
023171,02170015,陈曦,湖北,武昌区华师一附中,传播系
023172,02170016,叶君,湖北,大冶一中,传播系
023173,02170017,张玉,湖北,公安县一中,传播系
020236,02170018,熊青,湖北,阳新县第一中学,美术学院
023038,02170019,范丹丹,湖北,大冶一中,外语系
023039,02170020,李婧,湖北,宜昌市夷陵中学,外语系
023040,02170021,司红杰,湖北,襄阳县第二中学,外语系
023041,02170022,端洪菊,湖北,宜城一中,外语系
023042,02170023,刘凡,湖北,巴东县第一高级中学,外语系
022550,02171001,徐涛,湖北,湖北华中师大一附中,物理系
022824,02171002,左欣,湖北,湖北华中师大一附中,经济管理学院
021199,02171003,石武,湖北,湖北黄冈中学,电机工程与应用电子技术系
021335,02171004,苏海波,湖北,湖北荆州中学,电子工程系
022571,02171005,曾彦彰,湖北,湖北荆州中学,物理系
020419,02171006,周新炜,湖北,湖北荆州中学,土木工程系
020675,02171007,余子游,湖北,湖北武汉市二中,机械工程系
022551,02171008,张王乐鑫,湖北,湖北襄樊市第五中学,物理系
022401,02171009,周钦,湖北,武汉市第六中学,材料科学与工程系
023020,02171010,李沛,湖北,湖北武汉市外国学校,中国语言文学系
022039,02171011,蔚松,湖北,襄樊市第五中学,工程物理系
021102,02171012,付梦颖,湖北,湖北孝感高中,工业工程系
020453,02171013,葛峤,湖北,华东师大第二附中,土木工程系
021856,02171014,薛苏,湖北,清华大学附属中学,自动化系
022435,02171018,汪文立,湖北,荆州中学,材料科学与工程系
022436,02171019,王同乐,湖北,浠水县一中,材料科学与工程系
022367,02171020,卢先武,湖北,麻城市一中,材料科学与工程系
020858,02171021,陈进,湖北,武昌区水果湖中学,精密仪器与机械学系
020859,02171022,吴苏婷,湖北,武昌区省实验中学,精密仪器与机械学系
020829,02171023,任成,湖北,浠水县一中,精密仪器与机械学系
021009,02171024,张书朋,湖北,武汉市第一中学,汽车工程系
021069,02171025,饶讯,湖北,新洲区一中,汽车工程系
021070,02171026,黄俊,湖北,十堰市郧阳中学,汽车工程系
021039,02171027,贾臻,湖北,襄樊市第五中学,汽车工程系
021010,02171028,张可,湖北,公安县一中,汽车工程系
021040,02171029,魏丹,湖北,黄州区一中,汽车工程系
021071,02171030,胡雅灵,湖北,仙桃中学,汽车工程系
021165,02171031,徐彭亮,湖北,黄石二中,电机工程与应用电子技术系
021166,02171032,王奎,湖北,鄂州市高级中学,电机工程与应用电子技术系
021236,02171033,陈来军,湖北,湖北省天门中学,电机工程与应用电子技术系
021269,02171034,赵奎,湖北,湖北省天门中学,电机工程与应用电子技术系
021529,02171035,田宁,湖北,宜昌市夷陵中学,电子工程系
021560,02171036,赵崇奇,湖北,枝江市第一高级中学,电子工程系
021497,02171037,张圆成,湖北,荆门市龙泉中学,电子工程系
021467,02171038,赵端,湖北,荆门市龙泉中学,电子工程系
021591,02171039,於丰,湖北,黄梅县一中,电子工程系
021561,02171040,张会,湖北,随州市二中,电子工程系
021336,02171041,周慧,湖北,武汉市二中,电子工程系
021399,02171042,沈丞,湖北,武汉市六中,电子工程系
021367,02171043,汪洋泽,湖北,武昌区华师一附中,电子工程系
021301,02171044,廖超,湖北,咸宁高中,电子工程系
021435,02171045,曾捷,湖北,仙桃中学,电子工程系
021623,02171046,黄文韵,湖北,宜昌市第一中学,电子工程系
021624,02171047,肖晶晶,湖北,公安县一中,电子工程系
021625,02171048,陈智君,湖北,黄梅县一中,电子工程系
023106,02171049,高学文,湖北,宜都市第一高级中学,法学院
023136,02171050,宋纯星,湖北,枝江市第一高级中学,法学院
023107,02171051,钱婷,湖北,湖北省天门中学,法学院
022195,02171052,彭国良,湖北,大冶一中,工程力学系
022196,02171053,李登,湖北,巴东县第一高级中学,工程力学系
022338,02171054,王晓林,湖北,武昌区省实验中学,化学工程系
022339,02171055,陈云深,湖北,武昌区华师一附中,化学工程系
022340,02171056,陈凯,湖北,咸宁高中,化学工程系
022950,02171057,鲁慧琼,湖北,武昌区华师一附中,经济管理学院
022825,02171058,闫沁雪,湖北,武昌区华师一附中,经济管理学院
022910,02171059,唐杰慧,湖北,宜昌市夷陵中学,经济管理学院
022911,02171060,余凯,湖北,鄂州市高级中学,经济管理学院
022951,02171061,唐倩,湖北,荆门市龙泉中学,经济管理学院
022880,02171062,高雅,湖北,孝感高中,经济管理学院
022952,02171063,余亮,湖北,公安县一中,经济管理学院
021131,02171064,张晓玮,湖北,武汉市外国语学校,工业工程系
021132,02171065,瞿正兴,湖北,黄石二中,工业工程系
021103,02171066,尚晓莉,湖北,襄樊市第五中学,工业工程系
021104,02171067,尹鹏,湖北,鄂州市高级中学,工业工程系
022664,02171068,陈昱,湖北,襄樊市第四中学,化学系
022695,02171069,徐盈,湖北,襄樊市第五中学,化学系
022665,02171070,何磊,湖北,来凤县第一中学,化学系
022303,02171071,马堃,湖北,襄樊市第五中学,化学工程系
022244,02171072,杨州,湖北,仙桃中学,化学工程系
020610,02171073,胡昌杰,湖北,汉川市第一中学,环境科学与工程系
020577,02171074,聂艳波,湖北,监利县第一中学,环境科学与工程系
020641,02171075,王曦,湖北,红安县一中,环境科学与工程系
020578,02171076,王娣,湖北,黄梅县一中,环境科学与工程系
020705,02171077,朱维,湖北,武昌区华师一附中,机械工程系
020676,02171078,鲁立,湖北,华科大附中,机械工程系
020765,02171079,郑规,湖北,秭归县第一中学,精密仪器与机械学系
020734,02171080,刘颖,湖北,当阳市高级中学,机械工程系
020735,02171081,刘彬,湖北,枝江市第一高级中学,机械工程系
020795,02171082,王鹏程,湖北,南漳县第一中学,精密仪器与机械学系
021651,02171083,张汪洋,湖北,武汉市六中,计算机科学与技术系
021777,02171084,李澍,湖北,黄石二中,计算机科学与技术系
021717,02171085,姚广,湖北,枝江市第一高级中学,计算机科学与技术系
021680,02171086,屈阳,湖北,襄樊市第四中学,计算机科学与技术系
021747,02171087,曹犟,湖北,广水市第一高级中学,计算机科学与技术系
021805,02171088,孙卓,湖北,潜江中学,计算机科学与技术系
023206,02171089,王闯,湖北,孝感高中,建筑技术科学系
023207,02171090,张弘,湖北,安陆第一高级中学,建筑技术科学系
023208,02171091,王明,湖北,黄梅县一中,建筑技术科学系
020325,02171092,邓军,湖北,南漳县第一中学,建筑系
020292,02171093,梁张倩,湖北,宜城一中,建筑系
020261,02171094,朱燕青,湖北,武穴中学,建筑系
020920,02171095,洪浩,湖北,葛洲坝高级中学,热能工程系
020976,02171096,李佳,湖北,襄樊市第四中学,热能工程系
020977,02171097,何芬,湖北,汉川市第一中学,热能工程系
020978,02171098,高阳,湖北,仙桃中学,热能工程系
020948,02171099,熊刚,湖北,湖北省天门中学,热能工程系
022760,02171100,李鹏,湖北,武汉市第二十六中学,生物科学与技术系
022785,02171101,刘毓文,湖北,宜昌市第一中学,生物科学与技术系
022761,02171102,古宏,湖北,襄樊市第四中学,生物科学与技术系
022724,02171103,饶艳华,湖北,赤壁市一中,生物科学与技术系
023240,02171104,杨帆,湖北,荆州中学,医学院
023241,02171105,李双双,湖北,松滋市第一中学,医学院
022497,02171106,王险峰,湖北,襄樊市第四中学,数学科学系
022528,02171107,李艳丽,湖北,钟祥市胡集高中,数学科学系
022529,02171108,李亮亮,湖北,鄂南高中,数学科学系
020515,02171109,李霓,湖北,枝江市第一高级中学,水利水电工程系
020546,02171110,陈长久,湖北,孝感高中,水利水电工程系
020516,02171111,程嵩,湖北,孝感高中,水利水电工程系
020483,02171112,韩国锋,湖北,孝感高中,水利水电工程系
020484,02171113,刘邦安,湖北,潜江补校,水利水电工程系
020388,02171114,何翔,湖北,新洲区一中,土木工程系
020420,02171115,柯江华,湖北,阳新县第一中学,土木工程系
020389,02171116,徐彪,湖北,公安县一中,土木工程系
020353,02171117,曾逸名,湖北,鄂南高中,土木工程系
020354,02171118,何小敏,湖北,潜江中学,土木工程系
022633,02171119,鲍华,湖北,青山区武钢三中,物理系
022599,02171120,梅佳伟,湖北,黄冈中学,物理系
022600,02171121,孙高峰,湖北,仙桃市彭场中学,物理系
023174,02171122,章轩,湖北,武汉市六中,传播系
023175,02171123,张伟特,湖北,利川市第一中学,传播系
021878,02171124,黄付卓,湖北,武汉市外国语学校,自动化系
021879,02171125,王晨,湖北,武昌区华师一附中,自动化系
021902,02171126,尚华,湖北,襄樊市第四中学,自动化系
021929,02171127,陈楠,湖北,襄樊市第五中学,自动化系
021832,02171128,王瑞涵,湖北,鄂南高中,自动化系
022108,02171129,梁天然,湖北,荆州中学,工程物理系
022109,02171130,何晓阳,湖北,鄂南高中,工程物理系
022110,02171131,王明栋,湖北,来凤县第一中学,工程物理系
022091,02171132,黄梦琦,湖北,黄石二中,工程物理系
022092,02171133,金晓明,湖北,当阳市高级中学,工程物理系
022063,02171134,周勋,湖北,湖北省沙市中学,工程物理系
022093,02171135,何以广,湖北,利川市第一中学,工程物理系
020002,02340018,李安,湖北,武汉市第六十八中学,美术学院
020056,02340020,邓婕,湖北,湖北省襄樊市第五中学,美术学院
020101,02340023,汪丹青,湖北,湖北省武汉市15中学,美术学院
020070,02340036,陈丝雨,湖北,武汉市第四十九中学,美术学院
020116,02340061,黎靖,湖北,湖北省宜昌第一中学,美术学院
020011,02340068,沈洁,湖北,武汉市第十五中学,美术学院
020120,02340074,蔡晓,湖北,湖北省武汉市第十四中学,美术学院
020123,02340090,程蓉,湖北,湖北省美术院附中,美术学院
020022,02340091,陈娟,湖北,京山县第五高级中学,美术学院
020029,02340124,吴迪,湖北,武汉市女子高级中学,美术学院
020030,02340129,温馨,湖北,武汉市第二职业教育中心学校,美术学院
020215,02340160,林子春,湖北,武汉铁路分局汉口铁路职工子弟中,美术学院
020180,02340166,梁冠兰,湖北,武汉铁路分局汉口铁路职工子弟中,美术学院
023012,02040001,李婷,山西,太原外国语学校,中国语言文学系
021151,02041001,王澍,山西,山西大学附属中学,电机工程与应用电子技术系
022542,02041002,陈超,山西,山西大学附属中学,物理系
022709,02041003,王慧,山西,山西大学附属中学,生物科学与技术系
021187,02041004,武江,山西,山西南洋国际学校,电机工程与应用电子技术系
021871,02041005,李健,山西,长治市第一中学,自动化系
022677,02041006,王昊鹏,山西,山西临汾第一中学,化学系
021917,02041007,曹强,山西,山西临汾第一中学,自动化系
021453,02041008,吕阳,山西,山西省实验中学,电子工程系
022647,02041009,鲍捷,山西,山西省实验中学,化学系
022927,02041010,张哲,山西,山西省实验中学,经济管理学院
020753,02041011,杨鑫,山西,山西省实验中学,精密仪器与机械学系
022744,02041012,邢思飞,山西,太原市第五中学,生物科学与技术系
022745,02041013,朱赟,山西,太原第五中学,生物科学与技术系
023051,02041014,尹星,山西,太原市第五中学,外语系
020562,02041015,王浩昌,山西,忻州第一中学,环境科学与工程系
021762,02041016,王昊,山西,阳泉第一中学,计算机科学与技术系
022042,02041017,常操,山西,太原成成中学校,工程物理系
023013,02041018,郭娜,山西,太原成成中学校,中国语言文学系
020438,02041019,赵瑛,山西,南洋国际,土木工程系
020530,02041020,王晨,山西,山西现代双语学校,水利水电工程系
022482,02041021,王鹏,山西,太原五中,数学科学系
020870,02041022,丁娜,山西,太原五中,精密仪器与机械学系
020249,02041023,谢宇,山西,太铁一中,建筑系
021963,02041024,王祺,山西,太原五中,自动化系
021938,02041025,赵斌,山西,实验中学,自动化系
021219,02041026,马锋,山西,实验中学,电机工程与应用电子技术系
022585,02041027,李小汾,山西,太原外国语学校,物理系
022746,02041028,苟毓凤,山西,大同一中(往),生物科学与技术系
022043,02041029,邓伟,山西,大同一中(往),工程物理系
022897,02041030,刘斯恩,山西,大同二中,经济管理学院
021116,02041031,吕芳,山西,大同一中,工业工程系
020498,02041032,郝鹏,山西,矿务局一中(往),水利水电工程系
022774,02041033,王乐,山西,浑源县一中,生物科学与技术系
022515,02041034,闫博凯,山西,阳泉一中,数学科学系
021512,02041035,张学丰,山西,阳泉一中(往),电子工程系
020689,02041036,郑伟,山西,阳泉三矿中学(往),机械工程系
022447,02041037,张智文,山西,荫营中学(往),数学科学系
022616,02041038,王波,山西,荫营中学(往),物理系
021025,02041039,李健,山西,长治市一中,汽车工程系
022184,02041040,王维,山西,长治市二中,工程力学系
020904,02041041,梁静,山西,长治市二中,热能工程系
022898,02041042,王倩,山西,潞矿中学(往),经济管理学院
020936,02041043,赵陈儒,山西,晋城一中,热能工程系
021420,02041044,陈亚宁,山西,阳城一中,电子工程系
021732,02041045,张晓阳,山西,阳城一中(往),计算机科学与技术系
020373,02041046,张超,山西,阳城一中(往),土木工程系
021733,02041047,李晶,山西,高平一中(往),计算机科学与技术系
020871,02041048,袁建国,山西,朔城区一中,精密仪器与机械学系
020531,02041049,敬书珍,山西,应县一中(往),水利水电工程系
021251,02041050,李慧军,山西,怀仁县一中,电机工程与应用电子技术系
022416,02041051,梁奕缤,山西,榆次二中(往),材料科学与工程系
021252,02041052,徐晶鑫,山西,榆次一中(往),电机工程与应用电子技术系
021387,02041053,相燕,山西,榆次二中(往),电子工程系
020722,02041054,王健,山西,介休中学,机械工程系
020628,02041055,王亭,山西,昔阳中学（应）,环境科学与工程系
020595,02041056,张志强,山西,寿阳县一中（应）,环境科学与工程系
021484,02041057,王悦,山西,太谷中学,电子工程系
020905,02041058,赵宇峰,山西,太谷中学,热能工程系
021055,02041059,王志星,山西,平遥中学,汽车工程系
022417,02041060,王婧,山西,康杰中学(往),材料科学与工程系
021085,02041061,李光明,山西,运城中学,工业工程系
022231,02041062,王向华,山西,康杰中学,化学工程系
021577,02041063,刘阳,山西,康杰中学,电子工程系
022073,02041064,李琼哲,山西,康杰中学,工程物理系
022261,02041065,杨泽,山西,康杰中学(往),化学工程系
020846,02041066,赵高峰,山西,康杰中学(往),精密仪器与机械学系
021893,02041067,侯聪,山西,康杰中学(往),自动化系
021763,02041068,王倩,山西,运城中学,计算机科学与技术系
022160,02041069,张翀,山西,康杰中学(往),工程力学系
021388,02041070,宫永生,山西,忻州一中,电子工程系
022678,02041071,张磊,山西,忻州一中,化学系
021964,02041072,袁园,山西,忻州一中,自动化系
021152,02041073,李勇,山西,原平铁路中学,电机工程与应用电子技术系
022322,02041074,范鹏伟,山西,临汾三中(往),化学工程系
021355,02041075,师峰,山西,临汾三中(往),电子工程系
022185,02041076,魏巍,山西,临汾一中,工程力学系
020339,02041077,吴鹏,山西,曲沃中学,土木工程系
020782,02041078,武雁斌,山西,孝义县中学,精密仪器与机械学系
020468,02041079,李明亮,山西,贺昌中学,水利水电工程系
020812,02041080,王志立,山西,文水中学,精密仪器与机械学系
020310,02041081,刘田,山西,方山中学,建筑系
020754,02041082,赵猛,山西,进山中学,精密仪器与机械学系
021117,02041083,孙乐,山西,太原五中,工业工程系
022808,02041084,任霄泽,山西,太原十五中,经济管理学院
020086,02340066,李贞,山西,山西省大同市第一中学校,美术学院
020125,02340115,陈爔,山西,山西省实验中学,美术学院
020210,02340157,张华萍,山西,山西太原市重机一中,美术学院
021019,02271001,邢卫军,陕西,宝鸡市宝鸡中学,汽车工程系
022132,02271002,李晶,陕西,西安市长安一中,工程物理系
020360,02271003,冯柯,陕西,西安市长安一中,土木工程系
021243,02271004,衡量,陕西,陕西省汉中中学,电机工程与应用电子技术系
022375,02271005,崔柏,陕西,西安交通大学附属中学,材料科学与工程系
022608,02271006,李缵轶,陕西,西安市第三十八中学,物理系
021862,02271007,陈向,陕西,西安铁一中,自动化系
022281,02271008,胥青,陕西,西北工业大学附属中学,化学工程系
021275,02271009,徐钊,陕西,陕西师范大学附属中学,电机工程与应用电子技术系
020650,02271010,杨慧光,陕西,陕西师范大学附属中学,环境科学与工程系
020956,02271011,沙楠,陕西,陕西师范大学附属中学,热能工程系
022794,02271012,孙路,陕西,陕西师范大学附属中学,生物科学与技术系
022734,02271013,王蓁,陕西,西安市长安一中,生物科学与技术系
021377,02271014,王鹏军,陕西,西安交通大学附属中学,电子工程系
022577,02271015,赵彦杰,陕西,西安交通大学附属中学,物理系
021172,02271016,段遥,陕西,西北工业大学附中,电机工程与应用电子技术系
021473,02271017,马伟楠,陕西,西北工业大学附中,电子工程系
022376,02271018,马静,陕西,西北工业大学附中,材料科学与工程系
021885,02271019,侯磊,陕西,西北工业大学附中,自动化系
020299,02271020,窦晶晶,陕西,西北工业大学附中,建筑系
021504,02271021,姚焕芬,陕西,西北工业大学附中,电子工程系
020803,02271022,杨波,陕西,西北工业大学附中,精密仪器与机械学系
020771,02271023,唐皓晨,陕西,西北工业大学附中,精密仪器与机械学系
022410,02271024,张睿,陕西,西北工业大学附中,材料科学与工程系
020895,02271025,闫硕,陕西,西北工业大学附中,精密仪器与机械学系
020986,02271026,刘荔,陕西,西北工业大学附中,热能工程系
022535,02271027,孙沁,陕西,西北工业大学附中,数学科学系
022133,02271028,马少骏,陕西,西北工业大学附中,工程物理系
021408,02271029,徐子乐,陕西,西北工业大学附中,电子工程系
021863,02271030,王佳,陕西,西铁分局第一子中,自动化系
022310,02271031,刘睿,陕西,西铁分局第一子中,化学工程系
022199,02271032,车征,陕西,西铁分局第一子中,工程力学系
022641,02271033,刘一,陕西,西安高级中学,物理系
020584,02271034,莫虹频,陕西,西安交通大学附中,环境科学与工程系
020524,02271035,刘登峰,陕西,西安交通大学附中,水利水电工程系
022505,02271036,于悦杉,陕西,西安交通大学附中,数学科学系
020772,02271037,王鸿博,陕西,西安交通大学附中,精密仪器与机械学系
020804,02271038,马晓晶,陕西,西安交通大学附中,精密仪器与机械学系
020651,02271039,马萧萧,陕西,黄河中学,环境科学与工程系
022858,02271040,王琛,陕西,西安中学,经济管理学院
022345,02271041,权林,陕西,西安中学,化学工程系
021597,02271042,张辉,陕西,西安中学,电子工程系
022887,02271043,宋长城,陕西,西安中学,经济管理学院
021046,02271044,冯睿嘉,陕西,陕师大附属中学,汽车工程系
020867,02271045,孟凡,陕西,陕师大附属中学,精密仪器与机械学系
020269,02271046,朱勋,陕西,陕师大附属中学,建筑系
020361,02271047,唐李雅宁,陕西,陕师大附属中学,土木工程系
022959,02271048,郭兆凡,陕西,陕师大附属中学,经济管理学院
020896,02271049,张航,陕西,陕师大附属中学,精密仪器与机械学系
022346,02271050,郭晨,陕西,高新一中,化学工程系
021566,02271051,吴建璋,陕西,高新一中,电子工程系
021343,02271052,赵欣,陕西,高新一中,电子工程系
021837,02271053,景文盼,陕西,高新一中,自动化系
021309,02271054,白丁,陕西,高新一中,电子工程系
021815,02271055,程策,陕西,高新一中,计算机科学与技术系
020836,02271056,党煜,陕西,西安煤矿机械厂子中,精密仪器与机械学系
021207,02271057,王云杉,陕西,西北五棉公司子中,电机工程与应用电子技术系
022609,02271058,李磊,陕西,庆华电器制造厂子中,物理系
021077,02271059,李悦,陕西,西飞一中,汽车工程系
022795,02271060,王云,陕西,长安一中,生物科学与技术系
023248,02271061,王战军,陕西,惠安职工子弟中学,医学院
022200,02271062,解静,陕西,户县第一中学,工程力学系
021838,02271063,韩冬,陕西,宝鸡中学,自动化系
021173,02271064,梅贞,陕西,宝鸡中学,电机工程与应用电子技术系
022670,02271065,赵孟夏,陕西,宝鸡中学,化学系
022134,02271066,祁建敏,陕西,宝鸡中学,工程物理系
020927,02271067,彭涛,陕西,凤翔中学,热能工程系
021141,02271068,张洛,陕西,渭城中学,工业工程系
020462,02271069,窦超,陕西,渭城中学,土木工程系
022536,02271070,崔韬,陕西,西北橡胶厂中学,数学科学系
022101,02271071,冯伟伟,陕西,象山中学,工程物理系
022251,02271072,方铭,陕西,榆林中学,化学工程系
022735,02271073,王维娜,陕西,榆林中学,生物科学与技术系
021660,02271074,王文迪,陕西,榆林中学,计算机科学与技术系
020491,02271075,赵敏,陕西,神木中学,水利水电工程系
020712,02271076,马蕾蕾,陕西,延安中学,机械工程系
020300,02271077,陈兴,陕西,延安中学,建筑系
021208,02271078,李博,陕西,富县一中,电机工程与应用电子技术系
020619,02271079,张宏亮,陕西,富县一中,环境科学与工程系
020740,02271080,张立钦,陕西,安康中学,机械工程系
021409,02271081,禹庆妮,陕西,安康中学,电子工程系
020428,02271082,徐世华,陕西,山阳中学,土木工程系
021690,02271083,樊照程,陕西,镇安县中学,计算机科学与技术系
020113,02340025,张杨,陕西,陕西省西安市铁路一中,美术学院
020731,02141001,周宇轩,江西,江西景德镇一中,机械工程系
022212,02141002,江俊,江西,江西省白露洲中学,工程力学系
020854,02141003,廖嵩松,江西,江西省崇仁县第一中学,精密仪器与机械学系
022005,02141004,蔡闹闹,江西,江西省九江市第一中学,工程物理系
021617,02141005,唐波,江西,江西省临川二中,电子工程系
021493,02141006,王缔郦,江西,江西省临川一中,电子工程系
021648,02141007,黎侃,江西,江西省南昌十中,计算机科学与技术系
021363,02141008,杨佳瑞,江西,江西省南昌十中,电子工程系
020606,02141009,梅锐,江西,江西省南昌二中,环境科学与工程系
020416,02141010,蒋一鸣,江西,江西省师范大学附属中学,土木工程系
020671,02141011,廖文夫,江西,清华大学附属中学,机械工程系
022459,02141012,俞毅坤,江西,广丰县中学,数学科学系
022494,02141013,甘波,江西,南丰县第一中学补习班,数学科学系
022595,02141014,李佳敏,江西,万年县中学,物理系
022596,02141015,吴苑玉,江西,资溪县第一中学,物理系
022658,02141016,王承平,江西,吉安白鹭洲中学,化学系
022659,02141017,刘娟,江西,九江市二中,化学系
022782,02141018,张驰,江西,高安中学,生物科学与技术系
022720,02141019,李志,江西,九江市一中,生物科学与技术系
022430,02141020,陈硕,江西,江西师大附中,材料科学与工程系
022365,02141021,宁星之,江西,铅山县永平铜矿子弟学校,材料科学与工程系
022398,02141022,黄智宇,江西,上饶县中学,材料科学与工程系
022431,02141023,龚嘉栋,江西,新余市第一中学,材料科学与工程系
020700,02141024,廖孟豪,江西,奉新一中,机械工程系
020792,02141025,夏子帮,江西,上饶县中学,精密仪器与机械学系
020762,02141026,吴超,江西,景德镇第一中学,精密仪器与机械学系
020701,02141027,王伟,江西,鹰潭市第一中学,机械工程系
021006,02141028,董素魁,江西,南昌十中,汽车工程系
021035,02141029,尹智帅,江西,永新县任弼时中学,汽车工程系
020826,02141030,陈盛博,江西,吉安白鹭洲中学,精密仪器与机械学系
020855,02141031,程奇峰,江西,波阳县第一中学,精密仪器与机械学系
020916,02141032,闵琪,江西,江西师大附中,热能工程系
020917,02141033,王文仲,江西,江西师大附中,热能工程系
022035,02141034,李诚,江西,玉山县第一中学,工程物理系
022036,02141035,刘婵云,江西,玉山县第一中学,工程物理系
022037,02141036,饶峰云,江西,金溪县第一中学,工程物理系
022006,02141037,高鑫,江西,九江市一中,工程物理系
021162,02141038,丁恒舟,江西,江西师大附中,电机工程与应用电子技术系
021196,02141039,袁炜嘉,江西,景德镇第一中学,电机工程与应用电子技术系
021876,02141040,戴霆,江西,南昌县莲圹一中,自动化系
021853,02141041,谭旭,江西,江西师大附中,自动化系
021898,02141042,李慧,江西,上高二中,自动化系
021899,02141043,吴昊,江西,上饶市第二中学,自动化系
021432,02141044,王睿,江西,江西师大附中,电子工程系
021395,02141045,朱昊,江西,吉安市一中,电子工程系
021396,02141046,李博,江西,九江市一中,电子工程系
021433,02141047,吴艺群,江西,鹰潭市余江县第一中学,电子工程系
021802,02141048,朱勇,江西,赣州三中,计算机科学与技术系
021774,02141049,邹兴林,江西,崇义中学,计算机科学与技术系
021677,02141050,刘乐,江西,萍乡湘东中学,计算机科学与技术系
021712,02141051,邓嘉,江西,新余市第一中学,计算机科学与技术系
021558,02141052,黎卓伟,江西,樟树中学,电子工程系
021463,02141053,黄飞,江西,广丰县中学,电子工程系
021588,02141054,周健,江西,东乡县第二中学,电子工程系
021494,02141055,陈微,江西,鹰潭市第一中学,电子工程系
021526,02141056,邱翔,江西,鹰潭市贵溪市第一中学,电子工程系
023235,02141057,沈芳,江西,高安二中,医学院
020322,02141058,梅玥,江西,南昌三中,建筑系
020258,02141059,黄怀海,江西,江西师大附中,建筑系
020289,02141060,黄逾轩,江西,景德镇第一中学,建筑系
020450,02141061,付杰,江西,进贤县一中,土木工程系
020350,02141062,黄谦,江西,南昌十中,土木工程系
020385,02141063,江中华,江西,鹰潭市贵溪市第一中学,土木工程系
020542,02141064,朱健民,江西,赣州一中,水利水电工程系
020511,02141065,陈根发,江西,赣县中学,水利水电工程系
020480,02141066,邱佳冀,江西,九江市一中,水利水电工程系
020512,02141067,缪明非,江西,鹰潭市第一中学,水利水电工程系
020574,02141068,王挺,江西,南昌二中,环境科学与工程系
020640,02141069,宁涛,江西,黎川县第一中学,环境科学与工程系
022242,02141070,叶琛,江西,抚州一中,化学工程系
022272,02141071,吴伟,江西,广昌县第一中学,化学工程系
021128,02141072,陶慧,江西,南昌县莲圹一中,工业工程系
021098,02141073,王璞,江西,金溪县第一中学,工业工程系
022877,02141074,肖华,江西,南丰县第一中学补习班,经济管理学院
022847,02141075,吴伟,江西,黎川县第一中学补习班,经济管理学院
022061,02141076,章道陵,江西,进贤县一中,工程物理系
022089,02141077,徐峤峰,江西,丰城中学,工程物理系
020876,02141078,游皓聃,江西,临川第二中学补习班,精密仪器与机械学系
020877,02141079,黄骏,江西,九江县私立陶渊明中学,精密仪器与机械学系
022188,02141080,徐国亮,江西,新建县二中,工程力学系
022189,02141081,曾志峰,江西,金溪县第一中学,工程力学系
022526,02141082,罗烜,江西,赣州三中,数学科学系
020019,02340094,汪伟华,江西,江西省景德镇二中,美术学院
022389,02101001,祝渊,江苏,华东师大第二附中,材料科学与工程系
023213,02101002,丁卢胤,江苏,江苏海安高级中学,医学院
022360,02101003,陆永浩,江苏,江苏启东中学,材料科学与工程系
022653,02101004,陆轶凡,江苏,江苏常州高级中学,化学系
021552,02101005,马启明,江苏,江苏海安高级中学,电子工程系
022815,02101006,江洁,江苏,江苏海门一中,经济管理学院
021738,02101007,李睿,江苏,江苏淮阴中学,计算机科学与技术系
021261,02101008,宋昱,江苏,南京师范大学附中,电机工程与应用电子技术系
020566,02101009,朱俊明,江苏,南京师范大学附中,环境科学与工程系
022143,02101010,陶默雷,江苏,江苏南京金陵中学,工程力学系
022903,02101011,华演,江苏,南京市金陵中学,经济管理学院
022423,02101012,陈谐,江苏,江苏南京外国语学校,材料科学与工程系
022237,02101013,殷杰,江苏,江苏南京外国语学校,化学工程系
023227,02101014,张晓梦,江苏,江苏南菁高级中学,医学院
021584,02101015,徐宇杰,江苏,江苏启东中学,电子工程系
021359,02101016,张峰,江苏,江苏启东中学,电子工程系
022567,02101017,樊向军,江苏,江苏启东中学,物理系
020472,02101018,汤博,江苏,江苏启东中学,水利水电工程系
020379,02101019,吴泳锋,江苏,江苏启东中学,土木工程系
022591,02101020,沈文,江苏,江苏前黄高级中学,物理系
021613,02101021,周鹏,江苏,江苏徐州一中,电子工程系
020757,02101022,戚瑾,江苏,江苏徐州一中,精密仪器与机械学系
022873,02101023,常旭,江苏,江苏徐州一中,经济管理学院
022390,02101025,吴章奔,江苏,江苏锡山高级中学,材料科学与工程系
021707,02101026,孙方成,江苏,南京师范大学附中,计算机科学与技术系
020316,02101027,陈璐,江苏,南师大附中,建筑系
020284,02101028,贺剑锋,江苏,江苏省前黄高级中学,建筑系
020317,02101029,王波,江苏,沭阳县华冲中学,建筑系
020285,02101030,杨晶,江苏,江苏省泰兴中学,建筑系
020344,02101031,陈笑寒,江苏,海安县曲塘中学,土木工程系
020345,02101032,高扬,江苏,江苏省启东中学,土木工程系
020444,02101033,袁相唐,江苏,江苏省启东中学,土木工程系
020380,02101034,吴开国,江苏,江苏省盐城中学,土木工程系
020411,02101035,吴晗,江苏,赣榆高级中学,土木工程系
020445,02101036,陈安邦,江苏,高邮市中学,土木工程系
020412,02101037,郑昊,江苏,江苏省靖江高级中学,土木工程系
020506,02101038,王津,江苏,江苏省华罗庚中学,水利水电工程系
020536,02101039,施文婧,江苏,江苏省如皋中学,水利水电工程系
020473,02101040,李哲,江苏,徐州市第一中学,水利水电工程系
020537,02101041,张亚,江苏,徐州市第一中学,水利水电工程系
020474,02101042,吴昊,江苏,徐州市第一中学,水利水电工程系
020567,02101043,戴威威,江苏,江苏省如东高级中学,环境科学与工程系
020603,02101044,潘晨,江苏,江苏省盐城中学,环境科学与工程系
020568,02101045,王刻文,江苏,徐州市第一中学,环境科学与工程系
020635,02101046,郭飞,江苏,铜山县侯集中学,环境科学与工程系
020788,02101047,任伟,江苏,江苏省扬中高级中学,精密仪器与机械学系
020726,02101048,翁晨阳,江苏,江苏省海安高级中学,机械工程系
020727,02101049,朱明鸣,江苏,江苏省如东高级中学,机械工程系
020695,02101050,范银龙,江苏,江苏省东台中学,机械工程系
020665,02101051,严辉,江苏,江苏省新海高级中学,机械工程系
020666,02101052,张东烨,江苏,江苏省淮阴中学,机械工程系
020851,02101053,陈喆,江苏,江苏省苏州中学,精密仪器与机械学系
020820,02101054,卢凯,江苏,江苏省泰兴中学,精密仪器与机械学系
021122,02101055,肖乾,江苏,江苏省丹阳高级中学,工业工程系
021092,02101056,郭飞,江苏,江苏省扬中高级中学,工业工程系
021093,02101057,施鹏勇,江苏,江苏省前黄高级中学,工业工程系
021123,02101058,詹乾,江苏,江苏省沭阳高级中学,工业工程系
022209,02101059,程昊,江苏,高淳高级中学,工程力学系
020943,02101060,邓京璟,江苏,江苏省海门中学,热能工程系
020912,02101061,朱宇元,江苏,江苏省海门中学,热能工程系
020969,02101062,索成涛,江苏,往届生,热能工程系
023194,02101063,薛俊伟,江苏,江苏省前黄高级中学,建筑技术科学系
023195,02101064,刘哲,江苏,江苏省南菁高级中学,建筑技术科学系
023196,02101065,刘加根,江苏,江苏省海安高级中学,建筑技术科学系
023197,02101066,张一擎,江苏,徐州市第一中学,建筑技术科学系
021063,02101067,张丽,江苏,江苏省如皋中学,汽车工程系
021031,02101068,陈徐梅,江苏,江苏省如东高级中学,汽车工程系
021064,02101069,浦倍雷,江苏,江苏省启东中学,汽车工程系
021032,02101070,付子一,江苏,徐州市第一中学,汽车工程系
021001,02101071,谷靖,江苏,江苏省泗阳中学,汽车工程系
021065,02101072,李一飞,江苏,扬州中学,汽车工程系
021226,02101073,周洁,江苏,镇江市第一中学,电机工程与应用电子技术系
021193,02101074,张熠,江苏,江苏省溧阳中学,电机工程与应用电子技术系
021227,02101075,黄海力,江苏,江苏省梁丰高级中学,电机工程与应用电子技术系
023228,02101076,李昊,江苏,南师大附中,医学院
021328,02101077,张丹华,江苏,南师大附中,电子工程系
021392,02101078,顾华,江苏,江苏省海安高级中学,电子工程系
021295,02101079,曹纭,江苏,江苏省通州高级中学,电子工程系
021393,02101080,马灵钧,江苏,江苏省海门中学,电子工程系
021428,02101081,王海军,江苏,江苏省海门中学,电子工程系
021585,02101082,张璇,江苏,江苏省常州高级中学,电子工程系
021553,02101083,朱敏,江苏,江苏省锡山高级中学,电子工程系
021458,02101084,杨斌,江苏,江苏省海安高级中学,电子工程系
021489,02101085,李城钰,江苏,江苏省如皋中学,电子工程系
021459,02101086,潘惠丹,江苏,泗洪中学,电子工程系
021522,02101087,于乐,江苏,江苏省泰州中学,电子工程系
021797,02101088,虞凡,江苏,南师大附中,计算机科学与技术系
021768,02101089,刘璐,江苏,江苏省丹阳高级中学,计算机科学与技术系
021739,02101090,朱灵,江苏,无锡市第一中学,计算机科学与技术系
021645,02101091,开毅,江苏,江苏省西亭高级中学,计算机科学与技术系
021674,02101092,倪杰人,江苏,江苏省盐城中学,计算机科学与技术系
021769,02101093,蔡子衿,江苏,江苏省淮阴中学,计算机科学与技术系
021798,02101094,巩中原,江苏,江苏省宿迁中学,计算机科学与技术系
021945,02101095,韩洋,江苏,金陵中学,自动化系
021969,02101096,姜智超,江苏,无锡市第二中学,自动化系
021896,02101097,朱见刚,江苏,江苏省江阴高级中学,自动化系
021922,02101098,姚邦鹏,江苏,江苏省盐城中学,自动化系
021826,02101099,孙浩,江苏,徐州市第三中学,自动化系
021873,02101100,程夏,江苏,江苏省淮阴中学,自动化系
021851,02101101,蔡云江,江苏,宝应县中学,自动化系
021996,02101102,王钧炎,江苏,江苏省通州高级中学,工程物理系
022027,02101103,崔伟杰,江苏,江苏省海门中学,工程物理系
021997,02101104,张海兵,江苏,江苏省滨海中学,工程物理系
021998,02101105,李理,江苏,扬州中学,工程物理系
022028,02101106,张志成,江苏,江苏省兴化中学,工程物理系
022166,02101107,刘亮,江苏,江苏省前黄高级中学,工程力学系
022144,02101108,朱舟元,江苏,无锡市第一中学,工程力学系
022267,02101109,胡彧,江苏,江苏省丹阳高级中学,化学工程系
022295,02101110,宋春亮,江苏,江苏省启东中学,化学工程系
022296,02101111,顾小军,江苏,江都市中学,化学工程系
022328,02101112,张冰清,江苏,江苏省新海高级中学,化学工程系
022329,02101113,吴遑,江苏,扬州中学,化学工程系
022424,02101114,许振刚,江苏,江苏省天一中学,材料科学与工程系
022391,02101115,黄卫,江苏,江苏省启东中学,材料科学与工程系
022361,02101116,周文灿,江苏,江苏省东台中学,材料科学与工程系
022362,02101117,叶鑫,江苏,江苏省新海高级中学,材料科学与工程系
022392,02101118,陆姗姗,江苏,江苏省泰兴中学,材料科学与工程系
022623,02101119,葛韶锋,江苏,江苏省南菁高级中学,物理系
022592,02101120,刘峥,江苏,江苏省苏州中学,物理系
022624,02101121,邹青,江苏,江苏省盐城中学,物理系
022489,02101122,赵杰,江苏,江苏省常州高级中学,数学科学系
022490,02101123,夏小雨,江苏,江苏省溧阳中学,数学科学系
022520,02101124,乔德平,江苏,江苏省大丰高级中学,数学科学系
022456,02101125,刘晔,江苏,江苏省姜堰中学,数学科学系
022686,02101126,居佳,江苏,江苏省常州高级中学,化学系
022687,02101127,贾奇,江苏,无锡市大桥实验中学,化学系
022654,02101128,孙和庆,江苏,江苏省新海高级中学,化学系
022688,02101129,陶呈安,江苏,高邮市中学,化学系
022714,02101130,蒋墨,江苏,南京外国语学校,生物科学与技术系
022779,02101131,何恺源,江苏,江苏省扬中高级中学,生物科学与技术系
022753,02101132,韩霆,江苏,南通市第一中学,生物科学与技术系
022754,02101133,程薇,江苏,江苏省淮阴中学,生物科学与技术系
022841,02101134,费盛康,江苏,江苏省镇江中学,经济管理学院
022842,02101135,贺璐,江苏,江苏省常州高级中学,经济管理学院
022816,02101136,郝恒,江苏,宜兴市官林高级中学,经济管理学院
022904,02101137,肖怡,江苏,如东县栟茶中学,经济管理学院
022938,02101138,李平,江苏,盐城市第一中学,经济管理学院
022939,02101139,胡颖,江苏,赣榆高级中学,经济管理学院
022874,02101140,朱佩佩,江苏,江苏省淮阴中学,经济管理学院
022940,02101141,杨柳曳,江苏,泰兴市往届生,经济管理学院
023052,02101142,黄丽洋,江苏,南师大附中,外语系
023053,02101143,过杨,江苏,江苏省天一中学,外语系
023054,02101144,李菁华,江苏,江苏省苏州中学,外语系
023157,02101145,张飞虎,江苏,江苏省南菁高级中学,传播系
023158,02101146,顾晶,江苏,江苏省昆山中学,传播系
023159,02101147,俞翔,江苏,江苏省海门中学,传播系
023160,02101148,彭晓明,江苏,徐州市第三中学,传播系
023161,02101149,王健,江苏,江苏省兴化中学,传播系
023119,02101150,张丹华,江苏,江苏省前黄高级中学,法学院
023089,02101151,史琪敏,江苏,江苏省宜兴中学,法学院
023090,02101152,陈科杰,江苏,江苏省梅村高级中学,法学院
023091,02101153,昝鸣玥,江苏,江苏南通中学,法学院
023120,02101154,陈晰,江苏,江苏省盐城中学,法学院
023121,02101155,王鹏,江苏,江苏省阜宁中学,法学院
023122,02101156,陶磊磊,江苏,江苏省新海高级中学,法学院
023092,02101157,徐勰,江苏,江苏省兴化中学,法学院
022989,02101158,石林刚,江苏,江苏省如皋中学,中国语言文学系
022990,02101159,吴楠,江苏,江苏省海门中学,中国语言文学系
023068,02101160,樊宇健,江苏,江苏省如东高级中学,外语系
023069,02101161,张金山,江苏,丰县二中,外语系
022084,02101162,张睿,江苏,南师大附中,工程物理系
022055,02101163,陆晓峰,江苏,江苏省梁丰高级中学,工程物理系
022085,02101164,韩滔,江苏,灌云县县报生,工程物理系
022056,02101165,樊可,江苏,睢宁县中学,工程物理系
020239,02101166,黄磊涛,江苏,江苏省如东高级中学,美术学院
020238,02101167,朱卫华,江苏,江苏省盐城中学,美术学院
020099,02340007,马清清,江苏,江苏省南京市宁海中学,美术学院
020111,02340009,钱进,江苏,江苏省南京市宁海中学,美术学院
020064,02340013,林格,江苏,江苏省南通中学,美术学院
020055,02340015,刘璐,江苏,徐州高级中学,美术学院
020062,02340016,范立,江苏,南京市金陵中学,美术学院
020141,02340024,雷家婧,江苏,江苏省句容高级中学,美术学院
020057,02340027,曲柳燕,江苏,南京铁路分局南京职工子弟中学,美术学院
020102,02340031,吕婧婧,江苏,江苏省南京市宁海中学,美术学院
020068,02340033,单筱秋,江苏,南京市宁海中学,美术学院
020105,02340044,徐晓艳,江苏,江苏省南京市宁海中学,美术学院
020124,02340098,程梵,江苏,江苏省南京市宁海中学,美术学院
020026,02340116,杨一帆,江苏,徐州高级中学,美术学院
020027,02340121,贺潇,江苏,南京市宁海中学,美术学院
021772,02131001,孙林春,福建,福州第三中学,计算机科学与技术系
020414,02131002,林斯达,福建,泉州第五中学,土木工程系
022033,02131003,林斐,福建,福州第四中学,工程物理系
022524,02131004,王磊,福建,福州第一中学,数学科学系
022944,02131005,黄诗杨,福建,龙岩第一中学,经济管理学院
021265,02131006,蔡帜,福建,莆田一中,电机工程与应用电子技术系
021743,02131007,吴伟杰,福建,福建省浦城第一中学,计算机科学与技术系
020448,02131008,聂聪,福建,三明一中,土木工程系
023018,02131009,林彦,福建,仙游一中,中国语言文学系
023128,02131010,林喆,福建,福州师范大学附属中学,法学院
022781,02131011,叶立,福建,福州师范大学附属中学,生物科学与技术系
020825,02131013,吴敏杰,福建,福州一中,精密仪器与机械学系
020853,02131014,陈常尧,福建,福州三中,精密仪器与机械学系
022364,02131015,马骋,福建,师大附中,材料科学与工程系
022396,02131016,苏梓鹏,福建,双十中学,材料科学与工程系
022428,02131017,喻志阳,福建,莆田二中,材料科学与工程系
022429,02131018,吴焜,福建,永安一中,材料科学与工程系
022397,02131019,黄金锭,福建,晋江养正中学,材料科学与工程系
021004,02131020,林恩,福建,平潭一中,汽车工程系
021034,02131021,林邦镛,福建,将乐一中,汽车工程系
021067,02131022,陈巍,福建,龙海一中,汽车工程系
021005,02131023,陈苏柳,福建,宁德一中,汽车工程系
021492,02131024,陈磊,福建,福州一中,电子工程系
021525,02131025,许晨敏,福建,仙游一中,电子工程系
021557,02131026,杨炎艺,福建,漳浦一中,电子工程系
021331,02131027,庄阳滨,福建,师大附中,电子工程系
021362,02131028,陈敏敏,福建,莆田六中,电子工程系
021298,02131029,黄海镇,福建,三明一中,电子工程系
021431,02131030,柳承文,福建,龙岩一中,电子工程系
021266,02131031,张颖,福建,福州一中,电机工程与应用电子技术系
021160,02131032,许苑,福建,师大附中,电机工程与应用电子技术系
021195,02131033,林毅,福建,仙游一中,电机工程与应用电子技术系
021232,02131034,黄少伟,福建,永春一中,电机工程与应用电子技术系
021161,02131035,王鹏洋,福建,武平一中,电机工程与应用电子技术系
023097,02131036,林航,福建,福州一中,法学院
023098,02131037,周鹭,福建,福州一中,法学院
023129,02131038,林玲,福建,莆田一中,法学院
022334,02131039,郑莹莹,福建,仙游一中,化学工程系
022335,02131040,陈亮,福建,大田一中,化学工程系
022336,02131041,林蔚杰,福建,南平一中,化学工程系
022147,02131042,卢恩巍,福建,泰宁一中,工程力学系
022169,02131043,赵神殿,福建,永春一中,工程力学系
022170,02131044,杨清侨,福建,晋江季延中学,工程力学系
022003,02131045,林劭彦,福建,双十中学,工程物理系
022004,02131046,陈淼鑫,福建,龙海二中,工程物理系
022034,02131047,饶谨,福建,上杭一中,工程物理系
022906,02131048,罗伟卿,福建,福州一中,经济管理学院
022820,02131049,郑焱晶,福建,福州一中,经济管理学院
022945,02131050,陈雯,福建,福州三中,经济管理学院
022845,02131051,林益欣,福建,莆田一中,经济管理学院
022846,02131052,吴剑毅,福建,泉州第五中学,经济管理学院
022946,02131053,吴燕波,福建,南安一中,经济管理学院
021097,02131054,林庆云,福建,福州一中,工业工程系
021126,02131055,骆舒凝,福建,福州三中,工业工程系
021127,02131056,蔡永坚,福建,晋江养正中学,工业工程系
022657,02131057,曾志阳,福建,惠安一中,化学系
022692,02131058,吴嘉嘉,福建,南星中学,化学系
022270,02131059,林彦,福建,双十中学,化学工程系
022240,02131060,施生乾,福建,大田一中,化学工程系
022241,02131061,涂丛慧,福建,东山一中,化学工程系
022271,02131062,江盛阳,福建,龙海二中,化学工程系
020638,02131063,吴洪斌,福建,双十中学,环境科学与工程系
020573,02131064,潘巍,福建,南平一中,环境科学与工程系
020605,02131065,谢兴,福建,上杭一中,环境科学与工程系
020639,02131066,邱玉琴,福建,古田县一中,环境科学与工程系
020699,02131067,郑翔,福建,师大附中,机械工程系
020729,02131068,魏涛,福建,双十中学,机械工程系
020791,02131069,陈博翁,福建,泉州第五中学,精密仪器与机械学系
020669,02131070,彭银成,福建,泉州第七中学,机械工程系
020730,02131071,叶舒恺,福建,安溪一中,机械工程系
020760,02131072,陈小明,福建,长汀一中,精密仪器与机械学系
020761,02131073,王沛庆,福建,武平一中,精密仪器与机械学系
020670,02131074,陈荣敏,福建,漳平一中,机械工程系
021647,02131075,瞿宜情,福建,三明一中,计算机科学与技术系
021801,02131076,章文标,福建,浦城一中,计算机科学与技术系
021711,02131077,许渭林,福建,长汀一中,计算机科学与技术系
021676,02131078,刘建成,福建,漳平一中,计算机科学与技术系
021773,02131079,崔为炜,福建,宁德一中,计算机科学与技术系
023201,02131080,曾子辕,福建,福州八中,建筑技术科学系
023202,02131081,余鑫,福建,武夷山一中,建筑技术科学系
023203,02131082,赖中练,福建,上杭一中,建筑技术科学系
023204,02131083,王锦华,福建,柘荣县一中,建筑技术科学系
020321,02131084,卢刘颖,福建,双十中学,建筑系
020288,02131085,何伟,福建,厦门一中,建筑系
020257,02131086,邹锦铭,福建,华安一中,建筑系
021947,02131087,潘科钥,福建,福州二中,自动化系
021926,02131088,谢雅雅,福建,双十中学,自动化系
021852,02131089,万凯航,福建,泉州第五中学,自动化系
021829,02131090,周宗伟,福建,泉州第五中学,自动化系
021971,02131091,苏学敏,福建,龙岩一中,自动化系
021875,02131092,陈柏炜,福建,上杭一中,自动化系
020540,02131093,孙秀芬,福建,科技中学,水利水电工程系
020478,02131094,连远,福建,永安一中,水利水电工程系
020509,02131095,刘苑,福建,漳州一中,水利水电工程系
020541,02131096,陈艺伟,福建,漳浦一中,水利水电工程系
020479,02131097,李爱花,福建,邵武一中,水利水电工程系
020510,02131098,陈鑫,福建,永定一中,水利水电工程系
020972,02131099,林凌南,福建,仙游一中,热能工程系
020945,02131100,饶丽灵,福建,武平一中,热能工程系
020915,02131101,黄慧剑,福建,连城一中,热能工程系
020973,02131102,郭易,福建,福安市第二中学,热能工程系
022757,02131103,黄萱,福建,双十中学,生物科学与技术系
022718,02131104,曾晨洁,福建,平和一中,生物科学与技术系
022758,02131105,林晗,福建,尤溪一中,生物科学与技术系
022719,02131106,洪端平,福建,晋江第一中学,生物科学与技术系
023233,02131107,郑燕娇,福建,莆田二中,医学院
023234,02131108,侯丽伟,福建,南安一中,医学院
022458,02131109,王文锋,福建,宁化一中,数学科学系
022493,02131110,龚若汀,福建,泉州第五中学,数学科学系
022525,02131111,王聪,福建,漳平一中,数学科学系
020348,02131112,黄佳昕,福建,福州一中,土木工程系
020383,02131113,李威,福建,师大附中,土木工程系
020449,02131114,金巍,福建,双十中学,土木工程系
020415,02131115,白云飞,福建,双十中学,土木工程系
020384,02131116,黄晞烨,福建,厦门一中,土木工程系
020349,02131117,赵丰,福建,邵武一中,土木工程系
022628,02131118,陈飞,福建,双十中学,物理系
022594,02131119,邹小龙,福建,邵武一中,物理系
020222,02340146,林金福,福建,福建省武平县第一中学,美术学院
020227,02340158,王健,福建,南平市四贤高级中学,美术学院
021443,02321001,李志诚,港澳,澳门劳工子弟学校,电子工程系
022702,02321002,赵旅龙,港澳,澳门培正中学,化学系
022961,02321003,黎宇明,港澳,澳门培正中学,经济管理学院
022917,02321004,高日明,港澳,澳门教业中学,经济管理学院
021785,02321005,何子豪,港澳,澳门濠江中学,计算机科学与技术系
023249,02321006,陈柠檬,港澳,福建晋江养正中学,医学院
022799,02321007,赵钰映,港澳,华南师范附中,生物科学与技术系
022981,02321008,蔡婉宁,港澳,海南国科园试验学校,经济管理学院
022829,02321009,欧阳辉杰,港澳,晋江养正中学,经济管理学院
021955,02321010,管鹏,港澳,北京人大附中,自动化系
023214,02321011,赵凌甲,港澳,太原试验中学,医学院
020271,02321012,黄珊,港澳,华中师范大学附属一中,建筑系
023212,02321013,胡子超,港澳,广东东莞试验中学,建筑技术科学系
020588,02321014,王雅君,港澳,福建石狮市石光中学,环境科学与工程系
020869,02321015,谭启聪,港澳,澳门圣保禄学校,精密仪器与机械学系
022314,02321016,胡活林,港澳,广东东莞中学,化学工程系
021112,02321017,黄乾富,港澳,福建省上X县第一中学,工业工程系
023021,02190001,黄曼荔,广东,广东外语外贸大学附设外语学校,中国语言文学系
023022,02191001,陈晨,广东,广东深圳外国语学校,中国语言文学系
021653,02191002,王小可,广东,广东北江中学,计算机科学与技术系
021304,02191003,周智,广东,广东佛山市第一中学,电子工程系
022574,02191004,麦建明,广东,广东佛山市第一中学,物理系
021720,02191005,戴德承,广东,广东汕头市第一中学,计算机科学与技术系
021402,02191006,张欣怡,广东,广东深圳中学,电子工程系
022883,02191007,叶华拓,广东,广东深圳中学,经济管理学院
020613,02191008,庄芫,广东,广东广州执信中学,环境科学与工程系
021750,02191009,林载辉,广东,华南师范大学附属中学,计算机科学与技术系
021271,02191010,刘田,广东,华南师范大学附属中学,电机工程与应用电子技术系
021339,02191011,陈阳,广东,华南师范大学附属中学,电子工程系
022465,02191012,朱力平,广东,华南师范大学附属中学,数学科学系
022403,02191013,宛文思,广东,深圳实验学校,材料科学与工程系
022438,02191014,傅岳鹏,广东,深圳市育才中学,材料科学与工程系
020831,02191015,崔铭常,广东,南海市石门中学,精密仪器与机械学系
020861,02191016,周爱平,广东,在广东省惠东高级中学学习,精密仪器与机械学系
021042,02191017,秦峥,广东,深圳实验学校,汽车工程系
021073,02191018,张德兆,广东,曾宪梓中学学习,汽车工程系
021013,02191019,邓学,广东,广东省梅县东山中学,汽车工程系
021168,02191020,刘肇熙,广东,深圳市翠园中学,电机工程与应用电子技术系
021238,02191021,郑昕,广东,广东肇庆中学,电机工程与应用电子技术系
021201,02191022,罗炜,广东,兴宁一中,电机工程与应用电子技术系
021563,02191023,刘晨,广东,江门一中,电子工程系
021531,02191024,李荣兴,广东,广东梅县东山中学,电子工程系
021594,02191025,郑穗欣,广东,市6中,电子工程系
021403,02191026,谭健豪,广东,开侨中学学习,电子工程系
021438,02191027,钟坚,广东,湛江第一中学,电子工程系
021371,02191028,王达,广东,江门一中,电子工程系
022341,02191029,陈锐,广东,兴宁一中,化学工程系
022342,02191030,黄振宇,广东,珠海市第一中学,化学工程系
022172,02191031,李德昌,广东,东莞中学,工程力学系
022151,02191032,秦钊,广东,深圳市南头中学,工程力学系
022152,02191033,孟宽,广东,华南师大附中,工程力学系
022173,02191034,叶宇帆,广东,华南师大附中,工程力学系
022009,02191035,马启程,广东,深圳实验学校,工程物理系
022040,02191036,余沛成,广东,深圳中学,工程物理系
022041,02191037,方侨光,广东,汕头一中,工程物理系
022827,02191038,杨景喻,广东,湛江市第二中学,经济管理学院
022954,02191039,林全宏,广东,深圳宝安中学,经济管理学院
022912,02191040,何承雄,广东,茂名市第一中学学习,经济管理学院
022884,02191041,李健,广东,中山市华侨中学,经济管理学院
022854,02191042,江魁栋,广东,广东汕头金山中学,经济管理学院
021106,02191043,汪松岳,广东,茂名市第一中学学习,工业工程系
021134,02191044,叶卫浩,广东,广东汕头金山中学,工业工程系
022065,02191045,李林森,广东,在普宁二中学习,工程物理系
022066,02191046,潘黎鹂,广东,韶关市第一中学,工程物理系
022095,02191047,庄文翠,广东,深圳中学,工程物理系
022096,02191048,曹志鹏,广东,深圳中学,工程物理系
022067,02191049,冯桂柱,广东,华南师大附中,工程物理系
022667,02191050,赵崇超,广东,在新会市第一中学学习,化学系
022304,02191051,谭璟,广东,韶关市北江中学,化学工程系
022245,02191052,王帆,广东,华南师大附中,化学工程系
020614,02191053,吴华勇,广东,潮阳市第一中学,环境科学与工程系
020579,02191054,吴中,广东,汕头一中,环境科学与工程系
020643,02191055,黄浩华,广东,龙川县第一中学,环境科学与工程系
020644,02191056,林慧,广东,深圳中学,环境科学与工程系
020708,02191057,马献德,广东,在广东省英德市英德中学学习,机械工程系
020678,02191058,李敏,广东,深圳东方英文书院,机械工程系
020767,02191059,李瑞宽,广东,化一中,精密仪器与机械学系
020797,02191060,裴大齐,广东,深圳实验学校,精密仪器与机械学系
021780,02191061,陈兴荣,广东,南海石门中学,计算机科学与技术系
021654,02191062,李炜,广东,湛江第一中学,计算机科学与技术系
021808,02191063,苏延超,广东,佛山市第一中学,计算机科学与技术系
021683,02191064,李少章,广东,广东汕头金山中学,计算机科学与技术系
021809,02191065,黄桂奋,广东,南海石门中学,计算机科学与技术系
023211,02191066,王超俊,广东,深圳中学,建筑技术科学系
020293,02191067,高强强,广东,湛江第一中学,建筑系
020327,02191068,吴铭晖,广东,在顺德市第一中学复读,建筑系
020263,02191069,汪道涵,广东,湛江第一中学,建筑系
020922,02191070,蒋婕,广东,深圳中学,热能工程系
020980,02191071,黄勇坚,广东,广东实验中学,热能工程系
022215,02191072,冯冬晖,广东,江门一中,工程力学系
022727,02191073,谢弘,广东,广东汕头华侨中学高中部学习,生物科学与技术系
022763,02191074,张玟洁,广东,执信中学,生物科学与技术系
023244,02191075,梁惠施,广东,韶关市北江中学,医学院
022531,02191076,谢泽林,广东,潮州市金山中学,数学科学系
022499,02191077,胡晓文,广东,珠海希望之星实验学校,数学科学系
020518,02191078,梁友,广东,广东梅县东山中学,水利水电工程系
020548,02191079,张幸钟,广东,河婆中学学习,水利水电工程系
020390,02191080,梁立壹,广东,华南师大附中,土木工程系
020421,02191081,江莹,广东,在顺德市第一中学高中学习,土木工程系
022603,02191082,吕戈,广东,广东高州中学,物理系
022637,02191083,李军,广东,龙城中学　,物理系
021975,02191084,林珊,广东,揭阳市第一中学,自动化系
021976,02191085,陈煜东,广东,市6中,自动化系
021951,02191086,杨燕旋,广东,广东汕头金山中学,自动化系
020009,02340063,谭慰萱,广东,深圳市高级中学,美术学院
020233,02180001,李燕,湖南,华容高培中心,美术学院
023137,02180002,罗灿,湖南,益阳市一中,法学院
023108,02180003,曹龙,湖南,郴州市二中,法学院
023109,02180004,周志军,湖南,宜章县一中,法学院
023138,02180005,樊昀,湖南,永州市四中,法学院
023005,02180006,徐欣荣,湖南,,中国语言文学系
023006,02180007,杨伟,湖南,鼎城区一中,中国语言文学系
023007,02180008,葛颖炜,湖南,汉寿县一中,中国语言文学系
023008,02180009,莫静清,湖南,涟源市一中,中国语言文学系
023009,02180010,刘晓峰,湖南,自治州民族中学,中国语言文学系
023043,02180011,黄颖谦,湖南,长郡中学,外语系
023058,02180012,张阳,湖南,雅礼中学,外语系
023059,02180013,卢薇,湖南,邵阳市一中,外语系
023060,02180014,周樱,湖南,安仁县招办报名点,外语系
023078,02180015,毛愉,湖南,望城县一中,外语系
023079,02180016,张潋,湖南,湘潭市一中,外语系
023080,02180017,卢芳,湖南,岳阳市一中,外语系
023081,02180018,刘缵,湖南,郴州市一中,外语系
023176,02180019,刘澜,湖南,雅礼中学,传播系
023177,02180020,江黎,湖南,株洲市二中,传播系
023178,02180021,李茸,湖南,湘机中学,传播系
022666,02181001,李伟,湖南,湖南长沙市长郡中学,化学系
021806,02181002,李佳文,湖南,湖南长沙市长郡中学,计算机科学与技术系
022786,02181003,彭佳,湖南,湖南长沙市长郡中学,生物科学与技术系
020611,02181004,王湘徽,湖南,湖南长沙市长郡中学,环境科学与工程系
021592,02181005,廖思立,湖南,湖南长沙市一中,电子工程系
022725,02181006,凌晨,湖南,湖南长沙市一中,生物科学与技术系
020677,02181007,罗晟,湖南,长郡中学,机械工程系
021436,02181008,邓双喜,湖南,湖南长沙市一中,电子工程系
021652,02181009,陈玥璇,湖南,湖南长沙市一中,计算机科学与技术系
022953,02181010,孙梦曦,湖南,湖南长沙市一中,经济管理学院
022463,02181011,胥望军,湖南,湖南长沙雅礼中学,数学科学系
022368,02181012,何迁,湖南,湖南师大附中,材料科学与工程系
021337,02181013,喻浩,湖南,湖南师大附中,电子工程系
021302,02181014,陈敏超,湖南,湖南师大附中,电子工程系
022572,02181015,肖维,湖南,湖南师大附中,物理系
022552,02181016,江汀,湖南,湖南师大附中,物理系
022573,02181017,唐士超,湖南,湖南师大附中,物理系
022553,02181018,杨桓,湖南,湖南师大附中,物理系
022634,02181019,钟昊宇,湖南,湖南师大附中,物理系
021681,02181020,杨旻旻,湖南,湖南长沙雅礼中学,计算机科学与技术系
021682,02181021,张一飞,湖南,湖南长沙雅礼中学,计算机科学与技术系
023061,02181022,齐汇,湖南,长郡中学,外语系
021626,02181023,欧宁,湖南,衡东县第二中学,电子工程系
021627,02181024,聂兵,湖南,祁东县二中,电子工程系
021628,02181025,钟华,湖南,岳阳县一中,电子工程系
021629,02181026,彭韶峰,湖南,双峰县一中,电子工程系
022197,02181027,张垚,湖南,邵阳市二中,工程力学系
022198,02181028,胡强,湖南,双峰县一中,工程力学系
023179,02181029,詹逸思,湖南,师大附中,传播系
023139,02181030,王永明,湖南,祁东县二中,法学院
023110,02181031,刘清,湖南,自治州招生办,法学院
023111,02181032,杨帆,湖南,永顺县招生办,法学院
023180,02181033,邵立夫,湖南,芷兰实验学校,传播系
023181,02181034,梁晶,湖南,自治州招生办,传播系
022464,02181035,李艳芳,湖南,宁乡县一中,数学科学系
022530,02181036,徐丁点,湖南,湘潭市一中,数学科学系
022498,02181037,朱慧灵,湖南,汝城县一中,数学科学系
022635,02181038,方伟,湖南,长郡中学,物理系
022601,02181039,刘端阳,湖南,衡阳县六中,物理系
022636,02181040,余炎欣,湖南,岳阳县一中,物理系
022602,02181041,于靓环,湖南,祁阳县一中,物理系
022696,02181042,肖海,湖南,长郡中学,化学系
022697,02181043,蒋振华,湖南,临武县一中,化学系
022726,02181044,丁雀英,湖南,云溪区一中,生物科学与技术系
022762,02181045,田野,湖南,怀化市三中,生物科学与技术系
022402,02181046,曾科,湖南,宁乡县一中,材料科学与工程系
022369,02181047,郑明,湖南,双峰县一中,材料科学与工程系
022437,02181048,李峥,湖南,永州市三中,材料科学与工程系
020766,02181049,谢巍,湖南,望城县雷锋学校,精密仪器与机械学系
020706,02181050,王雪凤,湖南,祁东县二中,机械工程系
020736,02181051,郭蔚,湖南,隆回一中,机械工程系
020707,02181052,邵家鑫,湖南,临澧县一中,机械工程系
020796,02181053,李斌,湖南,光明山补习学校,精密仪器与机械学系
021011,02181054,阳冬波,湖南,衡东县第二中学,汽车工程系
021041,02181055,许和北,湖南,永兴县一中,汽车工程系
021012,02181056,刘菲菲,湖南,洪江市黔阳一中,汽车工程系
021072,02181057,夏珩,湖南,溆浦县一中,汽车工程系
020860,02181058,杨博淙,湖南,长沙市一中,精密仪器与机械学系
020830,02181059,陈芳,湖南,岳阳县三中,精密仪器与机械学系
020979,02181060,张一惟,湖南,雅礼中学,热能工程系
020921,02181061,刘毅,湖南,衡南县集中报名站,热能工程系
020949,02181062,黄志民,湖南,嘉禾县一中,热能工程系
022214,02181063,申亚欧,湖南,芷江县民中,工程力学系
021237,02181064,陈江波,湖南,浏阳市一中,电机工程与应用电子技术系
021200,02181065,刘葵,湖南,耒阳市一中,电机工程与应用电子技术系
021270,02181066,张峰,湖南,南县一中,电机工程与应用电子技术系
021167,02181067,史正军,湖南,沅江市一中,电机工程与应用电子技术系
021857,02181068,李颖,湖南,岳阳市一中,自动化系
021833,02181069,徐宁,湖南,岳阳市一中,自动化系
021880,02181070,陈明,湖南,岳阳县一中,自动化系
021974,02181071,吴双,湖南,常德市一中,自动化系
021903,02181072,周鹏,湖南,资兴市市立中学,自动化系
021950,02181073,唐晨,湖南,,自动化系
021400,02181074,刘昌毅,湖南,麓山国际实验学校,电子工程系
021401,02181075,贺主,湖南,长沙市一中,电子工程系
021368,02181076,胡灵灵,湖南,衡东县欧阳遇中学,电子工程系
021303,02181077,陈希,湖南,岳阳市一中,电子工程系
021369,02181078,肖喆,湖南,华容高培中心,电子工程系
021437,02181079,胡跃明,湖南,沅江市一中,电子工程系
021338,02181080,伍凌智,湖南,安化县一中,电子工程系
021370,02181081,李明沅,湖南,安仁县一中,电子工程系
021778,02181082,刘小康,湖南,衡阳县一中,计算机科学与技术系
021779,02181083,姚岱,湖南,武岗市二中,计算机科学与技术系
021718,02181084,刘芳琴,湖南,岳阳市一中,计算机科学与技术系
021748,02181085,李智,湖南,汨罗市一中,计算机科学与技术系
021807,02181086,鲁宁,湖南,益阳市一中,计算机科学与技术系
021719,02181087,刘旭,湖南,涟源市一中,计算机科学与技术系
021749,02181088,李立群,湖南,道县一中,计算机科学与技术系
021498,02181089,伍扬,湖南,浏阳市金江学校,电子工程系
021562,02181090,韩伟,湖南,湘阴县一中,电子工程系
021468,02181091,刘煜原,湖南,冷江市一中,电子工程系
021530,02181092,陈为,湖南,双峰树人学校,电子工程系
021593,02181093,兰晓明,湖南,永兴县一中,电子工程系
023242,02181094,吴齐元,湖南,湖南经纬学校,医学院
023243,02181095,夏笛,湖南,益阳市一中,医学院
020262,02181096,欧鹏,湖南,宁乡县一中,建筑系
020326,02181097,罗彬,湖南,益阳市一中,建筑系
020454,02181098,尹谦钧,湖南,邵东县三中,土木工程系
020455,02181099,熊雄,湖南,慈利县水磨峪补校,土木工程系
020355,02181100,廖晓雄,湖南,益阳市箴言中学,土木工程系
023209,02181101,易晓勤,湖南,浏阳市田家炳中学,建筑技术科学系
023210,02181102,陈云飞,湖南,石门县一中,建筑技术科学系
020517,02181103,周兵,湖南,长沙县一中,水利水电工程系
020547,02181104,谢金明,湖南,衡东县第二中学,水利水电工程系
020485,02181105,曾成杰,湖南,沅江市一中,水利水电工程系
020612,02181106,刘隽,湖南,祁东县二中,环境科学与工程系
020642,02181107,辛焰,湖南,岳阳市一中,环境科学与工程系
022150,02181108,龚纯,湖南,双峰县一中,工程力学系
022171,02181109,王麒玮,湖南,怀铁一中,工程力学系
021105,02181110,卢稳岩,湖南,桃江县一中,工业工程系
021133,02181111,万争艳,湖南,双峰树人学校,工业工程系
022852,02181112,杨昊,湖南,雅礼中学,经济管理学院
022826,02181113,江亚琴,湖南,湘机中学,经济管理学院
022853,02181114,梁鑫,湖南,常宁市第一中学,经济管理学院
022881,02181115,余雪琴,湖南,岳化一中,经济管理学院
022882,02181116,樊智,湖南,郴州市一中,经济管理学院
022064,02181117,柏重波,湖南,同升湖国际实验学校,工程物理系
022094,02181118,黄世恩,湖南,益阳市箴言中学,工程物理系
022111,02181119,熊召,湖南,张家界市永定区招办,工程物理系
022112,02181120,陈开果,湖南,沅江市一中,工程物理系
022113,02181121,童心,湖南,沅江市一中,工程物理系
022114,02181122,刘惜涛,湖南,光明山补习学校,工程物理系
020143,02340035,姚瑜欢,湖南,湖南省岳阳市第四中学,美术学院
020104,02340038,陈琨,湖南,湖南省长沙市11中,美术学院
020079,02340046,张帅,湖南,湖南省湘潭市第一中学,美术学院
020074,02340054,李双双,湖南,湖南省醴陵市第四中学,美术学院
020083,02340060,鲁琼阳,湖南,怀化铁路总公司第一中学,美术学院
020150,02340082,罗丰,湖南,湖南省浏阳工艺美术学校,美术学院
020025,02340114,杨亦果,湖南,长沙市第十一中学,美术学院
020176,02340130,刘冰亮,湖南,湖南省岳阳市第四中学,美术学院
020204,02340142,石原,湖南,衡阳市楚南学校,美术学院
020200,02340145,赵思晴,湖南,湘潭市第十一中学,美术学院
020206,02340147,唐诗,湖南,长沙市周南中学,美术学院
020189,02340149,齐加良,湖南,湖南省常德市澧县职业中专学校,美术学院
020226,02340156,杨帅,湖南,湖南省新邵县第八中学,美术学院
020216,02340162,刘林志,湖南,湖南省安仁县第一中学,美术学院
020196,02340174,袁硕,湖南,湖南省株州市第八中学,美术学院
021135,02201001,武效萱,广西,广西师范大学附属外国语学校,工业工程系
022370,02201002,李端捷,广西,广西柳州高级中学,材料科学与工程系
021810,02201003,黄芸,广西,广西柳州铁路第一中学,计算机科学与技术系
022532,02201005,杨鑫,广西,兴安中学,数学科学系
022466,02201006,黄盛才,广西,柳州地区高中,数学科学系
022638,02201007,甘柳忠,广西,柳州地区高中,物理系
022698,02201008,刘元元,广西,北海中学,化学系
022699,02201009,艾哲哲,广西,柳州地区高中,化学系
022728,02201010,罗文瑜,广西,桂林中学,生物科学与技术系
022787,02201011,曾妮,广西,百色高中,生物科学与技术系
022764,02201012,唐小钠,广西,河池地区高中,生物科学与技术系
022439,02201013,贾文雯,广西,柳州高中,材料科学与工程系
022404,02201014,覃敏华,广西,柳州地区高中,材料科学与工程系
022440,02201015,黄祖炎,广西,玉林高中,材料科学与工程系
020737,02201016,黄少君,广西,柳州高中,机械工程系
020768,02201017,宋南海,广西,兴安中学,精密仪器与机械学系
020679,02201018,常亮,广西,玉林高中,机械工程系
021014,02201019,周卓敏,广西,灵川中学,汽车工程系
021015,02201020,刘日昌,广西,柳州地区高中,汽车工程系
020832,02201021,赵夏云,广西,阳朔中学,精密仪器与机械学系
020833,02201022,温曙光,广西,玉林高中,精密仪器与机械学系
022216,02201023,王人杰,广西,北海中学,工程力学系
020923,02201024,吴文彭,广西,廉州中学,热能工程系
020950,02201025,陆规,广西,大化高中,热能工程系
021239,02201026,黄柳强,广西,宾阳中学,电机工程与应用电子技术系
021240,02201027,彭湘杰,广西,钦州二中,电机工程与应用电子技术系
021952,02201028,余明,广西,南宁二中,自动化系
021834,02201029,梁先扬,广西,宾阳中学,自动化系
021858,02201030,黄松,广西,柳州地区高中,自动化系
021340,02201031,池琛,广西,桂林中学,电子工程系
021439,02201032,朱慧琳,广西,师大附属外语学校,电子工程系
021404,02201033,覃燕清,广西,贵港高中,电子工程系
021305,02201034,韦文,广西,宾阳中学,电子工程系
021781,02201035,韦翯钰,广西,南宁三中,计算机科学与技术系
021751,02201036,李云,广西,藤县中学,计算机科学与技术系
021721,02201037,赖春琳,广西,廉州中学,计算机科学与技术系
021684,02201038,杨秀科,广西,河池地区高中,计算机科学与技术系
021499,02201039,白沁洵,广西,桂林中学,电子工程系
021469,02201040,谭耀华,广西,桂林中学,电子工程系
021470,02201041,俸彦鸣,广西,师大附属外语学校,电子工程系
023245,02201042,玉晓敏,广西,柳州高中,医学院
020328,02201043,谭求,广西,廉州中学,建筑系
020264,02201044,李善科,广西,柳州地区高中,建筑系
020422,02201045,莫怡华,广西,桂林中学,土木工程系
020456,02201046,李杰,广西,灵川中学,土木工程系
020519,02201047,陈相铨,广西,梧州高中,水利水电工程系
020486,02201048,姚程,广西,隆林中学,水利水电工程系
020580,02201049,陈懋喆,广西,柳州二中,环境科学与工程系
020615,02201050,王静怡,广西,平桂矿务局高中,环境科学与工程系
022246,02201051,张颂怡,广西,贵港高中,化学工程系
022277,02201052,关建聪,广西,陆川中学,化学工程系
022153,02201053,潘彬彬,广西,武鸣高中,工程力学系
022174,02201054,覃庆权,广西,柳州地区高中,工程力学系
022175,02201055,曾昱,广西,河池地区高中,工程力学系
021107,02201056,向晴,广西,柳铁一中,工业工程系
021108,02201057,杨春源,广西,贵港高中,工业工程系
022913,02201058,韦黎,广西,百色高中,经济管理学院
022855,02201059,银春川,广西,罗城高中,经济管理学院
022115,02201060,唐欣,广西,防城区实验中学,工程物理系
022116,02201061,滕君锐,广西,宾阳中学,工程物理系
022117,02201062,何铁,广西,柳州地区高中,工程物理系
022118,02201063,文玉史,广西,宾阳高中,工程物理系
020887,02201064,黄冕,广西,上思中学,精密仪器与机械学系
020888,02201065,罗阳,广西,柳州高中,精密仪器与机械学系
020889,02201066,韦康,广西,都安高中,精密仪器与机械学系
020890,02201067,韦兴军,广西,罗城高中,精密仪器与机械学系
020017,02340048,黄俊勋,广西,广西恭城瑶族自治县恭城中学,美术学院
021630,02251001,陈越新,云南,曲靖市第一中学,电子工程系
020298,02251002,曹楠,云南,云南师大附中,建筑系
022503,02251003,吕择,云南,云师大附中,数学科学系
022504,02251004,李委霖,云南,云天化子弟中学,数学科学系
022607,02251005,赵德恩,云南,,物理系
022793,02251006,邓斌,云南,开远一中,生物科学与技术系
022733,02251007,张银娜,云南,丽江地区中学,生物科学与技术系
022409,02251008,师娅,云南,玉溪一中,材料科学与工程系
020894,02251009,罗清青,云南,楚雄一中,精密仪器与机械学系
020681,02251010,许悦,云南,昆三中,机械工程系
020682,02251011,张学粮,云南,个旧一中,机械工程系
020801,02251012,张夏涛,云南,瑞丽一中,精密仪器与机械学系
021076,02251013,黄露,云南,,汽车工程系
021045,02251014,杜万里,云南,宾川一中,汽车工程系
020866,02251015,何明月,云南,云师大附中,精密仪器与机械学系
020955,02251016,禄堃,云南,,热能工程系
020985,02251017,胡聪香,云南,下关一中,热能工程系
022220,02251018,李菁,云南,丽江地区中学,工程力学系
022130,02251019,王传伟,云南,,工程物理系
022131,02251020,徐刚,云南,建水一中,工程物理系
021205,02251021,白彬,云南,昆铁三中,电机工程与应用电子技术系
021206,02251022,杨鹏,云南,腾冲一中,电机工程与应用电子技术系
021884,02251023,韩毅,云南,,自动化系
021908,02251024,唐邦富,云南,昭通地区一中,自动化系
021861,02251025,叶立阳,云南,,自动化系
021407,02251026,刘伯涛,云南,昭通地区一中,电子工程系
021375,02251027,殷明,云南,邱北一中,电子工程系
021376,02251028,陈治佳,云南,实验中学,电子工程系
021689,02251029,郭良鹏,云南,云师大附中,计算机科学与技术系
021814,02251030,杨芫,云南,昆一中,计算机科学与技术系
021659,02251031,邓玉林,云南,威信一中,计算机科学与技术系
021535,02251032,张灵霖,云南,玉溪一中,电子工程系
021503,02251033,杨芝强,云南,麻粟坡一中,电子工程系
020268,02251034,郑胜兰,云南,楚雄一中,建筑系
020427,02251035,陈禄俊,云南,,土木工程系
020461,02251036,黄晓芸,云南,临沧地区中学,土木工程系
020523,02251037,黄照元,云南,宣威五中,水利水电工程系
020552,02251038,李晓琴,云南,丽江地区中学,水利水电工程系
020649,02251039,李灿,云南,昆一中,环境科学与工程系
022280,02251040,陈庭坚,云南,昆一中,化学工程系
022250,02251041,况斯薇,云南,思茅二中,化学工程系
022156,02251042,范淼淼,云南,云师大附中,工程力学系
022179,02251043,张天禄,云南,思茅二中,工程力学系
021140,02251044,宋霏,云南,云师大附中,工业工程系
022886,02251045,周宓,云南,楚雄一中,经济管理学院
020494,02311001,耶楠,新疆,新疆乌鲁木齐八一中学,水利水电工程系
020744,02311002,张文博,新疆,乌鲁木齐市兵团二中,机械工程系
020929,02311003,韩国震,新疆,新疆实验中学,热能工程系
020774,02311004,李苏东,新疆,新疆实验中学,精密仪器与机械学系
021079,02311005,张继文,新疆,乌鲁木齐市第一中学,汽车工程系
022378,02311006,元金鱼,新疆,八一中学,材料科学与工程系
021048,02311007,米春晖,新疆,米泉市一中,汽车工程系
021049,02311008,陆润寰,新疆,昌吉州第一中学,汽车工程系
021211,02311009,卢斌,新疆,伊宁市三中,电机工程与应用电子技术系
021177,02311010,汪洋,新疆,霍城县三中,电机工程与应用电子技术系
021475,02311011,赵奇,新疆,乌鲁木齐市一中,电子工程系
021536,02311012,崔翔,新疆,哈密地区二中,电子工程系
021411,02311013,宋琰琰,新疆,阿克苏地区二中,电子工程系
021442,02311014,郭慧勤,新疆,农三师中学,电子工程系
022859,02311015,冉冉,新疆,乌鲁木齐市一中,经济管理学院
022960,02311016,黄晓南,新疆,乌鲁木齐市八中,经济管理学院
021144,02311017,赵霄,新疆,石化一中,工业工程系
022672,02311018,李更,新疆,实验中学,化学系
022254,02311019,曹苏,新疆,阜康市准东一中,化学工程系
022313,02311020,刘冰,新疆,昌吉州第二中学,化学工程系
020620,02311021,彭丽娟,新疆,农业大学附中,环境科学与工程系
020587,02311022,张竞杰,新疆,哈密铁路一中,环境科学与工程系
020714,02311023,雷祥,新疆,博乐市第四中学,机械工程系
021784,02311024,张利鹏,新疆,玛纳斯县一中,计算机科学与技术系
020270,02311025,睢蔚,新疆,昌吉州第二中学,建筑系
020958,02311026,张璐,新疆,实验中学,热能工程系
020988,02311027,杨帆,新疆,石河子市二中,热能工程系
022798,02311028,崔婷,新疆,兵团二中,生物科学与技术系
022767,02311029,孟庆航,新疆,塔城额敏县农九师中学,生物科学与技术系
022474,02311030,张苑,新疆,乌鲁木齐市一中,数学科学系
020555,02311031,王延祥,新疆,哈密石油一中,水利水电工程系
020525,02311032,雒承才,新疆,哈密地区二中,水利水电工程系
020430,02311033,王甲颖,新疆,乌鲁木齐市一中,土木工程系
020364,02311034,马明军,新疆,米泉回民中学,土木工程系
021839,02311035,苏姗,新疆,昌吉州第二中学,自动化系
021840,02311036,陈刚,新疆,塔城地区第一高级中学,自动化系
021977,02311037,张路,新疆,巴州华山中学,自动化系
020775,02311038,夏帕克提江·吾守尔,新疆,实验中学,精密仪器与机械学系
022506,02281001,王耀宇,甘肃,甘肃省兰州一中,数学科学系
020957,02281002,姚兆普,甘肃,西北师大附属中学,热能工程系
020741,02281003,段皓,甘肃,西北师大附属中学,机械工程系
022472,02281005,陈广忠,甘肃,白银市实验中学,数学科学系
022671,02281006,赵璟莎,甘肃,金川公司一中,化学系
022796,02281007,孙尚瑜,甘肃,永昌县第一中学,生物科学与技术系
022377,02281008,康家晨,甘肃,兰州第一中学,材料科学与工程系
020805,02281009,张玮,甘肃,兰州铝厂中学,精密仪器与机械学系
020713,02281010,胡楷模,甘肃,庆阳第一中学,机械工程系
021078,02281011,燕辉,甘肃,兰化中小学总校一中,汽车工程系
021047,02281012,张威,甘肃,白银有色金属公司第一中学,汽车工程系
020837,02281013,曹智博,甘肃,兰炼第一中学,精密仪器与机械学系
020868,02281014,王戈杨,甘肃,兰63600部队东风中学,精密仪器与机械学系
020928,02281015,吴学智,甘肃,庆阳第一中学,热能工程系
022221,02281016,马维刚,甘肃,环县第一中学,工程力学系
021174,02281017,杨云骢,甘肃,酒钢三中,电机工程与应用电子技术系
021276,02281018,王逸飞,甘肃,景泰县第二中学,电机工程与应用电子技术系
021209,02281019,张轩丞,甘肃,镇原县屯字中学,电机工程与应用电子技术系
021932,02281020,盖坤,甘肃,兰63600部队东风中学,自动化系
021909,02281021,李健,甘肃,长庆石油勘探局二中,自动化系
021378,02281022,高晋,甘肃,白银有色金属公司第二中学,电子工程系
021410,02281023,朱晏,甘肃,天水市一中,电子工程系
021723,02281024,刘慕懿,甘肃,兰化中小学总校三中,计算机科学与技术系
021754,02281025,帅亮,甘肃,庆阳第一中学,计算机科学与技术系
021598,02281026,蒋世梁,甘肃,白银有色金属公司第一中学,电子工程系
021474,02281027,蒋锦鹏,甘肃,靖远煤业公司第一中学,电子工程系
021505,02281028,胡九宁,甘肃,庆阳第一中学,电子工程系
020429,02281029,林泊生,甘肃,西北铜加工厂职工子弟中学,土木工程系
020362,02281030,李小鹏,甘肃,岷县第一中学,土木工程系
020492,02281031,周孟夏,甘肃,兰炼第二中学,水利水电工程系
020585,02281032,岳皓峰,甘肃,金昌市第一中学,环境科学与工程系
022282,02281033,魏力,甘肃,西北师大附属中学,化学工程系
022252,02281034,李翔,甘肃,酒钢三中,化学工程系
022311,02281035,朱禹洁,甘肃,长庆石油勘探局二中,化学工程系
022157,02281036,吴成杰,甘肃,白银有色金属公司第一中学,工程力学系
021111,02281037,缑静祎,甘肃,兰63600部队东风中学,工业工程系
022888,02281038,张文斌,甘肃,民乐县第一中学,经济管理学院
022102,02281039,王川,甘肃,兰州第一中学,工程物理系
022103,02281040,张龙,甘肃,西北师大附属中学,工程物理系
022072,02281041,曹敏华,甘肃,灵台一中,工程物理系
020897,02281042,李柱,甘肃,环县第一中学,精密仪器与机械学系
020898,02281043,闫兴鹏,甘肃,庆阳第一中学,精密仪器与机械学系
020899,02281044,秦炜玮,甘肃,西峰北辰实验中学,精密仪器与机械学系
022565,02091001,张家琳,上海,复旦大学附属中学,物理系
021767,02091002,周文超,上海,复旦大学附属中学,计算机科学与技术系
022359,02091003,孙烨,上海,华东师大第二附中,材料科学与工程系
021488,02091004,张邺,上海,华东师大第二附中,电子工程系
021326,02091005,顾春晖,上海,华东师大第二附中,电子工程系
021292,02091006,陈圆明,上海,华东师大第二附中,电子工程系
022327,02091007,顾歆宇,上海,华东师大第二附中,化学工程系
022266,02091008,范华,上海,华东师大第二附中,化学工程系
022547,02091009,顾君剑,上海,华东师大第二附中,物理系
022566,02091010,顾智龙,上海,华东师大第二附中,物理系
021644,02091011,符文杰,上海,华东师大第二附中,计算机科学与技术系
020313,02091012,薛从余,上海,华东师大第二附中,建筑系
023156,02091013,李想,上海,华东师大第二附中,传播系
021921,02091014,俞向明,上海,华东师大第二附中,自动化系
021358,02091015,张捷,上海,上海复旦大学附属中学,电子工程系
020999,02091016,陈海杰,上海,上海交通大学附属中学,汽车工程系
021872,02091017,华夏,上海,上海交通大学附属中学,自动化系
021705,02091018,鲍卓唯,上海,上海复旦大学附属中学,计算机科学与技术系
021520,02091019,王智淳,上海,上海市格致中学,电子工程系
022813,02091020,何欣蔚,上海,上海市格致中学,经济管理学院
022935,02091021,石一鸣,上海,上海市格致中学,经济管理学院
021293,02091022,张乐乐,上海,上海中学,电子工程系
021192,02091023,钱炜慷,上海,上海中学,电机工程与应用电子技术系
021550,02091024,高名之,上海,上海中学,电子工程系
021425,02091025,陈昱,上海,上海中学,电子工程系
022839,02091026,卢羽佳,上海,上海中学,经济管理学院
021426,02091027,谢剑巍,上海,华东师大第二附中,电子工程系
021391,02091028,王奕鸣,上海,上海中学,电子工程系
022936,02091029,严蓉鸽,上海,大同中学,经济管理学院
022814,02091030,邓颖,上海,格致中学,经济管理学院
020253,02091031,秦子甲,上海,市八中学,建筑系
021582,02091032,李烨挺,上海,浙江省杭州高级中学,电子工程系
021968,02091033,姜佳立,上海,浙江省杭州高级中学,自动化系
022621,02091034,赵然,上海,浙江省杭州高级中学,物理系
020314,02091035,王逸茹,上海,郑州市第四中学,建筑系
020283,02091036,张思元,上海,郑州市第四中学,建筑系
022937,02091037,张佳文,上海,向明中学,经济管理学院
020725,02091038,江翔,上海,上海中学,机械工程系
022590,02091039,邵春浩,上海,上海中学,物理系
021029,02091040,包磊,上海,上海中学,汽车工程系
021294,02091041,王霄慧,上海,上海中学,电子工程系
022454,02091042,吴筱如,上海,上海中学,数学科学系
022236,02091043,金瑶华,上海,上海中学,化学工程系
022294,02091044,浦晓颖,上海,上海中学,化学工程系
022652,02091045,钟卜,上海,南洋模范,化学系
020410,02091046,陈力,上海,浙江兰溪第五中学,土木工程系
023193,02091047,顾琳,上海,延安中学,建筑技术科学系
021061,02091048,杨雨平,上海,延安中学,汽车工程系
022387,02091049,张帆,上海,延安中学,材料科学与工程系
020850,02091050,经婧,上海,省吾中学,精密仪器与机械学系
022840,02091051,陈晓颖,上海,山东省济宁市一中,经济管理学院
020634,02091052,罗以,上海,育才中学,环境科学与工程系
020254,02091053,徐知兰,上海,市西中学,建筑系
020601,02091054,应善之,上海,市西中学,环境科学与工程系
021327,02091055,沈旭栋,上海,宜川中学,电子工程系
021995,02091056,黄悠弘,上海,宜川中学,工程物理系
022208,02091057,王彦奇,上海,华师二附,工程力学系
022025,02091058,俞快,上海,华师二附,工程物理系
021551,02091059,罗贤,上海,曹杨二中,电子工程系
021737,02091060,肖勤,上海,曹杨二中,计算机科学与技术系
021521,02091061,程娱,上海,曹杨二中,电子工程系
022684,02091062,董新钰,上海,晋元中学,化学系
020443,02091063,孙文君,上海,浙江浦江第二中学,土木工程系
022142,02091064,张锴,上海,风华中学,工程力学系
022422,02091065,张申甲,上海,风华中学,材料科学与工程系
020315,02091066,徐碧颖,上海,复兴中学,建筑系
021796,02091067,徐立臻,上海,复兴中学,计算机科学与技术系
020565,02091068,唐颖,上海,上外附中,环境科学与工程系
020968,02091069,王文萍,上海,北虹中学,热能工程系
021944,02091070,陆文君,上海,淮北第二中学,自动化系
021673,02091071,杨世杰,上海,淮北第二中学,计算机科学与技术系
021260,02091072,宋恒,上海,复旦附中,电机工程与应用电子技术系
021583,02091073,顾玮莹,上海,复旦附中,电子工程系
021895,02091074,李明扬,上海,复旦附中,自动化系
021427,02091075,李爻,上海,复旦附中,电子工程系
020819,02091076,陈玲,上海,控江中学,精密仪器与机械学系
022488,02091077,李长城,上海,控江中学,数学科学系
022685,02091078,王川,上海,控江中学,化学系
022455,02091079,黄瑞宇,上海,安徽省合肥市新世纪中学,数学科学系
022751,02091080,葛烨晶,上海,安徽省合肥市新世纪中学,生物科学与技术系
021000,02091081,张东驰,上海,安徽省合肥市新世纪中学,汽车工程系
021706,02091082,周云涛,上海,安徽省合肥市新世纪中学,计算机科学与技术系
021157,02091083,郭炜,上海,闵行中学,电机工程与应用电子技术系
020693,02091084,刘羽宁,上海,江苏省镇江中学,机械工程系
022519,02091085,徐晓华,上海,吴淞中学,数学科学系
020602,02091086,包立,上海,浙江省台州中学,环境科学与工程系
020694,02091087,盛敏健,上海,进才中学,机械工程系
021062,02091088,吴雨辰,上海,进才中学,汽车工程系
022165,02091089,马宇立,上海,进才中学,工程力学系
021030,02091090,顾铮珉,上海,建平中学,汽车工程系
022026,02091091,何恺铎,上海,洋泾中学,工程物理系
021091,02091092,张宇,上海,奉贤中学,工业工程系
021225,02091093,方陈,上海,崇明中学,电机工程与应用电子技术系
020910,02091094,丁华,上海,长江农场,热能工程系
022388,02091095,应明浩,上海,兰州连城铝厂中学,材料科学与工程系
022622,02091096,潘春峰,上海,兰州连城铝厂中学,物理系
022752,02091097,吴昊,上海,兰州连城铝厂中学,生物科学与技术系
020378,02091098,钟乐,上海,兰州连城铝厂中学,土木工程系
020911,02091099,何飞,上海,南洋中学,热能工程系
020152,02340052,王晓东,上海,上海市逸夫职业技术学校华山分部,美术学院
020133,02340136,邓功成,上海,上海市大同中学,美术学院
022537,02301001,张吉华,宁夏,银川一中,数学科学系
020683,02301002,李华,宁夏,石嘴山市第三中学,机械工程系
020743,02301003,张诚,宁夏,石嘴山市第一中学,机械工程系
022224,02301004,王海东,宁夏,银川一中,工程力学系
020987,02301005,刘爱国,宁夏,石嘴山市第一中学,热能工程系
021175,02301006,张倩,宁夏,宁夏石嘴山恒力集团中学,电机工程与应用电子技术系
021176,02301007,万磊,宁夏,海原中学,电机工程与应用电子技术系
021954,02301008,马振林,宁夏,吴忠中学,自动化系
021310,02301009,孙晓军,宁夏,石嘴山矿务局一中,电子工程系
021816,02301010,曹国伟,宁夏,银川一中,计算机科学与技术系
021692,02301011,王蓉蓉,宁夏,石嘴山市第三中学,计算机科学与技术系
021567,02301012,张文砚,宁夏,银川一中,电子工程系
020463,02301013,李峰,宁夏,石嘴山市第三中学,土木工程系
020493,02301014,昌锡江,宁夏,银川九中,水利水电工程系
020554,02301015,沈宏源,宁夏,彭阳县第二中学,水利水电工程系
020652,02301016,杨春霞,宁夏,固原一中,环境科学与工程系
022312,02301017,孙晓玮,宁夏,银川九中,化学工程系
022284,02301018,高杰,宁夏,宁夏大学附属中学,化学工程系
021143,02301019,李哲,宁夏,石嘴山市第三中学,工业工程系
022797,02301020,段黎曙,宁夏,银川九中,生物科学与技术系
020770,02261001,孙群,西藏,西藏自治区拉萨中学,精密仪器与机械学系
020802,02261002,杨忆非,西藏,西藏民院其他高中往届毕业生,精密仪器与机械学系
020359,02261003,张博,西藏,山南地区区外高中应届毕业生,土木工程系
020490,02261004,旦增拉贵,西藏,西藏自治区拉萨中学,水利水电工程系
020396,02261005,顾春燕,西藏,天津市红光中学,土木工程系
020397,02261006,祈泉泉,西藏,天津市红光中学,土木工程系
022473,02291001,孙鹏,青海,湟川中学,数学科学系
020742,02291002,王守刚,青海,师大附中,机械工程系
020773,02291003,蒲龙翔,青海,平安一中,精密仪器与机械学系
022222,02291004,魏玮,青海,山东省中学,工程力学系
022223,02291005,曹晨,青海,湟川中学,工程力学系
021244,02291006,任启德,青海,湟川中学,电机工程与应用电子技术系
021210,02291007,刘捷,青海,湟川中学,电机工程与应用电子技术系
021886,02291008,苏宇,青海,油田实验中学,自动化系
021344,02291009,马存庆,青海,柯柯铁中,电子工程系
021691,02291010,丛锡兴,青海,山东省中学,计算机科学与技术系
021661,02291011,管涛,青海,敦煌基地中学,计算机科学与技术系
021506,02291012,杨宇,青海,湟川中学,电子工程系
020363,02291013,彭杰,青海,河南省中学,土木工程系
020301,02291014,李冰,青海,河北省中学,建筑系
020553,02291015,祁善斌,青海,格尔木二中,水利水电工程系
020586,02291016,张帆,青海,湟川中学,环境科学与工程系
022253,02291017,林楠,青海,湟川中学,化学工程系
022283,02291018,王显超,青海,山东省中学,化学工程系
021142,02291019,陈丽曼,青海,铁路三中,工业工程系
022010,02231001,邓力立,重庆,西南师范大学附属中学,工程物理系
020618,02231002,肖康,重庆,西南师范大学附属中学,环境科学与工程系
020459,02231003,徐炜,重庆,西南师范大学附属中学,土木工程系
022575,02231004,伍荣翔,重庆,重庆市南开中学,物理系
022557,02231005,廖颖,重庆,重庆市南开中学,物理系
020983,02231006,汤英杰,重庆,重庆市巴蜀中学,热能工程系
021565,02231007,毛帅,重庆,重庆市第一中学,电子工程系
022956,02231008,李博,重庆,重庆市第一中学,经济管理学院
021931,02231009,刘铂涵,重庆,重庆市第一中学,自动化系
022957,02231010,彭雨瀟,重庆,重庆市南开中学,经济管理学院
020393,02231011,罗志弘,重庆,重庆市南开中学,土木工程系
022534,02231012,申孟宜,重庆,重庆市四川省外国语学校,数学科学系
020952,02231013,吴畏,重庆,重庆市铜梁中学,热能工程系
021242,02231014,廖永力,重庆,重庆市育才中学,电机工程与应用电子技术系
022576,02231015,周勃,重庆,重庆市西南师范大学附属中学,物理系
021657,02231016,康劲,重庆,重庆市巴蜀中学,计算机科学与技术系
021137,02231017,吴星玮,重庆,重庆市巴蜀中学,工业工程系
022916,02231018,李玲,重庆,重庆市巴蜀中学,经济管理学院
020799,02231019,刘梅,重庆,重庆市巴蜀中学,精密仪器与机械学系
020738,02231020,夏耘,重庆,重庆市巴蜀中学,机械工程系
022791,02231021,杨喆,重庆,重庆市巴蜀中学,生物科学与技术系
021138,02231022,黎艳,重庆,重庆市巴蜀中学,工业工程系
021753,02231023,林静,重庆,重庆市巴蜀中学,计算机科学与技术系
021203,02231024,苏辛一,重庆,重庆市南开中学,电机工程与应用电子技术系
022502,02231025,王浩然,重庆,重庆市南开中学,数学科学系
020331,02231026,马可,重庆,重庆市南开中学,建筑系
021170,02231027,徐旭,重庆,重庆市南开中学,电机工程与应用电子技术系
022218,02231028,刘晓伟,重庆,重庆市南开中学,工程力学系
020925,02231029,蒋斌,重庆,重庆市南开中学,热能工程系
020488,02231030,张庆,重庆,重庆市南开中学,水利水电工程系
021017,02231031,张玥,重庆,重庆市南开中学,汽车工程系
020521,02231032,徐仿,重庆,重庆市南开中学,水利水电工程系
020647,02231033,李睿,重庆,重庆市南开中学,环境科学与工程系
022248,02231034,李迪川,重庆,重庆市南开中学,化学工程系
021373,02231035,李烨,重庆,重庆市南开中学,电子工程系
021722,02231036,陈果,重庆,重庆市南开中学,计算机科学与技术系
020551,02231037,高原,重庆,重庆市第八中学,水利水电工程系
022730,02231038,李铭曦,重庆,重庆市第八中学,生物科学与技术系
021533,02231039,穆轶,重庆,重庆市第八中学,电子工程系
021308,02231040,董智,重庆,重庆市第一中学,电子工程系
021342,02231041,邹勇,重庆,重庆市第一中学,电子工程系
022307,02231042,胡晓,重庆,重庆市第一中学,化学工程系
021906,02231043,许鑫,重庆,重庆市第一中学,自动化系
020864,02231044,陈昶,重庆,重庆市第一中学,精密仪器与机械学系
022374,02231045,王洪恩,重庆,重庆市第一中学,材料科学与工程系
021687,02231046,程志力,重庆,重庆市第一中学,计算机科学与技术系
022958,02231047,石菊,重庆,重庆市育才中学,经济管理学院
020424,02231048,蒋燕,重庆,重庆市第十一中学,土木工程系
022669,02231049,张易,重庆,重庆市第十一中学,化学系
022470,02231050,刘峻豪,重庆,西南师范大学附中,数学科学系
022177,02231051,陈晓波,重庆,长寿中学,工程力学系
020266,02231052,邹霄,重庆,江津中学,建筑系
021075,02231053,田纪宇,重庆,江津中学,汽车工程系
020425,02231054,古传东,重庆,江津中学,土木工程系
022792,02231055,柳微,重庆,重庆市合川中学,生物科学与技术系
021472,02231056,肖朝洋,重庆,潼南县中学,电子工程系
020296,02231057,黄一芮,重庆,潼南县中学,建筑系
020394,02231058,徐春,重庆,铜梁中学,土木工程系
021860,02231059,吴斌,重庆,铜梁中学,自动化系
021882,02231060,林小竹,重庆,永川中学,自动化系
021273,02231061,龙凯华,重庆,梁平县中学,电机工程与应用电子技术系
020953,02231062,李黎鑫,重庆,云阳中学,热能工程系
021501,02231063,陈润,重庆,万县市第二中学,电子工程系
022125,02231064,黄强,重庆,重庆市巴蜀中学,工程物理系
022126,02231065,蒲昱东,重庆,重庆市南开中学,工程物理系
022099,02231066,毕树茂,重庆,重庆市第一中学,工程物理系
022071,02231067,朱睿,重庆,重庆市清华中学,工程物理系
022100,02231068,汪量子,重庆,石柱县中学,工程物理系
022127,02231069,严雄伟,重庆,万县市第二中学,工程物理系
023062,02231070,岳海,重庆,重庆市第一中学,机械工程系
020357,02231071,杨金林,重庆,重庆市南开中学,土木工程系
020582,02231072,王觅,重庆,重庆市南开中学,环境科学与工程系
022308,02231073,李江昕,重庆,重庆市第七中学,化学工程系
020460,02231074,肖潇,重庆,重庆市南开中学,土木工程系
021595,02231075,朱睿,重庆,重庆市育才中学,电子工程系
020156,02340005,戴曦,重庆,荣昌中学,美术学院
020021,02340096,陈娅莉,重庆,重庆市綦江中学,美术学院
020218,02340175,马志科,重庆,西南师范大学附属中学校,美术学院
022554,02211001,黄扬帆,海南,海南国科园实验学校,物理系
021440,02211002,林苗,海南,海南省海南中学,电子工程系
021811,02211003,朱允敏,海南,海南省海南中学,计算机科学与技术系
021655,02211004,冯斌全,海南,海南省海南中学,计算机科学与技术系
022371,02211005,周武,海南,海南省海南中学,材料科学与工程系
022467,02211006,谢海平,海南,海南国科园学校,数学科学系
022639,02211007,黄俊,海南,外省借读学校,物理系
022765,02211008,严冬雪,海南,外省借读学校,生物科学与技术系
022405,02211009,胡增辉,海南,外省借读学校,材料科学与工程系
022372,02211010,刘莎,海南,外省借读学校,材料科学与工程系
020709,02211011,詹皓,海南,外省借读学校,机械工程系
020981,02211012,陈星,海南,文昌市文昌中学,热能工程系
021835,02211013,吴艳艳,海南,海南中学,自动化系
021953,02211014,王林林,海南,琼海市加积中学,自动化系
021930,02211015,高昌谋,海南,东方市八所中学,自动化系
021306,02211016,王树徽,海南,海南中学,电子工程系
021685,02211017,郑亚斌,海南,外省借读学校,计算机科学与技术系
021782,02211018,陈崇冀,海南,东方市八所中学,计算机科学与技术系
020329,02211019,张烨,海南,海南中学,建筑系
020330,02211020,于楠,海南,外省借读学校,建筑系
020457,02211021,李超,海南,外省借读学校,土木工程系
020616,02211022,文学,海南,海南中学,环境科学与工程系
020645,02211023,邱安顺,海南,文昌市文昌中学,环境科学与工程系
022305,02211024,胡淼,海南,外省借读学校,化学工程系
023082,02211025,王冬冬,海南,海南中学,外语系
020106,02340070,韩旭,海南,海南省海口市海南师范学院附中,美术学院
021320,02031001,许鹏,河北,北京师范大学附属实验中学,电子工程系
020560,02031002,李鑫,河北,邯郸市第一中学,环境科学与工程系
022896,02031003,李硕,河北,秦皇岛第一中学,经济管理学院
021870,02031004,苏衡,河北,秦皇岛第一中学,自动化系
021543,02031005,张华,河北,河北石家庄市新华区第二中学,电子工程系
022559,02031006,齐放,河北,河北石家庄市新华区第二中学,物理系
022481,02031007,何伟,河北,河北石家庄市新华区第二中学,数学科学系
021847,02031008,郝立涛,河北,河北石家庄市新华区第二中学,自动化系
021150,02031009,刘松,河北,河北石家庄市新华区第二中学,电机工程与应用电子技术系
021823,02031010,余泓,河北,河北石家庄市新华区第二中学,自动化系
021961,02031011,吕一松,河北,河北石家庄市新华区第二中学,自动化系
022320,02031012,王思邈,河北,河北石家庄市第一中学,化学工程系
021987,02031013,史文卿,河北,河北石家庄市第一中学,工程物理系
020594,02031014,邢佳,河北,河北石家庄市第一中学,环境科学与工程系
023220,02031015,娄彬,河北,河北唐山市第一中学,医学院
020721,02031016,王若曈,河北,河北张家口市宣化一中,机械工程系
020811,02031017,王威,河北,清华大学附属中学,精密仪器与机械学系
022560,02031018,张剑,河北,清华大学附属中学,物理系
022511,02031019,孙鹏谊,河北,唐山市第一中学,数学科学系
022512,02031020,刘垚,河北,秦皇岛市第一中学,数学科学系
022583,02031021,王天时,河北,秦皇岛市第一中学,物理系
022584,02031022,冯峰,河北,沧州市市区第一中学,物理系
022742,02031023,唐晓芳,河北,唐山市第一中学,生物科学与技术系
022773,02031024,郑颖,河北,唐山迁安市第一中学,生物科学与技术系
022743,02031025,刘连池,河北,保定市涞水祖冲之中学,生物科学与技术系
022321,02031026,王玉婷,河北,秦皇岛市第一中学,化学工程系
022352,02031027,赵昆,河北,唐山市第一中学,材料科学与工程系
022383,02031028,吕方,河北,张家口市第一中学,材料科学与工程系
020780,02031029,刘建生,河北,玉田县第一中学,精密仪器与机械学系
020660,02031030,潘晖,河北,秦皇岛市第一中学,机械工程系
020661,02031031,张利,河北,廊坊大厂回民中学,机械工程系
020781,02031032,刘苹,河北,确话州市一中,精密仪器与机械学系
021054,02031033,李立国,河北,唐山市遵化市第一中学,汽车工程系
020844,02031034,曹辉宪,河北,正定中学,精密仪器与机械学系
020845,02031035,佟磊,河北,唐山市第一中学,精密仪器与机械学系
020962,02031036,张海雷,河北,承德市丰宁县一中,热能工程系
022204,02031037,郭强,河北,河北衡水中学,工程力学系
022016,02031038,张超,河北,唐山市第一中学,工程物理系
021988,02031039,曹双僖,河北,唐山市滦县第一中学,工程物理系
021250,02031040,刘莉飞,河北,二中,电机工程与应用电子技术系
021185,02031041,王剑飞,河北,玉田县第一中学,电机工程与应用电子技术系
021218,02031042,王向朋,河北,保定市安国中学,电机工程与应用电子技术系
021186,02031043,唐亚楠,河北,涿鹿中学,电机工程与应用电子技术系
021962,02031044,李海波,河北,唐山市第一中学,自动化系
021892,02031045,曲睿,河北,秦皇岛市第一中学,自动化系
021916,02031046,周鑫,河北,邢台市临西县临西一中,自动化系
021354,02031047,李聪,河北,二中,电子工程系
021419,02031048,张汉毅,河北,石家庄市辛集中学,电子工程系
021386,02031049,陈超,河北,秦皇岛市第一中学,电子工程系
021285,02031050,张冬梅,河北,河北武邑县中学,电子工程系
021761,02031051,李智超,河北,唐山市第一中学,计算机科学与技术系
021731,02031052,张丙军,河北,保定市徐水综合高中,计算机科学与技术系
021699,02031053,许磊,河北,保定市涞源一中,计算机科学与技术系
021638,02031054,曲直,河北,承德市丰宁县一中,计算机科学与技术系
021700,02031055,蒋晨茜,河北,河北深州市中学,计算机科学与技术系
021483,02031056,李超,河北,唐山市遵化市第一中学,电子工程系
021544,02031057,吕峰,河北,保定市定兴中学,电子工程系
021576,02031058,邱晓飞,河北,河北衡水中学,电子工程系
023221,02031059,王京,河北,秦皇岛市昌黎县一中,医学院
020279,02031060,杨金昂,河北,唐山市第一中学,建筑系
020248,02031061,胡尚如,河北,河北武邑县中学,建筑系
020338,02031062,张子陶,河北,二中,土木工程系
020437,02031063,王强,河北,唐山迁安市第一中学,土木工程系
020405,02031064,马宏亮,河北,秦皇岛市昌黎县一中,土木工程系
020372,02031065,袁长岭,河北,河北武邑县中学,土木工程系
023189,02031066,王博,河北,承德市承德一中,建筑技术科学系
020528,02031067,施慧杰,河北,石家庄新乐市第一中学,水利水电工程系
020497,02031068,王薇宇,河北,唐山迁安市第一中学,水利水电工程系
020467,02031069,张卓颖,河北,秦皇岛市昌黎县一中,水利水电工程系
020529,02031070,孙玲玲,河北,邯郸市第一中学,水利水电工程系
020561,02031071,胡晓刚,河北,正定中学,环境科学与工程系
020626,02031072,程远,河北,玉田县第一中学,环境科学与工程系
020627,02031073,闫芳,河北,秦皇岛市昌黎县一中,环境科学与工程系
022229,02031074,马博静,河北,二中,化学工程系
022230,02031075,卢伟,河北,廊坊三河市第二中学,化学工程系
021083,02031076,匙文宇,河北,二中,工业工程系
021084,02031077,金泉,河北,唐山市第一中学,工业工程系
022926,02031078,罗林静,河北,石家庄市一中,经济管理学院
022868,02031079,刘侃,河北,唐山市第一中学,经济管理学院
022807,02031080,王旭煜,河北,张家口市第一中学,经济管理学院
021599,02031081,李向坤,河北,唐山迁安市第一中学,电子工程系
021600,02031082,刘伟华,河北,廊坊大城县第一中学,电子工程系
021601,02031083,郝世锋,河北,河北武邑县中学,电子工程系
021602,02031084,刘飞,河北,河北武邑县中学,电子工程系
022180,02031085,胡振鑫,河北,唐山市第一中学,工程力学系
022181,02031086,谷振丰,河北,郸市临漳县第一中学,工程力学系
022182,02031087,李森,河北,邢台市南宫中学,工程力学系
022183,02031088,王星焱,河北,保定市定州二中,工程力学系
022513,02031089,郝岩,河北,石家庄市四中,数学科学系
022514,02031090,李乔,河北,二中,数学科学系
020058,02340028,费鸿玉,河北,开滦（集团）有限责任公司第一中,美术学院
020149,02340030,许广涛,河北,河北省邯郸市第二中学,美术学院
020073,02340050,鲁明静,河北,开滦（集团）有限责任公司第一中,美术学院
020007,02340057,王思维,河北,张家口市宣化第一中学,美术学院
020085,02340065,马盼,河北,河北省迁安市一中,美术学院
020012,02340076,张颖,河北,北戴河中学,美术学院
020097,02340083,蔡华伟,河北,河北省吴桥中学,美术学院
020170,02340093,万鹏,河北,秦皇岛市华夏美术学校,美术学院
020159,02340100,贾晶晶,河北,石家庄市第四十五中学,美术学院
020173,02340101,常全,河北,唐山市第十中学,美术学院
020024,02340106,乔巧玲,河北,河北省邯郸县第一中学,美术学院
020138,02340112,牛静冲,河北,河北保定市铁路第一中学远飞培训,美术学院
020162,02340123,周璐,河北,昌黎汇文中学,美术学院
020042,02340125,王可描,河北,石家庄市第六中学,美术学院
020047,02340126,王利民,河北,唐山市第八中学,美术学院
020034,02340135,连鹏,河北,石家庄美术职业学校,美术学院
020181,02340168,温淼,河北,河北定兴中学,美术学院
020194,02340172,米克超,河北,河北省无极县泗水中学,美术学院
020195,02340173,王少林,河北,石家庄美术职业学校,美术学院
