姓名,性别,院系,班级,考区,中学
荣钰,女,建筑学院,建31,北京,北京市第五中学
常抒怡,女,建筑学院,建31,北京,北京师范大学附属实验中学 
曹蕾,女,建筑学院,建31,北京,北京市第四中学
戴浩丞,男,建筑学院,建31,北京,中国人民大学附属中学 
于昊惟,男,建筑学院,建31,北京,北京市第四中学
张若琛,男,建筑学院,建31,天津,静海一中 
蒋雨桐 ,女,建筑学院,建31,河北,保定市第三中学 
杨宇琪 ,女,建筑学院,建31,内蒙古,呼市二中 
郭世玉 ,女,建筑学院,建31,辽宁,东北育才学校 
韦玮  ,女,建筑学院,建31,上海,上海市市北中学 
俞爽  ,女,建筑学院,建31,江苏,江苏省泰州中学 
周融  ,女,建筑学院,建31,浙江,宁波市镇海中学 
谢祺旭 ,男,建筑学院,建31,福建,安溪六中 
宁慧玲 ,女,建筑学院,建31,江西,永丰中学 
姚久鹏 ,男,建筑学院,建31,山东,五莲县第三中学 
杜嘉希 ,女,建筑学院,建31,河南,濮阳市第一高级中学 
郭倩  ,女,建筑学院,建31,湖北,黄冈中学 
罗颖  ,女,建筑学院,建31,广西,河池高级中学 
何可  ,女,建筑学院,建31,重庆,武隆中学校 
谢沁耘 ,男,建筑学院,建31,重庆,重庆市第八中学 
曹昌浩 ,男,建筑学院,建31,云南,云南师范大学附属中学 
党珍  ,男,建筑学院,建31,西藏,拉萨市区外高中应届毕业生 
万雪  ,女,建筑学院,建31,陕西,西安市铁一中学 
刘泽洋 ,男,建筑学院,建31,青海,江苏省中学 
金碧如 ,女,建筑学院,建31,宁夏,银川一中 
徐蔚莹 ,女,建筑学院,建31,香港,福建中学 
白宇清 ,女,建筑学院,建31,北京,北京市十一学校 
黄昌鸣 ,男,建筑学院,建31,北京,北京景山学校 
周梦雅 ,女,建筑学院,建31,北京,中国人民大学附属中学 
刘恒宇 ,男,建筑学院,建31,吉林,长春吉大附中实验学校 
刘蔚然 ,男,建筑学院,建31,湖北,襄阳市第五中学 
王岚山 ,男,建筑学院,建31,四川,四川省绵阳中学 
井琳  ,女,建筑学院,建31,黑龙江,大庆市实验中学 
盛景超 ,男,建筑学院,建31,上海,上海市七宝中学 
叶葭焕 ,男,建筑学院,建31,浙江,宁波市镇海中学 
唐其桢 ,男,建筑学院,建31,广东,华南师范大学附属中学 
张泽龙 ,男,建筑学院,建32,北京,北京师范大学附属实验中学 
杨恒源 ,男,建筑学院,建32,北京,北京市第四中学 
张珞珈 ,女,建筑学院,建32,北京,北京市第四中学 
胡朔宾 ,男,建筑学院,建32,天津,一中 
张书杰 ,女,建筑学院,建32,山西,山大附中 
于子宸 ,男,建筑学院,建32,辽宁,丹东市第二中学 
宦云天 ,男,建筑学院,建32,吉林,社会青年 
朱恬缘 ,女,建筑学院,建32,黑龙江,大庆一中 
杨灿灿 ,女,建筑学院,建32,江苏,江苏省通州高级中学 
陶佳琪 ,男,建筑学院,建32,浙江,余杭高级中学 
汪俊莉 ,女,建筑学院,建32,安徽,宿松中学 
彭钦一 ,男,建筑学院,建32,福建,龙岩一中 
孙羽谈 ,女,建筑学院,建32,山东,烟台格迈纳尔中学 
刘淑媛 ,女,建筑学院,建32,湖南,郴州市一中 
文汉强 ,男,建筑学院,建32,广东,湛江市第二中学 
沈颁泉 ,女,建筑学院,建32,广西,柳州铁一中学 
刘梦嘉 ,女,建筑学院,建32,四川,成都市石室中学 
刘启豪 ,男,建筑学院,建32,四川,彭山一中 
李静雯 ,女,建筑学院,建32,香港,循道中学 
李秋容 ,女,建筑学院,建32,澳门,澳门培道中学 
童晗爽 ,男,建筑学院,建32,浙江,乐成公立寄宿学校 
邓晨阳 ,男,建筑学院,建32,湖南,长沙市一中 
姜行健 ,男,建筑学院,建32,北京,中国人民大学附属中学 
邓秋实 ,女,建筑学院,建32,北京,北京师范大学第二附属中学 
薛靖凡 ,女,建筑学院,建32,北京,清华大学附属中学 
陈雨潇 ,女,建筑学院,建32,北京,北京市第一０一中学 
刘铭佳 ,女,建筑学院,建32,辽宁,鞍山市第一中学 
王敏钊 ,男,建筑学院,建32,河南,南阳市第一中学 
罗又源 ,男,建筑学院,建32,四川,四川省南江中学 
马晨浩 ,男,建筑学院,建32,陕西,高新一中 
邓乔乔 ,女,建筑学院,建32,北京,中央民族大学附属中学 
杨怡菲 ,女,建筑学院,建32,北京,中国人民大学附属中学 
严文欣 ,女,建筑学院,建32,上海,上海外国语大学附属外国语学校 
赵书婕 ,女,建筑学院,建32,河南,周口市郸城县一高 
张嘉妮 ,女,建筑学院,建32,甘肃,兰州第一中学 
李宽  ,男,建筑学院,建32,新疆,兵团二中 
张承禹 ,男,建筑学院,建33,北京,北京市顺义牛栏山第一中学 
李红欣 ,女,建筑学院,建33,北京,北京师范大学附属中学 
刘云松 ,女,建筑学院,建33,天津,耀华中学 
刘瞻远 ,男,建筑学院,建33,山西,介休一中 
田力  ,女,建筑学院,建33,内蒙古,北重三中 
张偲  ,男,建筑学院,建33,辽宁,盘锦市高级中学 
杨双琳 ,女,建筑学院,建33,吉林,东北师大附属中学 
王希冉 ,女,建筑学院,建33,黑龙江,哈尔滨市三中 
朱锐祺 ,女,建筑学院,建33,江苏,江苏省泰州中学 
李诗卉 ,女,建筑学院,建33,浙江,金华市第一中学 
丁文颢 ,男,建筑学院,建33,安徽,合肥一中 
熊鑫昌 ,男,建筑学院,建33,江西,临川明达教育培训中心 
龚泽惠 ,女,建筑学院,建33,江西,吉安一中 
尤晓慧 ,女,建筑学院,建33,河南,开封高中 
葛思航 ,男,建筑学院,建33,湖北,鄂南高中 
张道琼 ,女,建筑学院,建33,广东,梅州市曾宪梓中学 
吴崇博 ,男,建筑学院,建33,海南,海口市第一中学 
曾彦玥 ,女,建筑学院,建33,重庆,万州高级中学 
熊天翼 ,女,建筑学院,建33,西藏,日喀则地区区外高中应届毕业生 
姚渊  ,男,建筑学院,建33,甘肃,庆阳第一中学 
许晓佳 ,女,建筑学院,建33,宁夏,银川一中 
张灵夫 ,男,建筑学院,建33,四川,四川省绵阳中学 
许通达 ,男,建筑学院,建33,北京,北京师范大学附属实验中学 
周颖玥 ,女,建筑学院,建33,北京,中国人民大学附属中学 
周朱盟 ,男,建筑学院,建33,浙江,余杭高级中学 
张宇  ,男,建筑学院,建33,湖南,邵东一中 
李睿  ,男,建筑学院,建33,北京,中国人民大学附属中学 
冉紫愚 ,女,建筑学院,建33,北京,北京市第一０一中学 
董青青 ,女,建筑学院,建33,天津,实验中学 
丁小涵 ,女,建筑学院,建33,辽宁,大连市第二十四中学 
沈一琛 ,男,建筑学院,建33,上海,复旦大学附属中学 
吕亦逊 ,男,建筑学院,建33,浙江,乐清市乐成寄宿中学 
陈知雨 ,女,建筑学院,建33,湖北,华中师范大学第一附属中学 
毛俊松 ,男,建筑学院,建33,贵州,遵义县第一中学 
梁妍璐 ,女,建筑学院,建33,北京,北京市第四中学 
王江龙 ,男,建筑学院,建环3,北京,北京市第四中学 
段思迪 ,女,建筑学院,建环3,北京,北京市十一学校 
吴序  ,女,建筑学院,建环3,北京,中央民族大学附属中学 
张仲宸 ,男,建筑学院,建环3,山西,山大附中 
李好玥 ,女,建筑学院,建环3,山西,海泉学校 
孙佳琦 ,女,建筑学院,建环3,辽宁,本溪市高级中学 
李凌杉 ,女,建筑学院,建环3,山东,东营胜利第一中学 
周严  ,男,建筑学院,建环3,山东,东营胜利第一中学 
王昌  ,男,建筑学院,建环3,河南,安阳县第一中学 
冯晴晴 ,女,建筑学院,建环3,湖北,襄阳市第五中学 
潘瑾  ,女,建筑学院,建环3,湖南,冷水江市第一中学 
莫鑫  ,男,建筑学院,建环3,湖南,长郡中学 
洪家杰 ,男,建筑学院,建环3,广东,中山市第一中学 
赵月靖 ,女,建筑学院,建环3,四川,江油中学 
朱晓玥 ,女,建筑学院,建环3,四川,成都市外国语学校 
梁媚  ,女,建筑学院,建环3,四川,宜宾市三中 
张越  ,女,建筑学院,建环3,陕西,高新一中 
陈传欣 ,女,建筑学院,建环3,台湾,北京市第八十中学 
何健豪 ,男,建筑学院,建环3,香港,拔萃男书院 
譚鎮昇 ,男,建筑学院,建环3,澳门,澳門大學附屬應用學校 
吳卓彥 ,男,建筑学院,建环3,澳门,粵華中文中學 
尹顺永 ,男,建筑学院,建环3,河北,河北衡水中学 
乐慧  ,女,建筑学院,建环3,江西,南昌大学附属中学 
施雨晨 ,女,建筑学院,建环3,黑龙江,萨尔图其它中等学历学 
杜瑞铭 ,男,建筑学院,建环3,黑龙江,大庆市实验中学 
苏玥  ,女,建筑学院,建环3,江苏,江苏省苏州中学校 
孙之炜 ,男,建筑学院,建环3,浙江,慈溪中学 
张洋  ,男,建筑学院,建环3,山东,邹城一中 
陈昭文 ,男,建筑学院,建环3,河南,周口市郸城县一高 
晋远  ,男,建筑学院,建环3,陕西,西安市铁一中学 
白冰  ,女,建筑学院,建环3,北京,北京大学附属中学 
林琳  ,女,建筑学院,建环3,安徽,淮北市第一中学 
李奥  ,男,建筑学院,建环3,湖北,武汉市第二中学 
张斯淳 ,男,土木工程系,结31,北京,北京师范大学附属实验中学 
庞敏  ,女,土木工程系,结31,北京,中央民族大学附属中学 
张子煜 ,男,土木工程系,结31,天津,杨村一中 
李思渊 ,男,土木工程系,结31,山西,康杰二中 
宋宛芝 ,女,土木工程系,结31,辽宁,瓦房店市高级中学 
吕俊佳 ,男,土木工程系,结31,辽宁,本溪市高级中学 
郭祖来 ,男,土木工程系,结31,吉林,东北师大附属中学 
徐星辉 ,男,土木工程系,结31,黑龙江,哈尔滨市三中 
仝睿  ,男,土木工程系,结31,江苏,徐州市第一中学 
杨雨浓 ,女,土木工程系,结31,江苏,江苏省南通中学 
孙彬  ,男,土木工程系,结31,安徽,屯溪一中 
袁爽  ,男,土木工程系,结31,安徽,合肥六中 
黄子晔 ,男,土木工程系,结31,福建,泉州第五中学 
张卓然 ,男,土木工程系,结31,山东,高密一中 
康凯  ,男,土木工程系,结31,河南,周口市第一高级中学 
周文  ,女,土木工程系,结31,河南,信阳市二高 
杨祺康 ,男,土木工程系,结31,河南,河南省襄城高中 
罗熠民 ,男,土木工程系,结31,湖南,湘乡一中北校区 
吴尚鸿 ,男,土木工程系,结31,广西,合浦廉州中学 
李东润 ,男,土木工程系,结31,广西,百色民族高中 
冉波  ,男,土木工程系,结31,重庆,重庆市第十八中学校 
谭江蜀 ,男,土木工程系,结31,重庆,万州高级中学 
马梦辰 ,女,土木工程系,结31,陕西,西北工业大学附属中学 
祝振南 ,男,土木工程系,结31,甘肃,西北师大附属中学 
梁祺煒 ,男,土木工程系,结31,澳门,教業中學 
刘晨曦 ,男,土木工程系,结31,湖北,武汉市第二中学 
段树坤 ,男,土木工程系,结31,湖南,长郡中学 
曾一  ,男,土木工程系,结31,四川,四川省绵阳中学 
莫雨健 ,男,土木工程系,结31,四川,绵阳东辰国际学校 
何鉴鹏 ,男,土木工程系,结31,北京,北京市十一学校 
尉蓝  ,女,土木工程系,结31,北京,清华大学附属中学 
邢佳宇 ,男,土木工程系,结31,上海,上海市上海中学 
张锦昱 ,男,土木工程系,结31,云南,玉溪一中 
吴悠笛 ,女,土木工程系,结32,北京,北京师范大学附属实验中学 
徐传阳 ,男,土木工程系,结32,北京,北京市第八中学 
韩丰鸾 ,男,土木工程系,结32,天津,宝坻一中 
陈汉奇 ,男,土木工程系,结32,山西,山大附中 
刘驰  ,女,土木工程系,结32,黑龙江,大庆一中 
王超杰 ,男,土木工程系,结32,浙江,余姚中学 
杨志程 ,男,土木工程系,结32,安徽,无为中学 
李子昂 ,男,土木工程系,结32,安徽,六安第一中学 
徐炜铃 ,女,土木工程系,结32,安徽,野寨中学 
张紫千 ,男,土木工程系,结32,河南,泌阳县第一高级中学 
姚佰欣 ,男,土木工程系,结32,广西,陆川县中学 
胡雕  ,男,土木工程系,结32,贵州,贵阳市第一中学 
沈仁菊 ,男,土木工程系,结32,云南,昭通市第一中学 
肖庸  ,女,土木工程系,结32,陕西,西北工业大学附属中学 
韩睿禹 ,男,土木工程系,结32,青海,敦煌基地中学 
徐亮  ,男,土木工程系,结32,宁夏,固原一中 
林智聰 ,男,土木工程系,结32,澳门,鏡平學校(中學部) 
刘植兴 ,男,土木工程系,结32,河北,河北衡水中学 
顾奕伟 ,男,土木工程系,结32,上海,上海市格致中学 
严正奇 ,男,土木工程系,结32,江苏,江苏省靖江高级中学 
亓玉台 ,男,土木工程系,结32,山东,莱芜凤城高中 
张驰  ,男,土木工程系,结32,湖北,武汉市第二中学 
陈典  ,男,土木工程系,结32,广西,广西南宁市第二中学 
罗佳艺 ,男,土木工程系,结32,四川,绵阳中学 
王增浩 ,男,土木工程系,结32,辽宁,本溪市高级中学 
林超超 ,男,土木工程系,结32,福建,泉州第五中学 
聂劲  ,男,土木工程系,结32,湖北,公安县第一中学 
杨啸  ,男,土木工程系,结32,湖南 ,长郡中学 
黄少麟 ,男,土木工程系,结32,广东 ,广东实验中学 
吕晚晴 ,女,土木工程系,结32,广东 ,东莞中学松山湖学校 
唐津京 ,男,土木工程系,结32,重庆 ,重庆市梁平中学 
李馨  ,女,土木工程系,结32,天津 ,一中 
李世卓 ,男,土木工程系,结32,吉林 ,吉林一中 
王珈筠 ,女,土木工程系,结33,北京 ,北京师范大学附属实验中学 
王石雨 ,男,土木工程系,结33,北京 ,中央民族大学附属中学 
王一晨 ,男,土木工程系,结33,天津 ,蓟县一中 
侯冠杰 ,男,土木工程系,结33,山西 ,省实验中学 
丁立群 ,女,土木工程系,结33,山西 ,山大附中 
李春宇 ,男,土木工程系,结33,吉林 ,农安实验中学 
赵佳迪 ,女,土木工程系,结33,吉林 ,东北师大附属中学 
杨孟渊 ,男,土木工程系,结33,江苏 ,江苏省溧阳中学 
韩振韬 ,男,土木工程系,结33,浙江 ,浙江省富阳中学 
李晖  ,男,土木工程系,结33,安徽 ,休宁中学 
康泽淇 ,男,土木工程系,结33,福建 ,厦门双十中学 
郑俊萍 ,女,土木工程系,结33,福建 ,莆田一中 
谭琪凡 ,男,土木工程系,结33,河南 ,南阳市第一中学 
陈波波 ,男,土木工程系,结33,湖北 ,湖北省天门中学 
吴伟坤 ,男,土木工程系,结33,广东 ,梅州市梅县东山中学 
蒲启迪 ,女,土木工程系,结33,广西 ,广西南宁市第二中学 
冯学越 ,男,土木工程系,结33,海南 ,海南省华侨中学 
王子恒 ,男,土木工程系,结33,贵州 ,花溪清华中学 
陈建伟 ,男,土木工程系,结33,陕西 ,西安市铁一中学 
孙昕璐 ,女,土木工程系,结33,陕西 ,西北工业大学附属中学 
杨培元 ,男,土木工程系,结33,宁夏 ,银川一中 
黃志聰 ,男,土木工程系,结33,澳门 ,鏡平學校(中學部) 
邹金航 ,男,土木工程系,结33,辽宁 ,东北育才学校 
汤鹏  ,男,土木工程系,结33,安徽,六安市第一中学 
刘博文 ,男,土木工程系,结33,湖北 ,襄樊市第五中学 
沈阳  ,男,土木工程系,结33,四川,成都市树德中学 
段了了 ,男,土木工程系,结33,四川 ,绵阳中学 
王亚雷 ,男,土木工程系,结33,河北 ,衡水市滏阳中学 
邱实  ,男,土木工程系,结33,山东,临朐一中 
贺安琪 ,女,土木工程系,结33,上海 ,上海市上海中学 
王亦凡 ,男,土木工程系,结33,上海 ,上海市格致中学 
高劲洋 ,男,土木工程系,结33,北京 ,北京市第四中学 
罗灵  ,男,土木工程系,结33,湖南,怀化市三中 
杨正航 ,男,土木工程系,结34,北京 ,北京市密云县第二中学 
赵华田 ,男,土木工程系,结34,内蒙古,鄂尔多斯市第一中学 
李洪臣 ,男,土木工程系,结34,黑龙江,大庆市铁人中学 
杜雪儿 ,女,土木工程系,结34,江苏 ,江苏省海门中学 
宋可  ,男,土木工程系,结34,安徽,野寨中学 
沃中原 ,男,土木工程系,结34,安徽 ,铜陵市第一中学 
林虹  ,女,土木工程系,结34,福建,尤溪一中 
周先达 ,男,土木工程系,结34,江西 ,江西师范大学附属中学 
裴文哲 ,男,土木工程系,结34,湖北 ,襄阳市第四中学 
欧阳志鹏,男,土木工程系,结34,湖南 ,双峰县二中 
刘静  ,男,土木工程系,结34,湖南,广益实验中学 
王子涵 ,男,土木工程系,结34,广东 ,珠海市第一中学 
马传爵 ,男,土木工程系,结34,海南 ,海南省华侨中学 
覃俊宁 ,男,土木工程系,结34,四川 ,泸州高中 
邱伟伦 ,男,土木工程系,结34,四川 ,四川省成都市新都一中 
问媛  ,女,土木工程系,结34,陕西,唐南中学 
叶欣晨 ,男,土木工程系,结34,甘肃 ,金川公司一中 
刘丰樱 ,女,土木工程系,结34,新疆 ,华山中学 
李潇然 ,男,土木工程系,结34,新疆 ,塔城地区沙湾县一中 
冯俊博 ,男,土木工程系,结34,辽宁 ,东北育才学校 
张毅  ,男,土木工程系,结34,江苏,江苏省南菁高级中学 
毛成志 ,男,土木工程系,结34,山东 ,山东省泰安第二中学 
陈都  ,男,土木工程系,结34,湖北,武汉钢铁集团公司第三子弟中学 
王威力 ,女,土木工程系,结34,北京 ,北京市第四中学 
欧阳惠雨,男,土木工程系,结34,天津,实验中学 
闫聪  ,男,土木工程系,结34,河北,衡水市滏阳中学 
李松阳 ,男,土木工程系,结34,内蒙古,包钢一中 
赵雪轩 ,女,土木工程系,结34,辽宁 ,辽宁省实验中学 
邹奕翀 ,男,土木工程系,结34,浙江 ,浙江省湖州中学 
张华昕 ,男,土木工程系,结34,河南 ,郑州外国语学校 
姜越鑫 ,男,土木工程系,结34,云南 ,曲靖市第一中学 
冯恺睿 ,男,土木工程系,结34,上海 ,上海市上海中学 
吴俊毅 ,男,水利水电工程系,水工31,北京 ,北京市怀柔区第一中学 
洪思维 ,男,水利水电工程系,水工31,黑龙江,大庆市实验中学 
张振  ,男,水利水电工程系,水工31,山东,枣庄三中 
苏洋  ,男,水利水电工程系,水工31,山东,日照第一中学 
杨昆  ,男,水利水电工程系,水工31,广东,茂名市第一中学 
陈科迪 ,男,水利水电工程系,水工31,四川 ,大竹中学 
杨鲤境 ,女,水利水电工程系,水工31,四川 ,南充高中 
叶德英 ,男,水利水电工程系,水工31,贵州 ,兴义市八中 
熊松林 ,男,水利水电工程系,水工31,贵州 ,贵阳市第一中学 
张饶  ,男,水利水电工程系,水工31,贵州,遵义县第一中学 
杨卓  ,男,水利水电工程系,水工31,云南,建水一中 
韩鹏飞 ,男,水利水电工程系,水工31,甘肃 ,陇西县文峰中学 
于京池 ,女,水利水电工程系,水工31,黑龙江,海伦市第一中学 
周创  ,男,水利水电工程系,水工31,河南,内乡县高级中学 
余坤伦 ,男,水利水电工程系,水工31,重庆 ,酉阳县第二中学 
李治  ,男,水利水电工程系,水工31,四川,四川省宣汉中学 
郭斌  ,男,水利水电工程系,水工31,甘肃,会宁县第一中学 
孙立荣 ,女,水利水电工程系,水工31,宁夏 ,宁夏六盘山高级中学 
张志鹏 ,男,水利水电工程系,水工31,河北 ,石家庄市第二中学 
郭政豪 ,男,水利水电工程系,水工31,山西 ,山大附中 
南熠  ,男,水利水电工程系,水工31,陕西,西北工业大学附属中学 
朱思宇 ,男,水利水电工程系,水工31,陕西 ,高新一中 
魏强强 ,男,水利水电工程系,水工31,安徽 ,太和一中 
孙明豪 ,男,水利水电工程系,水工31,西藏 ,西藏自治区拉萨中学 
刘玫汐 ,女,水利水电工程系,水工31,辽宁 ,大连育明高中 
郭世博 ,男,水利水电工程系,水工31,吉林 ,长春市十一高中 
李德鑫 ,男,水利水电工程系,水工31,河南 ,鹤壁高中（新校区） 
张梦情 ,女,水利水电工程系,水工31,湖北 ,襄阳市第四中学 
王光辉 ,男,水利水电工程系,水工31,湖北 ,武汉外国语学校 
钟小阳 ,男,水利水电工程系,水工31,江西 ,安远一中(应届) 
张雪  ,女,水利水电工程系,水工31,山西,省实验中学 
张旭腾 ,男,水利水电工程系,水工32,北京 ,北京市延庆县第一中学 
刘文举 ,男,水利水电工程系,水工32,山西 ,襄汾县中学 
温佳明 ,男,水利水电工程系,水工32,山西 ,大同一中 
邵一章 ,男,水利水电工程系,水工32,黑龙江,哈尔滨市三中 
李昶明 ,男,水利水电工程系,水工32,福建 ,长汀一中 
杨博文 ,男,水利水电工程系,水工32,江西 ,江西师范大学附属中学 
宋沛武 ,男,水利水电工程系,水工32,山东 ,日照第一中学 
盛志伟 ,男,水利水电工程系,水工32,河南 ,林州市第一中学 
杨光彬 ,男,水利水电工程系,水工32,湖北 ,恩施土家族苗族自治州高级中学 
陈嘉哲 ,女,水利水电工程系,水工32,湖南 ,长郡中学 
杨明  ,男,水利水电工程系,水工32,湖南,汝城县朝阳培训中心 
李含志 ,男,水利水电工程系,水工32,四川 ,四川省南江县长赤中学 
高进宇 ,女,水利水电工程系,水工32,四川 ,四川省双流县中学 
何标  ,男,水利水电工程系,水工32,贵州,花溪清华中学 
陈宇  ,男,水利水电工程系,水工32,贵州,贵阳市第一中学 
韩启瑞 ,男,水利水电工程系,水工32,云南 ,德宏州民族一中 
杨天凯 ,男,水利水电工程系,水工32,云南 ,腾冲县第一中学 
运晓博 ,男,水利水电工程系,水工32,甘肃 ,金川公司一中 
祁磊基 ,男,水利水电工程系,水工32,甘肃 ,敦煌中学 
石睿杰 ,女,水利水电工程系,水工32,安徽 ,临泉一中 
李嘉博 ,男,水利水电工程系,水工32,河南 ,河南省实验中学 
杨文聪 ,男,水利水电工程系,水工32,广东 ,中山纪念中学 
冀璇  ,女,水利水电工程系,水工32,山西,太原五中 
赵艺颖 ,女,水利水电工程系,水工32,辽宁 ,东北育才学校 
曹英剑 ,男,水利水电工程系,水工32,辽宁 ,东北育才学校 
何冰  ,男,水利水电工程系,水工32,吉林,东北师大附属中学 
周翊  ,男,水利水电工程系,水工32,湖南,长郡中学 
王嘉琛 ,男,水利水电工程系,水工32,陕西 ,西安交通大学附属中学 
于伟明 ,男,水利水电工程系,水工32,河南 ,项城市第一高级中学 
蓝悦霏 ,女,水利水电工程系,水工32,广西 ,广西南宁市第三中学 
徐国强 ,男,水利水电工程系,水工32,青海 ,湟中一中 
张琦  ,女,水利水电工程系,水工33,天津,蓟县一中 
董瑞祺 ,男,水利水电工程系,水工33,河北 ,河北衡水中学 
高帅  ,男,水利水电工程系,水工33,内蒙古,包头市第一中学 
邹春蕾 ,女,水利水电工程系,水工33,内蒙古,赤峰红旗中学 
卢淑娴 ,女,水利水电工程系,水工33,福建 ,莆田一中 
王可平 ,男,水利水电工程系,水工33,湖南 ,明德中学 
梁加炀 ,男,水利水电工程系,水工33,广东 ,中山市第一中学 
梁紫  ,女,水利水电工程系,水工33,广西,广西柳州高级中学 
车泓渝 ,男,水利水电工程系,水工33,重庆 ,酉阳县第二中学 
许月  ,女,水利水电工程系,水工33,四川,泸州市天立学校 
张铭阳 ,男,水利水电工程系,水工33,四川 ,四川省双流县中学 
罗华健 ,男,水利水电工程系,水工33,贵州 ,清镇市一中 
冉壹钊 ,男,水利水电工程系,水工33,贵州 ,遵义县第一中学 
李鸿远 ,男,水利水电工程系,水工33,西藏 ,西藏自治区拉萨中学 
张亿东 ,男,水利水电工程系,水工33,甘肃 ,泾川一中 
冯雷  ,男,水利水电工程系,水工33,甘肃,会宁县第一中学 
李泽锦 ,男,水利水电工程系,水工33,山西 ,平陆中学 
邹存佳 ,男,水利水电工程系,水工33,吉林 ,通榆一中 
余琼林 ,男,水利水电工程系,水工33,江西 ,南康中学(应届) 
赵凡玉 ,男,水利水电工程系,水工33,云南 ,会泽县茚旺高级中学 
郭豪豪 ,男,水利水电工程系,水工33,河南 ,河南省实验中学 
任毅雄 ,男,水利水电工程系,水工33,陕西 ,西北工业大学附属中学 
张宇精 ,男,水利水电工程系,水工33,天津 ,一中 
王维民 ,男,水利水电工程系,水工33,山东 ,滕州市第一中学 
豆明伟 ,男,水利水电工程系,水工33,河南 ,周口市郸城县一高 
潘长城 ,男,水利水电工程系,水工33,广西 ,柳州铁一中学 
王嘉琦 ,女,水利水电工程系,水工33,吉林 ,东北师大附属中学 
李言  ,男,水利水电工程系,水工33,江苏,江苏省海门中学 
翁智荣 ,男,水利水电工程系,水工33,福建 ,莆田一中 
张晓萱 ,女,水利水电工程系,水工33,新疆 ,乌鲁木齐市一中 
王向超 ,男,水利水电工程系,水工33,河南 ,鲁山县第一高级中学 
王全达 ,男,环境学院,环31,北京 ,中央民族大学附属中学 
白维亮 ,男,环境学院,环31,北京 ,北京师范大学附属实验中学 
任菡玮 ,女,环境学院,环31,北京 ,北京市育英学校 
胡钰雪 ,女,环境学院,环31,天津 ,蓟县一中 
李晓旋 ,女,环境学院,环31,河北 ,衡水市滏阳中学 
王科朴 ,女,环境学院,环31,内蒙古,内蒙师大附中 
张梦洁 ,女,环境学院,环31,江苏 ,南京师范大学附属中学 
黄雨波 ,男,环境学院,环31,江苏 ,江苏省姜堰中学 
许肖尹 ,女,环境学院,环31,江西 ,宜春中学 
王浩  ,男,环境学院,环31,江西,贵溪市第一中学 
詹栩怡 ,女,环境学院,环31,广东 ,东莞市东华高级中学 
陈树铨 ,男,环境学院,环31,广东 ,汕头市金山中学 
杨航  ,男,环境学院,环31,云南,曲靖市第一中学 
胡若兰 ,女,环境学院,环31,陕西 ,西北工业大学附属中学 
赵光琪 ,男,环境学院,环31,甘肃 ,武威第六中学 
阿曼角·巴黑多,男,环境学院,环31,新疆 ,北京市通州区潞河中学 
吕东明 ,男,环境学院,环31,四川 , 四川省巴中中学 
谢天  ,男,环境学院,环31,吉林,东北师大附属中学 
郑嘉诺 ,男,环境学院,环31,湖南 ,长郡中学 
杨卿  ,女,环境学院,环31,云南,云南师范大学附属中学 
陈语思 ,女,环境学院,环31,上海 ,上海市建平中学 
王芷筠 ,女,环境学院,环31,湖北 ,武汉市第二中学 
尹彦歆 ,女,环境学院,环31,四川 ,成都市石室中学 
陈苏铭 ,男,环境学院,环31,北京 ,中国人民大学第二附属中学 
孟祥廷 ,女,环境学院,环32,北京 ,北京市第四中学 
岳慧慧 ,女,环境学院,环32,山西 ,怀仁县招生办(往) 
赵堉钧 ,男,环境学院,环32,山西 ,山大附中 
何纳轮 ,男,环境学院,环32,辽宁 ,葫芦岛市第一高级中学 
陆晓晗 ,女,环境学院,环32,江苏 ,江苏省太仓高级中学 
吴欣尔 ,男,环境学院,环32,浙江 ,杭州学军中学 
聂馨宇 ,女,环境学院,环32,安徽 ,马鞍山市二中 
宋广超 ,男,环境学院,环32,山东 ,武城县第二中学 
张旅欧 ,女,环境学院,环32,湖北 ,襄阳市第四中学 
李妍菁 ,女,环境学院,环32,广东 ,广东仲元中学 
王奕涵 ,男,环境学院,环32,广东 ,增城市增城中学 
郁倩倩 ,女,环境学院,环32,广西 ,河池高级中学 
石艺苑 ,女,环境学院,环32,广西 ,广西师大附属外国语学校 
黄啸枫 ,男,环境学院,环32,四川 ,宜宾市三中 
孔皞龙 ,男,环境学院,环32,云南 ,瑞丽市第一民族中学 
向虹霖 ,女,环境学院,环32,西藏 ,拉萨市区外高中应届毕业生 
平措曲桑,男,环境学院,环32,西藏 ,山南地区第一高级中学 
张瑾  ,女,环境学院,环32,甘肃,岷县第一中学 
荣易  ,男,环境学院,环32,北京,北京师范大学附属实验中学 
钱煜坤 ,男,环境学院,环32,黑龙江,大庆市实验中学 
刘松  ,女,环境学院,环32,山东,莱芜一中 
石楚阳 ,男,环境学院,环32,湖南 ,长沙市雅礼中学 
纪越  ,女,环境学院,环32,辽宁,辽宁省实验中学 
崔琦  ,女,环境学院,环32,天津,南开中学 
任韵如 ,女,环境学院,环33,天津 ,塘沽一中 
赵天宁 ,女,环境学院,环33,黑龙江,鸡西市第一中学 
苏天怡 ,女,环境学院,环33,江苏 ,江苏省天一中学 
貊星宇 ,女,环境学院,环33,安徽 ,太和一中 
林炜琛 ,男,环境学院,环33,福建 ,厦门双十中学 
徐一帆 ,男,环境学院,环33,河南 ,遂平县第一高级中学 
柯飘飘 ,女,环境学院,环33,湖北 ,阳新县第一中学 
游罗丹 ,女,环境学院,环33,四川 ,成都市石室中学 
白苑  ,女,环境学院,环33,陕西,高新一中 
吴汶钊 ,男,环境学院,环33,甘肃 ,兰炼第二中学 
张燕妮 ,女,环境学院,环33,新疆 ,兵团二中 
东东  ,男,环境学院,环33,西藏,天津红光中学 
高一凡 ,男,环境学院,环33,内蒙古,一机厂一中 
姜葵  ,男,环境学院,环33,黑龙江,哈市师大附中 
龙思衡 ,男,环境学院,环33,四川 ,乐山外国语学校 
赵浩然 ,男,环境学院,环33,贵州 ,贵阳市第一中学 
马赫  ,女,环境学院,环33,吉林,辽源市第五中学 
施匡围 ,男,环境学院,环33,上海 ,上海市进才中学 
付博亚 ,男,环境学院,环33,湖南 ,长沙市雅礼中学 
王韧骋 ,男,环境学院,环33,北京 ,北京市第十二中学 
张敬然 ,女,环境学院,环33,北京 ,北京市通州区潞河中学 
温轶凡 ,女,环境学院,环33,山西 ,太原五中 
赵书畅 ,女,环境学院,环33,河南 ,商丘市第一高级中学 
陈艺丹 ,女,环境学院,环34,北京 ,北京师范大学附属实验中学 
赵方媛 ,女,环境学院,环34,北京 ,北京市第一０一中学 
舒彦博 ,男,环境学院,环34,吉林 ,东北师大附属中学 
周天慧 ,女,环境学院,环34,浙江 ,慈溪中学 
魏凡  ,女,环境学院,环34,福建,泉州第五中学 
林楚佩 ,女,环境学院,环34,福建 ,厦门第一中学 
刘骁  ,男,环境学院,环34,湖南,芷兰实验学校 
张心怡 ,女,环境学院,环34,广东 ,东莞市东华高级中学 
杜真  ,女,环境学院,环34,青海,湟中一中 
黄思澄 ,女,环境学院,环34,香港 ,仁爱堂田家炳中学 
张大臻 ,男,环境学院,环34,北京 ,清华大学附属中学 
江心悦 ,女,环境学院,环34,北京 ,北京市第一０一中学 
钟兆喆 ,男,环境学院,环34,安徽 ,池州一中 
王雨洲 ,女,环境学院,环34,陕西 ,高新一中 
苗雨菲 ,女,环境学院,环34,上海 ,上海市实验学校 
柏瑞乔 ,女,环境学院,环34,北京 ,北京师范大学附属实验中学 
郭悦  ,女,环境学院,环34,北京,北京汇文中学 
杜馨茗 ,女,环境学院,环34,辽宁 ,东北育才学校 
朱秦汉 ,男,环境学院,环34,吉林 ,吉林一中 
张文东 ,男,机械工程系,机械31,山西 ,太原五中 
蒿晓阳 ,男,机械工程系,机械31,山西 ,怀仁县一中 
魏晨捷 ,女,机械工程系,机械31,内蒙古,包头市第一中学 
吴明宇 ,男,机械工程系,机械31,辽宁 ,大连开发区第一高级中学 
吴盖特 ,男,机械工程系,机械31,江西 ,临川明达教育培训中心 
孙韶蕾 ,女,机械工程系,机械31,山东 ,文登新一中 
贾紫昱 ,男,机械工程系,机械31,河南 ,安阳市第一中学 
黄朝阳 ,男,机械工程系,机械31,湖北 ,武汉市新洲区第一中学 
杨睿琛 ,男,机械工程系,机械31,湖南 ,长郡中学 
夏博武 ,男,机械工程系,机械31,广东 ,揭阳第一中学 
王诗行 ,男,机械工程系,机械31,四川 ,洪雅中学 
黄万慧 ,男,机械工程系,机械31,贵州 ,凯里市一中 
毕双凯声,男,机械工程系,机械31,云南,临沧市第一中学 
史圣镐 ,男,机械工程系,机械31,陕西 ,西北工业大学附属中学 
李长渊 ,男,机械工程系,机械31,青海 ,乐都一中 
周禹  ,男,机械工程系,机械31,河南,上蔡县第一高级中学 
唐紫阳 ,男,机械工程系,机械31,湖南 ,慈利一中 
张华海 ,男,机械工程系,机械31,贵州 ,盘县二中 
王子琦 ,男,机械工程系,机械31,云南 ,文山州第一中学 
尤浩兴 ,男,机械工程系,机械31,青海 ,湟中多巴中学 
吝杰  ,男,机械工程系,机械31,河北,河北衡水中学 
刘子麟 ,男,机械工程系,机械31,河北 ,河北衡水中学 
李均  ,男,机械工程系,机械31,福建,厦门双十中学 
田门吉雅,男,机械工程系,机械31,内蒙古,鄂尔多斯市第一中学 
刘思超 ,男,机械工程系,机械31,湖北 ,湖北省天门中学 
沙子渊 ,男,机械工程系,机械31,北京 ,北京大学附属中学 
雷东尧 ,男,机械工程系,机械31,黑龙江,萨尔图其它中等学历学 
付琦缘 ,男,机械工程系,机械31,江苏 ,江苏省天一中学 
刘振辉 ,男,机械工程系,机械31,江苏 ,无锡市第一中学 
洪楠  ,男,机械工程系,机械31,重庆,重庆市鲁能巴蜀中学校 
王梓言 ,男,机械工程系,机械31,北京 ,北京市第二中学 
申屠舒展,男,机械工程系,机械31,浙江 ,浙江省东阳中学 
李月婷 ,女,机械工程系,机械31,贵州 ,遵义航天高级中学 
侯德诚 ,男,机械工程系,机械32,北京 ,北京理工大学附属中学 
李东泽 ,男,机械工程系,机械32,河北 ,衡水市滏阳中学 
张嘉哲 ,男,机械工程系,机械32,内蒙古,海拉尔二中 
张毅博 ,男,机械工程系,机械32,黑龙江,大庆市实验中学 
王司南 ,男,机械工程系,机械32,江苏 ,江苏省赣榆高级中学 
刘哲  ,男,机械工程系,机械32,安徽,合肥一中 
张春龙 ,男,机械工程系,机械32,福建 ,漳浦一中 
胡奎  ,男,机械工程系,机械32,湖南,衡南一中 
张梓煜 ,男,机械工程系,机械32,广东 ,汕头市金山中学 
唐秀莹 ,男,机械工程系,机械32,广西 ,广西大学附属中学 
张锦文 ,女,机械工程系,机械32,陕西 ,西北工业大学附属中学 
莫兴武 ,男,机械工程系,机械32,甘肃 ,陇西县文峰中学 
黄俊龙 ,男,机械工程系,机械32,新疆 ,奇台县一中 
韦宏桥 ,男,机械工程系,机械32,广西 ,都安县高级中学 
王乾  ,男,机械工程系,机械32,河北,河北衡水中学 
邵永纯 ,男,机械工程系,机械32,山西 ,康杰中学(应) 
赵田杰 ,男,机械工程系,机械32,江苏 ,江苏省兴化中学 
杨鹏辉 ,男,机械工程系,机械32,河南 ,河南省实验中学 
程麒龙 ,男,机械工程系,机械32,黑龙江,哈尔滨市三中 
谢良臣 ,男,机械工程系,机械32,河南 ,周口市郸城县一高 
刘念珩 ,女,机械工程系,机械32,北京 ,北京市十一学校 
付天朗 ,男,机械工程系,机械32,北京 ,中国人民大学附属中学 
沈航凯 ,男,机械工程系,机械32,浙江 ,宁波市镇海中学 
霍金鹏 ,男,机械工程系,机械32,山东 ,德州市第二中学 
马充  ,男,机械工程系,机械32,湖北,华中师范大学第一附属中学 
成桑  ,男,机械工程系,机械32,湖北,襄阳市第五中学 
秦瑜  ,男,机械工程系,机械32,重庆,重庆市南开中学 
何剑宇 ,男,机械工程系,机械32,四川 ,绵阳东辰国际学校 
邹谷阳 ,男,机械工程系,机械32,贵州 ,盘县二中 
郭九明 ,女,机械工程系,机械32,河南 ,濮阳市油田第一中学 
张驰  ,男,机械工程系,机械32,湖南,石门县第一中学 
袁世华 ,男,机械工程系,机械32,云南 ,永德县第一中学 
张朔文 ,男,机械工程系,机械33,北京 ,中央民族大学附属中学 
孟繁悦 ,男,机械工程系,机械33,天津 ,塘沽一中 
马骁  ,男,机械工程系,机械33,山西,城区往届生 
姜会全 ,男,机械工程系,机械33,黑龙江,哈尔滨市三中 
杜严成 ,男,机械工程系,机械33,安徽 ,六安一中 
王恒飞 ,男,机械工程系,机械33,河南 ,济源市第一中学 
孙睿  ,男,机械工程系,机械33,湖南,麓山国际实验学校 
许雅筑 ,女,机械工程系,机械33,广东,佛山市第一中学 
莫昕霖 ,男,机械工程系,机械33,广西,桂林市第十八中学 
蔡胜易 ,男,机械工程系,机械33,重庆,黔江区新华中学 
彭靖淞 ,男,机械工程系,机械33,贵州,贵阳市第一中学 
马恪  ,男,机械工程系,机械33,云南,弥勒市第一中学 
朱世奇 ,男,机械工程系,机械33,陕西,高新一中 
惠玉祥 ,男,机械工程系,机械33,甘肃,宁县第一中学 
谭善超 ,男,机械工程系,机械33,新疆,乌鲁木齐市一中 
吴泽  ,男,机械工程系,机械33,四川,四川省平昌中学 
李倩  ,女,机械工程系,机械33,甘肃,环县第一中学 
刘家轩 ,男,机械工程系,机械33,北京,北京师范大学附属实验中学 
李冠男 ,男,机械工程系,机械33,河北,河北衡水中学 
范舒瑞 ,男,机械工程系,机械33,山西,省实验中学 
帅剑光 ,男,机械工程系,机械33,江苏,江苏省淮阴中学 
潘圣其 ,男,机械工程系,机械33,湖北,黄冈中学 
侯伯男 ,男,机械工程系,机械33,辽宁,本溪市高级中学 
陈鹏飞 ,男,机械工程系,机械33,江西 ,临川第一中学 
薛博策 ,男,机械工程系,机械33,山东 ,青岛开发区第一中学 
王昌龙 ,男,机械工程系,机械33,河南 ,周口市郸城县一高 
杨哲  ,男,机械工程系,机械33,广西,贵港市高级中学 
张祎蕊 ,女,机械工程系,机械33,吉林 ,东北师大附属中学 
陈淑凡 ,男,机械工程系,机械33,江苏 ,江苏省盱眙中学 
刘语杰 ,男,机械工程系,机械33,浙江 ,宁波市镇海中学 
熊文剑 ,男,机械工程系,机械33,湖北 ,襄阳市第五中学 
龚晨  ,男,机械工程系,机械33,四川,成都市石室中学 
和明威 ,男,机械工程系,机械34,河北 ,河北衡水中学 
张春雷 ,男,机械工程系,机械34,山西 ,太行中学(应) 
徐乔木 ,男,机械工程系,机械34,江苏 ,江苏省泗阳中学 
余业锋 ,男,机械工程系,机械34,安徽 ,太湖中学 
张旭  ,男,机械工程系,机械34,山东,山东省平度第一中学 
李根  ,男,机械工程系,机械34,河南,孟津县第一高中 
刘攀  ,男,机械工程系,机械34,湖北,湖北省天门中学 
李俊杰 ,男,机械工程系,机械34,广东 ,广州市第二中学 
陈福强 ,男,机械工程系,机械34,广西 ,贺州高级中学 
孙正强 ,男,机械工程系,机械34,四川 ,资中县第二中学 
唐梓健 ,男,机械工程系,机械34,四川 ,崇州市崇庆中学 
万治贵 ,男,机械工程系,机械34,贵州 ,兴义市八中 
梁振斌 ,男,机械工程系,机械34,云南 ,文山州第一中学 
姜豪  ,男,机械工程系,机械34,陕西,西安市铁一中学 
许雅筑 ,女,机械工程系,机械34,台湾,佛山市第一中学 
朱子翔 ,男,机械工程系,机械34,台湾,广东实验中学 
贾金龙 ,男,机械工程系,机械34,河北,围场县卉原中学 
范书恺 ,男,机械工程系,机械34,山西,河曲中学 
刘奕君 ,男,机械工程系,机械34,河北,河北衡水中学 
李骏承 ,男,机械工程系,机械34,黑龙江,哈市师大附中 
董凯杰 ,男,机械工程系,机械34,江苏,南京外国语学校 
徐超意 ,男,机械工程系,机械34,湖北,武汉钢铁集团公司第三子弟中学 
吴嘉祈 ,女,机械工程系,机械34,广东,华南师范大学附属中学 
尤欣然 ,男,机械工程系,机械34,北京 ,北京师范大学附属实验中学 
冯一骁 ,男,机械工程系,机械34,北京 ,北京市第四中学 
王鑫  ,男,机械工程系,机械34,辽宁,本溪市高级中学 
田畅  ,女,机械工程系,机械34,吉林,辽源市第五中学 
李佳群 ,男,机械工程系,机械34,浙江 ,绍兴县柯桥中学 
廖志航 ,男,机械工程系,机械34,江西 ,临川第一中学 
李振  ,男,机械工程系,机械34,湖北,孝感高级中学 
张宇  ,男,机械工程系,机械34,重庆,四川外语学院重庆第二外国语学校 
侯珺森 ,男,机械工程系,机械34,甘肃 ,庆阳第一中学 
王振舟 ,男,机械工程系,机械35,内蒙古,巴彦淖尔市中学 
王宇印 ,男,机械工程系,机械35,内蒙古,鄂尔多斯市第一中学 
连凯斌 ,男,机械工程系,机械35,福建 ,仙游一中 
王文淦 ,男,机械工程系,机械35,贵州 ,贵阳市第一中学 
曹永奎 ,男,机械工程系,机械35,贵州 ,兴义市八中 
刘治东 ,男,机械工程系,机械35,贵州 ,遵义县第一中学 
秦凤凯 ,男,机械工程系,机械35,云南 ,广南县一中 
孙浩博 ,男,机械工程系,机械35,辽宁 ,鞍山市第一中学 
刘逸凡 ,男,机械工程系,机械35,安徽 ,滁州中学 
王金砺 ,男,机械工程系,机械35,山东 ,牟平一中 
郜振翼 ,男,机械工程系,机械35,河南 ,郑州外国语学校 
朱鑫  ,男,机械工程系,机械35,湖南,石门县第一中学 
黄雨杨 ,男,机械工程系,机械35,广西 ,广西南宁市第二中学 
刘浩  ,男,机械工程系,机械35,广西,桂林市第十八中学 
牛梦萱 ,女,精密仪器系,精31,河北 ,河北衡水中学 
韩勇  ,男,精密仪器系,精31,山西,太行中学(应) 
李思萦 ,女,精密仪器系,精31,吉林 ,吉林一中 
杨玉宽 ,男,精密仪器系,精31,河南 ,扶沟县高级中学 
邹英杰 ,男,精密仪器系,精31,湖北 ,武汉市新洲区第一中学 
文艺  ,女,精密仪器系,精31,湖南,长郡中学 
彭日希 ,男,精密仪器系,精31,湖南 ,长郡中学 
周婉婷 ,女,精密仪器系,精31,广东 ,广州市第二中学 
黄心宇 ,男,精密仪器系,精31,广西 ,恭城瑶族自治县恭城中学 
朱羿飞 ,男,精密仪器系,精31,重庆 ,重庆市第一中学 
王亮齐 ,男,精密仪器系,精31,四川 ,自贡市蜀光中学 
王文浩 ,男,精密仪器系,精31,陕西 ,西北工业大学附属中学 
于洋  ,男,精密仪器系,精31,新疆,奎屯市第一高级中学 
胡发德 ,男,精密仪器系,精31,吉林 ,长春市十一高中 
王天昀 ,男,精密仪器系,精31,福建 ,厦门第一中学 
王宇晨 ,男,精密仪器系,精31,陕西 ,西北工业大学附属中学 
姜超逸 ,男,精密仪器系,精31,陕西 ,西北工业大学附中 
郑亦平 ,男,精密仪器系,精31,上海 ,上海市育才中学 
胡明皓 ,男,精密仪器系,精31,山东 ,德州市第一中学 
王凯  ,男,精密仪器系,精31,北京,北京师范大学第二附属中学 
胡辰  ,女,精密仪器系,精31,上海,上海市金山中学 
陈恬妍 ,女,精密仪器系,精31,福建 ,莆田一中 
刘凯铭 ,男,精密仪器系,精31,北京 ,北京市第五中学 
牛耀鼎 ,男,精密仪器系,精31,内蒙古,内蒙师大附中 
周镭  ,男,精密仪器系,精31,浙江,浙江省诸暨中学 
刘翰潮 ,男,精密仪器系,精31,浙江 ,杭州外国语学校 
曹敏琦 ,女,精密仪器系,精31,四川 ,成都市外国语学校 
宋怀石 ,男,精密仪器系,精32,北京 ,北京师范大学附属实验中学 
祝鹏飞 ,男,精密仪器系,精32,河北 ,衡水市滏阳中学 
张东晖 ,男,精密仪器系,精32,辽宁 ,辽宁省实验中学 
宋昆  ,女,精密仪器系,精32,黑龙江,哈尔滨市三中 
邵春阳 ,男,精密仪器系,精32,黑龙江,萨尔图其它中等学历学 
祝轩宇 ,男,精密仪器系,精32,浙江 ,海盐元济高级中学 
崔强胜 ,男,精密仪器系,精32,安徽 ,南陵县南陵中学 
燕宇帆 ,女,精密仪器系,精32,山东 ,东营市一中 
李泽辉 ,男,精密仪器系,精32,山东 ,滨州市无棣县第二中学 
陈军锋 ,男,精密仪器系,精32,河南 ,商丘市第一高级中学 
王恺琪 ,女,精密仪器系,精32,湖南 ,郴州市一中 
吴坤帅 ,男,精密仪器系,精32,海南 ,海口市第一中学 
田磊  ,男,精密仪器系,精32,重庆 ,重庆市第十八中学校 
毛婧琦 ,女,精密仪器系,精32,重庆 ,重庆市第一中学 
田佳丁 ,男,精密仪器系,精32,贵州 ,贵阳市第一中学 
魏子越 ,男,精密仪器系,精32,云南 ,云南师范大学附属中学 
牛泽林 ,男,精密仪器系,精32,陕西 ,西北工业大学附属中学 
吴雨  ,男,精密仪器系,精32,青海,乐都一中 
张晓声 ,男,精密仪器系,精32,陕西 ,西北工业大学附中 
李旭洲 ,男,精密仪器系,精32,山西 ,太原五中 
谷明玥 ,女,精密仪器系,精32,辽宁 ,鞍山市第一中学 
任敏丹 ,男,精密仪器系,精32,湖北 ,钟祥市第一中学 
米璐  ,女,精密仪器系,精32,四川 ,四川省绵阳中学 
陈佳隆 ,男,精密仪器系,精32,浙江 ,浙江省义乌中学 
刘春晨 ,男,精密仪器系,精32,重庆 ,重庆市南开中学 
陈萍  ,女,精密仪器系,精32,江苏,江苏省如皋中学 
郭天宇 ,男,精密仪器系,精32,山东 , 聊城一中 
郝运  ,男,精密仪器系,精33,山西,长治市一中(应) 
王越  ,女,精密仪器系,精33,山西,长治市二中(应) 
魏垚熙 ,男,精密仪器系,精33,黑龙江,大庆市铁人中学 
胡一文 ,男,精密仪器系,精33,江西 ,南昌大学附属中学 
王启蒙 ,男,精密仪器系,精33,河南 ,新蔡县第一高级中学 
张聪  ,男,精密仪器系,精33,河南,商城县县高中 
郑亚旻 ,男,精密仪器系,精33,河南 ,濮阳市第一高级中学 
欧阳晨光,男,精密仪器系,精33,湖南,怀化市三中 
李德音 ,男,精密仪器系,精33,广西 ,玉林高中 
赵航  ,女,精密仪器系,精33,辽宁,本溪市高级中学 
刘易斯 ,男,精密仪器系,精33,辽宁 ,辽宁省实验中学 
张荣格 ,男,精密仪器系,精33,黑龙江,哈尔滨市三中 
刘锋炜 ,男,精密仪器系,精33,江西 ,南昌县莲塘一中 
刘垚钦 ,男,精密仪器系,精33,江西 ,临川明达教育培训中心 
滕召权 ,男,精密仪器系,精33,贵州 ,凯里市一中 
任雪冰 ,男,精密仪器系,精33,黑龙江,哈尔滨市三中 
王晓宇 ,男,精密仪器系,精33,河南 ,新密市第二高级中学 
李锐  ,女,精密仪器系,精33,河南,禹州第二高级中学 
邢博文 ,男,精密仪器系,精33,河南 ,周口市郸城县一高 
罗清  ,女,精密仪器系,精33,贵州,兴义市八中 
康轶譞 ,男,精密仪器系,精33,陕西 ,高新一中 
韩永强 ,男,热能工程系,热动31,内蒙古,通辽蒙中 
杨君宇 ,男,热能工程系,热动31,辽宁 ,东北育才学校 
王烁祺 ,男,热能工程系,热动31,黑龙江,大庆市实验中学 
胡硕倬 ,男,热能工程系,热动31,安徽 ,阜阳一中 
王浩霖 ,男,热能工程系,热动31,山东 ,东营胜利第一中学 
赵云龙 ,男,热能工程系,热动31,河南 ,洛阳市第一高级中学 
黄晓丹 ,女,热能工程系,热动31,广东 ,汕头市金山中学 
彭宇  ,男,热能工程系,热动31,四川,仁寿二中 
邹任智 ,男,热能工程系,热动31,贵州 ,凯里市一中 
任卓  ,男,热能工程系,热动31,贵州,遵义县第一中学 
李骏杰 ,男,热能工程系,热动31,西藏 ,西藏自治区拉萨中学 
杜晓杰 ,男,热能工程系,热动31,陕西 ,勉县一中 
李卓然 ,男,热能工程系,热动31,青海 ,敦煌基地中学 
胡善超 ,男,热能工程系,热动31,黑龙江,汤原县高级中学 
穆雨薇 ,女,热能工程系,热动31,新疆 ,喀什第二中学 
吴优  ,男,热能工程系,热动31,北京,北京师范大学附属实验中学 
陈彦伯 ,男,热能工程系,热动31,河北 ,河北衡水中学 
王高远 ,男,热能工程系,热动31,山西 ,山大附中 
肖文扬 ,男,热能工程系,热动31,广西 ,广西南宁市第三中学 
龚雪  ,女,热能工程系,热动31,四川,四川省绵阳中学 
王炜涛 ,男,热能工程系,热动31,江苏 ,江苏省锡山高级中学 
徐靖怡 ,女,热能工程系,热动31,江苏 ,江苏省溧阳中学 
杨帆  ,男,热能工程系,热动31,湖南,桃源县一中 
赖智勇 ,男,热能工程系,热动31,重庆 ,重庆市南开中学 
李金泽 ,女,热能工程系,热动31,天津 ,耀华中学 
钟弘韬 ,男,热能工程系,热动31,福建 ,福州一中 
单露  ,女,热能工程系,热动31,湖北,洪湖市第一中学 
金云峰 ,男,热能工程系,热动31,吉林 ,敦化实验中学 
王钧莹 ,女,热能工程系,热动31,安徽 ,合肥一中 
肖寒  ,男,热能工程系,热动31,湖北,荆门市龙泉中学 
周琦瑞 ,男,热能工程系,热动31,陕西 ,西安市第八十二中学 
刘子腾 ,男,热能工程系,热动32,北京 ,北京市朝阳外国语学校 
张祎萱 ,女,热能工程系,热动32,河北 ,河北衡水中学 
赵永江 ,男,热能工程系,热动32,河北 ,衡水市滏阳中学 
张振  ,男,热能工程系,热动32,山西,阳泉十五中 
王智  ,男,热能工程系,热动32,江苏,江苏省海安高级中学 
陈书洁 ,女,热能工程系,热动32,江西 ,江西省景德镇一中 
张元哲 ,男,热能工程系,热动32,山东 ,新泰一中 
缪力威 ,男,热能工程系,热动32,山东 ,高密一中 
万惠雯 ,女,热能工程系,热动32,湖北 ,湖北省云梦县第一中学 
杨昌磊 ,男,热能工程系,热动32,湖南 ,通道一中 
杨天颖 ,男,热能工程系,热动32,广东 ,梅州市梅县高级中学 
王嘉琪 ,男,热能工程系,热动32,陕西 ,西北工业大学附属中学 
蒙浩  ,男,热能工程系,热动32,宁夏,宁夏育才高级中学 
巴顿  ,男,热能工程系,热动32,新疆,华山中学 
杨栩  ,女,热能工程系,热动32,云南,德宏州民族一中 
李梓荣 ,男,热能工程系,热动32,陕西 ,南郑中学 
张泽昊 ,男,热能工程系,热动32,黑龙江,大庆市实验中学 
王子豪 ,男,热能工程系,热动32,湖北 ,襄樊市第五中学 
覃森婧 ,女,热能工程系,热动32,广西 ,柳州铁一中学 
翁麒宇 ,男,热能工程系,热动32,陕西 ,高新一中 
尚银鸽 ,女,热能工程系,热动32,北京 ,北京师范大学附属实验中学 
王金  ,男,热能工程系,热动32,浙江,宁波市镇海中学 
马超  ,男,热能工程系,热动32,安徽,淮北市第一中学 
陈兵  ,男,热能工程系,热动32,福建,莆田一中 
刘嘉恒 ,男,热能工程系,热动32,四川 ,成都市第七中学 
阮璇  ,男,热能工程系,热动32,云南,下关一中 
闫振男 ,男,热能工程系,热动32,吉林 ,长春吉大附中实验学校 
孟栩  ,女,热能工程系,热动32,江苏,江苏省盐城中学 
邹莹  ,女,热能工程系,热动32,重庆,重庆市南开中学 
周奥铮 ,男,热能工程系,热动32,河南 ,平顶山市第一中学 
李仕远 ,男,热能工程系,热动32,广西 ,玉林高中 
吕泽伟 ,男,热能工程系,热动33,山西 ,山大附中 
郭宇轩 ,男,热能工程系,热动33,吉林 ,东北师大附属中学 
夏铭  ,男,热能工程系,热动33,黑龙江,牡丹江市第一高级中学 
张霜  ,女,热能工程系,热动33,浙江,宁波市镇海中学 
张兆宇 ,男,热能工程系,热动33,江西 ,南昌县莲塘一中 
张鹏  ,男,热能工程系,热动33,河南,济源市第一中学 
严珅  ,男,热能工程系,热动33,湖北,华中师范大学第一附属中学 
徐文婷 ,女,热能工程系,热动33,湖南 ,娄底三中 
李航越 ,男,热能工程系,热动33,广东 ,深圳市实验学校高中部 
危秀  ,女,热能工程系,热动33,广西,武鸣县武鸣高级中学 
夏高锋 ,男,热能工程系,热动33,四川 ,泸县二中 
付荣辉 ,男,热能工程系,热动33,贵州 ,兴义市八中 
张振羽 ,男,热能工程系,热动33,甘肃 ,临洮中学 
严宁  ,男,热能工程系,热动33,新疆,乌鲁木齐市一中 
王爱阅 ,女,热能工程系,热动33,西藏 ,北京工业大学附中 
张效铭 ,男,热能工程系,热动33,内蒙古,林东一中 
覃朗  ,男,热能工程系,热动33,湖南,石门县第一中学 
鄂吉波 ,男,热能工程系,热动33,贵州 ,兴义市八中 
刘斌  ,男,热能工程系,热动33,宁夏,西吉中学 
郝岳  ,男,热能工程系,热动33,北京,北京市第十二中学 
刘一锋 ,男,热能工程系,热动33,陕西 ,西安交通大学附属中学 
姜松男 ,女,热能工程系,热动33,黑龙江,萨尔图其它中等学历学 
陆韬杰 ,男,热能工程系,热动33,江苏 ,江苏省天一中学 
周洁阳 ,男,热能工程系,热动33,浙江 ,绍兴县鲁迅中学 
孙锦国 ,男,热能工程系,热动33,安徽 ,九一六中学 
王俞杰 ,男,热能工程系,热动33,湖南 ,衡阳市八中 
龙昊  ,男,热能工程系,热动33,重庆,西南大学附中 
李博男 ,女,热能工程系,热动33,北京 ,北京师范大学附属实验中学 
张文超 ,女,热能工程系,热动33,山东 ,海阳市第一中学 
刘贝贝 ,女,热能工程系,热动33,四川 ,江油中学 
苟郁童 ,男,热能工程系,热动33,陕西 ,高新一中 
罗悦慈 ,女,汽车工程系,汽31,北京 ,清华大学附属中学 
谭浚哲 ,男,汽车工程系,汽31,北京 ,北京师范大学第二附属中学 
刘泽晖 ,男,汽车工程系,汽31,天津 ,汉沽一中 
石秉坤 ,男,汽车工程系,汽31,山西 ,怀仁县一中 
石子彤 ,女,汽车工程系,汽31,山西 ,山大附中 
崔隆熙 ,男,汽车工程系,汽31,黑龙江,大庆市实验中学 
王今昌 ,男,汽车工程系,汽31,江苏 ,江苏省兴化中学 
李振川 ,男,汽车工程系,汽31,安徽 ,六安一中 
巩皓月 ,女,汽车工程系,汽31,山东 ,滨州市博兴县第二中学 
穆洪远 ,男,汽车工程系,汽31,山东 ,五莲县第三中学 
莫钊镔 ,男,汽车工程系,汽31,湖南 ,湖南长沙同升湖实验学校 
黎小慧 ,女,汽车工程系,汽31,广西 ,广西南宁市第二中学 
宋宜洲 ,男,汽车工程系,汽31,四川 ,成都市树德中学 
牟哲萱 ,女,汽车工程系,汽31,吉林 ,通榆一中 
陈柯夫 ,男,汽车工程系,汽31,河南 ,潢川县高级中学 
杨海泉 ,男,汽车工程系,汽31,海南 ,海南省农垦实验中学 
潘济安 ,男,汽车工程系,汽31,辽宁 ,辽宁省实验中学 
刘羿  ,男,汽车工程系,汽31,陕西,西北工业大学附属中学 
栗桐  ,男,汽车工程系,汽31,北京,北京航空航天大学附属中学 
张悠南 ,男,汽车工程系,汽31,北京 ,清华大学附属中学 
何泽远 ,男,汽车工程系,汽31,湖北 ,武汉市第三中学 
陈宇  ,男,汽车工程系,汽31,内蒙古,通辽五中 
韩啸  ,男,汽车工程系,汽31,上海,上海市上海中学 
赵锦涛 ,男,汽车工程系,汽31,浙江 ,余姚中学 
揭一昕 ,男,汽车工程系,汽31,湖北 ,华中师范大学第一附属中学 
杨臻  ,男,汽车工程系,汽31,广东,深圳市深圳中学 
张哲嘉 ,男,汽车工程系,汽31,吉林 ,东北师大附属中学 
焦新宇 ,男,汽车工程系,汽31,黑龙江,哈市师大附中 
刘艺璁 ,男,汽车工程系,汽31,江西 ,白鹭洲中学 
康凯  ,男,汽车工程系,汽31,贵州,花溪清华中学 
孔艺婷 ,女,汽车工程系,汽31,云南 ,曲靖市第一中学 
武尚文 ,男,汽车工程系,汽32,北京 ,北京师范大学附属实验中学 
张文皓 ,男,汽车工程系,汽32,天津 ,塘沽一中 
鲁健  ,男,汽车工程系,汽32,黑龙江,大庆市实验中学 
黄华军 ,男,汽车工程系,汽32,江西 ,南丰县第一中学 
赵文宗 ,男,汽车工程系,汽32,河南 ,临颍县第一高级中学 
李少鹏 ,男,汽车工程系,汽32,湖北 ,武汉市育才高级中学 
蔡炳坤 ,男,汽车工程系,汽32,广东 ,电白县第一中学 
周庆晖 ,男,汽车工程系,汽32,广西 ,广西南宁市第三中学 
敬帅  ,男,汽车工程系,汽32,四川,三台中学校 
张天翼 ,男,汽车工程系,汽32,陕西 ,西北工业大学附属中学 
梁冠群 ,男,汽车工程系,汽32,甘肃 ,兰炼第二中学 
胡家毅 ,男,汽车工程系,汽32,山西 ,山大附中 
蔡开源 ,男,汽车工程系,汽32,上海 ,华东师范大学第二附属中学 
张望  ,男,汽车工程系,汽32,江苏,无锡市第一中学 
张景宇 ,男,汽车工程系,汽32,重庆 ,重庆市第八中学 
汪尚尚 ,男,汽车工程系,汽32,河南 ,安阳市第一中学 
邓经纬 ,女,汽车工程系,汽32,北京 ,北京大学附属中学 
邓晨  ,男,汽车工程系,汽32,北京,清华大学附属中学 
徐梦迪 ,女,汽车工程系,汽32,河北 ,河北衡水中学 
李明聪 ,男,汽车工程系,汽32,辽宁 ,辽宁省实验中学 
宣程  ,男,汽车工程系,汽32,上海,上海市市北中学 
邱毅涛 ,男,汽车工程系,汽32,浙江 ,浙江省湖州中学 
吴正国 ,男,汽车工程系,汽32,福建 ,莆田一中 
陈振宇 ,男,汽车工程系,汽32,湖北 ,华中师范大学第一附属中学 
石冠亚 ,男,汽车工程系,汽32,广东 ,顺德国华纪念中学 
冷睿韬 ,男,汽车工程系,汽32,吉林 ,东北师大附属中学 
王思佳 ,女,汽车工程系,汽32,上海 ,上海市格致中学 
侯晓慧 ,女,汽车工程系,汽32,河南 ,安阳市第一中学 
陈婧雅 ,女,汽车工程系,汽32,云南 ,云南师范大学附属中学 
杨卓  ,女,汽车工程系,汽32,内蒙古,赤峰元宝山区平庄煤业高级中学 
张弛  ,男,汽车工程系,汽33,北京,中国人民大学附属中学 
张松宇 ,男,汽车工程系,汽33,北京 ,北京市顺义区杨镇第一中学 
赵璞莹 ,女,汽车工程系,汽33,山西 ,康杰中学 
杨景全 ,男,汽车工程系,汽33,山西 ,孝义中学 
戴圣哲 ,男,汽车工程系,汽33,辽宁 ,辽阳市第一高级中学 
徐明畅 ,女,汽车工程系,汽33,吉林 ,东北师大附属中学 
朱国栋 ,男,汽车工程系,汽33,浙江 ,兰溪市第一中学 
马雨晴 ,女,汽车工程系,汽33,安徽 ,淮北市第一中学 
葛纹材 ,男,汽车工程系,汽33,安徽 ,肥东一中 
姜维  ,男,汽车工程系,汽33,湖北,鄂州高级中学 
邱昭昀 ,女,汽车工程系,汽33,广东 ,韶关市第一中学 
关健斌 ,男,汽车工程系,汽33,广东 ,广东肇庆中学 
蒋以超 ,男,汽车工程系,汽33,广西 ,恭城瑶族自治县恭城中学 
李一志 ,女,汽车工程系,汽33,贵州 ,贵阳市第一中学 
丁超凡 ,男,汽车工程系,汽33,陕西 , 西北工业大学附属中学 
黄靖  ,男,汽车工程系,汽33,湖北,恩施土家族苗族自治州高级中学 
黄睿  ,男,汽车工程系,汽33,广西,上林县中学 
柯岩  ,男,汽车工程系,汽33,河北,河北衡水中学 
商亮  ,男,汽车工程系,汽33,黑龙江,哈市师大附中 
陈垂文 ,男,汽车工程系,汽33,福建 ,厦门第一中学 
吴清晖 ,女,汽车工程系,汽33,北京 ,北京市第一七一中学 
栗嘉琪 ,男,汽车工程系,汽33,吉林 ,吉林一中 
汝泽  ,男,汽车工程系,汽33,上海,上海市七宝中学 
胡展溢 ,男,汽车工程系,汽33,江苏 ,江苏省锡山高级中学 
赵春雷 ,男,汽车工程系,汽33,山东 ,莱芜一中 
寇胜杰 ,男,汽车工程系,汽33,河南 ,扶沟县高级中学 
林昌威 ,男,汽车工程系,汽33,四川 ,成都市第七中学 
贾星衡 ,男,汽车工程系,汽33,甘肃 ,西北师大附属中学 
郭锐  ,男,汽车工程系,汽33,湖北,武汉市第二中学 
谯渊  ,男,汽车工程系,汽33,四川,四川省巴中中学 
江美佳 ,女,汽车工程系,汽34,北京 ,清华大学附属中学 
涂彪  ,男,汽车工程系,汽34,湖南,芷兰实验学校 
沙一依 ,女,工业工程系,工31,北京 ,北京市第四中学 
韩蕾  ,女,工业工程系,工31,北京,清华大学附属中学 
范正浩 ,男,工业工程系,工31,北京 ,中国人民大学附属中学 
李振轩 ,男,工业工程系,工31,黑龙江,哈尔滨市三中 
朱唯崧 ,男,工业工程系,工31,上海 ,上海市七宝中学 
王孟欣 ,女,工业工程系,工31,浙江 ,温州中学 
赵天成 ,男,工业工程系,工31,安徽 ,合肥一中 
冉展  ,男,工业工程系,工31,福建,厦门第一中学 
廖伊雯 ,女,工业工程系,工31,福建 ,上杭一中 
万冰琪 ,女,工业工程系,工31,河南 ,濮阳市第一高级中学 
刘炜昕 ,男,工业工程系,工31,湖南 ,长沙市雅礼中学 
袁逸菲 ,女,工业工程系,工31,重庆 ,永川中学 
张靖玮 ,女,工业工程系,工31,四川 ,内江六中 
冉亦佳 ,女,工业工程系,工31,贵州 ,花溪清华中学 
李静涵 ,女,工业工程系,工31,云南 ,云南师范大学附属中学 
晁雯越 ,女,工业工程系,工31,陕西 ,西北工业大学附属中学 
马昭懿 ,女,工业工程系,工31,宁夏 ,平罗中学 
郭誠瑩 ,女,工业工程系,工31,台湾 ,上海台商子女學校 
叶天  ,男,工业工程系,工31,天津,耀华中学 
雷媛媛 ,女,工业工程系,工31,山西 ,怀仁县招生办(往) 
张安东 ,女,工业工程系,工31,上海 ,上海市上海中学 
李加辰 ,男,工业工程系,工31,北京 ,北京市十一学校 
任镜泽 ,男,工业工程系,工31,北京 ,北京师范大学第二附属中学 
刘文韬 ,男,工业工程系,工31,重庆 ,重庆市第八中学 
万宜雷 ,男,工业工程系,工31,四川 ,四川省绵阳中学 
贾惠雯 ,女,工业工程系,工31,内蒙古,鄂尔多斯市第一中学 
马征  ,男,工业工程系,工31,黑龙江,牡丹江市第一高级中学 
方晓丹 ,女,工业工程系,工31,江苏 ,南京师范大学附属中学 
闰浩楠 ,男,工业工程系,工31,河南 ,信阳高中 
戴舒华 ,女,工业工程系,工31,广东 ,湛江第一中学 
李淡远 ,男,工业工程系,工31,重庆 ,四川外语学院附属外国语学校 
胡安  ,男,工业工程系,工31,甘肃,西北师大附属中学 
邓想  ,男,工业工程系,工32,北京,中国人民大学附属中学 
张亦弛 ,女,工业工程系,工32,北京 ,北京市第四中学 
梁景然 ,男,工业工程系,工32,天津 ,塘沽一中 
刘一蒙 ,女,工业工程系,工32,辽宁 ,葫芦岛市第一高级中学 
郝欣茹 ,女,工业工程系,工32,辽宁 ,本溪市高级中学 
王志韬 ,男,工业工程系,工32,江苏 ,江苏省锡山高级中学 
倪诗影 ,女,工业工程系,工32,福建 ,福鼎市一中 
刘浩  ,男,工业工程系,工32,河南,鹤壁高中（新校区） 
向英  ,女,工业工程系,工32,湖北,长阳土家族自治县第一高级中学 
汪亮  ,男,工业工程系,工32,湖北,黄冈中学 
黄盈  ,女,工业工程系,工32,广东,广州市第二中学 
张伟阳 ,男,工业工程系,工32,广东 ,惠州市第一中学 
宁梦岚 ,女,工业工程系,工32,广西 ,河池高级中学 
贤欧力 ,男,工业工程系,工32,四川 ,攀枝花市第三高级中学校 
喻腾瑶 ,女,工业工程系,工32,贵州 ,贵阳市第一中学 
郑舒艺 ,女,工业工程系,工32,新疆 ,兵团二中 
崔震  ,男,工业工程系,工32,甘肃,兰州第一中学 
王立宇 ,男,工业工程系,工32,福建 ,宁德一中 
赛娜·沙吾列提,女,工业工程系,工32,新疆,乌鲁木齐市一中 
张楠  ,男,工业工程系,工32,北京,北京师范大学附属实验中学 
董宇婷 ,女,工业工程系,工32,辽宁,东北育才学校 
刘仲源 ,男,工业工程系,工32,上海,华东师范大学第二附属中学 
王菲芃 ,女,工业工程系,工32,山西,山大附中 
潘可涵 ,男,工业工程系,工32,黑龙江,哈尔滨市三中 
代睿  ,男,工业工程系,工32,辽宁,本溪市高级中学 
王雨嫣 ,女,工业工程系,工32,江苏,江苏省常州高级中学 
陈心怡 ,女,工业工程系,工32,浙江,金华市第一中学 
孙弋祁 ,女,工业工程系,工32,山东,日照第一中学 
杨铎  ,男,工业工程系,工32,重庆,重庆市巴蜀中学 
田鹏  ,男,工业工程系,工32,重庆,秀山高级中学 
张博  ,女,工业工程系,工32,北京,清华大学附属中学 
黄伊湄 ,女,工业工程系,工32,四川,成都市石室中学 
玄琳  ,女,电机工程与应用电子技术系,电31,北京,北京市西城区教育考试中心高招办 
刘基业 ,男,电机工程与应用电子技术系,电31,北京,中央民族大学附属中学 
刘泽辰 ,男,电机工程与应用电子技术系,电31,北京,北京市昌平区第一中学 
孙特  ,男,电机工程与应用电子技术系,电31,河北,河北衡水中学 
牛化敏 ,男,电机工程与应用电子技术系,电31,山西,阳城一中 
刘卓然 ,男,电机工程与应用电子技术系,电31,山西,康杰二中 
刘道明 ,男,电机工程与应用电子技术系,电31,辽宁,大连市旅顺中学 
黄新宇 ,男,电机工程与应用电子技术系,电31,江苏,江苏省淮阴中学 
曹阳  ,男,电机工程与应用电子技术系,电31,安徽,合肥一中 
方诗卉 ,女,电机工程与应用电子技术系,电31,福建,莆田一中 
黄武靖 ,男,电机工程与应用电子技术系,电31,福建,三明二中 
李明睿 ,男,电机工程与应用电子技术系,电31,山东,东营胜利第一中学 
谭振飞 ,男,电机工程与应用电子技术系,电31,河南,驻马店高级中学 
林濛  ,男,电机工程与应用电子技术系,电31,湖北,湖北省宜昌市夷陵中学 
王诗皓 ,女,电机工程与应用电子技术系,电31,湖南,邵东一中 
黎立丰 ,男,电机工程与应用电子技术系,电31,广东,广东仲元中学 
蒋芒  ,男,电机工程与应用电子技术系,电31,四川,绵阳中学实验学校 
黎晗东 ,男,电机工程与应用电子技术系,电31,贵州,遵义县第一中学 
吴飞宏 ,男,电机工程与应用电子技术系,电31,贵州,独山县民族中学 
余婷  ,女,电机工程与应用电子技术系,电31,云南,曲靖市第一中学 
陈舒钰 ,女,电机工程与应用电子技术系,电31,甘肃,安定区东方红中学 
田嘉琪 ,男,电机工程与应用电子技术系,电31,黑龙江,大庆一中 
杨怀远 ,男,电机工程与应用电子技术系,电31,湖南,雅礼中学 
贾鑫  ,男,电机工程与应用电子技术系,电31,陕西,西北工业大学附属中学 
郑泽天 ,男,电机工程与应用电子技术系,电31,上海,上海市上海中学 
丁驰宇 ,男,电机工程与应用电子技术系,电31,湖南,长沙市雅礼中学 
刘晓鸿 ,男,电机工程与应用电子技术系,电31,海南,海南省华侨中学 
武晨希 ,男,电机工程与应用电子技术系,电31,北京,清华大学附属中学 
林哲  ,男,电机工程与应用电子技术系,电31,浙江,温岭中学 
孟垂正 ,男,电机工程与应用电子技术系,电31,河南,濮阳市第一高级中学 
张豪峰 ,男,电机工程与应用电子技术系,电31,青海,湟川中学 
王晨馨 ,女,电机工程与应用电子技术系,电31,辽宁,大连市第二十四中学 
曾琦  ,男,电机工程与应用电子技术系,电32,北京,首都师范大学附属中学 
李严凝 ,女,电机工程与应用电子技术系,电32,北京,北京市第四中学 
姚瑞迪 ,男,电机工程与应用电子技术系,电32,山西,康杰二中 
蔡伟谦 ,男,电机工程与应用电子技术系,电32,江苏,常州市第一中学 
裴家耀 ,男,电机工程与应用电子技术系,电32,安徽,来安中学 
高惠娟 ,女,电机工程与应用电子技术系,电32,福建,漳州一中 
顾砾天 ,男,电机工程与应用电子技术系,电32,江西,江西师范大学附属中学 
车浩田 ,男,电机工程与应用电子技术系,电32,山东,淄博第四中学 
刘威  ,男,电机工程与应用电子技术系,电32,河南,鄢陵县一高 
朱义诚 ,男,电机工程与应用电子技术系,电32,湖北,华中师范大学第一附属中学 
屈安麒 ,男,电机工程与应用电子技术系,电32,湖南,永州一中 
黄欣  ,女,电机工程与应用电子技术系,电32,广东,开平市开侨中学 
李俊均 ,男,电机工程与应用电子技术系,电32,广东,湛江第一中学 
黄遽熠 ,男,电机工程与应用电子技术系,电32,广西,广西南宁市第三中学 
童得恩 ,男,电机工程与应用电子技术系,电32,四川,内江六中 
邹煌  ,男,电机工程与应用电子技术系,电32,云南,曲靖市第一中学 
李玮珍 ,女,电机工程与应用电子技术系,电32,陕西,高新一中 
魏寒宇 ,男,电机工程与应用电子技术系,电32,甘肃,兰炼第二中学 
彭大健 ,男,电机工程与应用电子技术系,电32,新疆 ,乌鲁木齐市101中学 
王晓阳 ,男,电机工程与应用电子技术系,电32,河北 ,河北衡水中学 
施博辰 ,男,电机工程与应用电子技术系,电32,辽宁 ,大连育明高中 
王志晟 ,男,电机工程与应用电子技术系,电32,辽宁 ,辽宁省昌图县第一高级中学 
单兰晴 ,女,电机工程与应用电子技术系,电32,吉林 ,吉林一中 
谢更生 ,男,电机工程与应用电子技术系,电32,浙江 ,余姚中学 
赵宇璋 ,男,电机工程与应用电子技术系,电32,湖南 ,湖南师大附中 
郑翔天 ,男,电机工程与应用电子技术系,电32,浙江 ,慈溪中学 
王泽靖 ,男,电机工程与应用电子技术系,电32,重庆 ,重庆市第八中学 
王玉芝 ,女,电机工程与应用电子技术系,电32,宁夏 ,银川一中 
段任之 ,男,电机工程与应用电子技术系,电32,内蒙古,包钢一中 
孙欣  ,男,电机工程与应用电子技术系,电32,黑龙江,哈尔滨市三中 
王涛  ,男,电机工程与应用电子技术系,电32,北京,北京市第一七一中学 
马頔淏 ,男,电机工程与应用电子技术系,电33,北京 ,北京市西城区教育考试中心高招办 
韩鹏  ,男,电机工程与应用电子技术系,电33,北京,中国人民大学附属中学 
刘宗威 ,男,电机工程与应用电子技术系,电33,河北 ,衡水市第二中学 
赵文志 ,男,电机工程与应用电子技术系,电33,山西 ,灵石通宇补习中心 
高博宇 ,男,电机工程与应用电子技术系,电33,内蒙古,内蒙师大附中 
吴爱军 ,男,电机工程与应用电子技术系,电33,江苏 ,江苏省海安高级中学 
万宇翔 ,男,电机工程与应用电子技术系,电33,江西 ,临川第一中学 
孔令东 ,男,电机工程与应用电子技术系,电33,河南 ,北大附中河南分校 
卢仰泽 ,男,电机工程与应用电子技术系,电33,湖北 ,武汉市第十一中学 
张鸿轩 ,男,电机工程与应用电子技术系,电33,湖南 ,临湘市一中 
陈梓淦 ,男,电机工程与应用电子技术系,电33,广东 ,东莞市东华高级中学 
陈凭  ,男,电机工程与应用电子技术系,电33,广西,柳州地区民族高级中学 
覃一泓 ,男,电机工程与应用电子技术系,电33,广西 ,广西柳州高级中学 
蔡静  ,女,电机工程与应用电子技术系,电33,重庆,重庆市南开中学 
李星  ,男,电机工程与应用电子技术系,电33,四川,仁寿一中 
刘鸣捷 ,男,电机工程与应用电子技术系,电33,四川 ,成都市第七中学 
张丹阳 ,女,电机工程与应用电子技术系,电33,陕西 ,西北工业大学附属中学 
赵珈卉 ,女,电机工程与应用电子技术系,电33,新疆 ,华山中学 
刘正元 ,男,电机工程与应用电子技术系,电33,甘肃 ,西北师大附属中学 
孙嘉伟 ,男,电机工程与应用电子技术系,电33,宁夏 ,银川一中 
李欣阳 ,男,电机工程与应用电子技术系,电33,吉林 ,东北师大附属中学 
郭欣然 ,女,电机工程与应用电子技术系,电33,吉林 ,松原市实验高中 
姜金涛 ,男,电机工程与应用电子技术系,电33,河南 ,周口市郸城县一高 
赵浩鸿 ,男,电机工程与应用电子技术系,电33,北京 ,北京市十一学校 
方昊  ,男,电机工程与应用电子技术系,电33,上海,华东师范大学第二附属中学 
谢锶聪 ,男,电机工程与应用电子技术系,电33,浙江 ,浙江省富阳中学 
吴阳  ,女,电机工程与应用电子技术系,电33,河北,秦皇岛市第一中学 
杨越  ,男,电机工程与应用电子技术系,电33,安徽,马鞍山市二中 
谢睿  ,女,电机工程与应用电子技术系,电33,江西,江西师范大学附属中学 
杨鹏  ,男,电机工程与应用电子技术系,电33,云南,云南师范大学附属中学 
邹昊  ,男,电机工程与应用电子技术系,电33,浙江,杭州学军中学 
杨嘉毅 ,男,电机工程与应用电子技术系,电34,北京 ,北京师范大学附属实验中学 
莫桐  ,男,电机工程与应用电子技术系,电34,北京,北京师范大学附属实验中学 
王梓蘅 ,男,电机工程与应用电子技术系,电34,天津 ,静海一中 
王浩宗 ,男,电机工程与应用电子技术系,电34,山西 ,大同一中 
郭敏  ,女,电机工程与应用电子技术系,电34,山西,太原五中 
郜思睿 ,男,电机工程与应用电子技术系,电34,山西 ,小店区往届生 
徐吉来 ,男,电机工程与应用电子技术系,电34,辽宁 ,大连开发区第一高级中学 
司雯  ,女,电机工程与应用电子技术系,电34,黑龙江,鸡西实验中学 
李德舫 ,男,电机工程与应用电子技术系,电34,安徽 ,池州一中 
林臻  ,男,电机工程与应用电子技术系,电34,福建,莆田一中 
程将南 ,男,电机工程与应用电子技术系,电34,山东 ,东营胜利第一中学 
马欢  ,男,电机工程与应用电子技术系,电34,河南,驻马店高级中学 
侯易岑 ,女,电机工程与应用电子技术系,电34,河南 ,鹤壁高中（新校区） 
陈锦洲 ,男,电机工程与应用电子技术系,电34,湖北 ,钟祥市第一中学 
陈文灿 ,男,电机工程与应用电子技术系,电34,广东 ,高要市第二中学 
梁访  ,男,电机工程与应用电子技术系,电34,广西,浦北中学 
袁礼伟 ,男,电机工程与应用电子技术系,电34,四川 ,四川省荣县中学 
冯欣  ,女,电机工程与应用电子技术系,电34,贵州,遵义县第一中学 
黄弋宸 ,女,电机工程与应用电子技术系,电34,陕西 ,西北工业大学附属中学 
徐瀚伟 ,男,电机工程与应用电子技术系,电34,陕西 ,西北工业大学附属中学 
马悦  ,女,电机工程与应用电子技术系,电34,宁夏,宁夏六盘山高级中学 
禹智昊 ,男,电机工程与应用电子技术系,电34,湖南 ,雅礼中学 
邓泽西 ,男,电机工程与应用电子技术系,电34,四川 ,成都市树德中学 
丁嘉靖 ,男,电机工程与应用电子技术系,电34,福建 ,泉州第五中学 
张强  ,男,电机工程与应用电子技术系,电34,河南,鹤壁高中（新校区） 
胡尧堃 ,男,电机工程与应用电子技术系,电34,上海 ,华东师范大学第二附属中学 
陈陆洲 ,男,电机工程与应用电子技术系,电34,江苏 ,江苏省海安高级中学 
郑可迪 ,男,电机工程与应用电子技术系,电34,浙江 ,温岭中学 
周文鹏 ,男,电机工程与应用电子技术系,电34,黑龙江,大庆市铁人中学 
李鼎睿 ,男,电机工程与应用电子技术系,电34,青海 ,湟川中学 
刘冠池 ,男,电机工程与应用电子技术系,电34,北京 ,北京市顺义牛栏山第一中学 
崔巍  ,男,电子工程系,无31,山西,山大附中 
刘德聪 ,男,电子工程系,无31,辽宁 ,瓦房店市高级中学 
苗力仁 ,男,电子工程系,无31,辽宁 ,凤城市第一中学 
邹鹏  ,男,电子工程系,无31,辽宁,瓦房店市高级中学 
潘鼎蔚 ,男,电子工程系,无31,吉林 ,长春市十一高中 
刘天威 ,男,电子工程系,无31,吉林 ,桦甸四中 
谢天  ,男,电子工程系,无31,黑龙江,宝泉岭管理局高级中学 
丛天硕 ,男,电子工程系,无31,黑龙江,双城市兆麟中学 
房宸汉 ,男,电子工程系,无31,黑龙江,大庆市实验中学 
孙翊文 ,男,电子工程系,无31,黑龙江,哈尔滨市三中(群力校区) 
李文  ,男,电子工程系,无31,江西,新余市第四中学 
王文浩 ,男,电子工程系,无31,山东 ,五莲县第一中学 
王仲潇 ,男,电子工程系,无31,山东 ,安丘一中 
王羽飞 ,男,电子工程系,无31,河南 ,上蔡县第一高级中学 
杜高权 ,男,电子工程系,无31,河南 ,河南省襄城高中 
苏征  ,男,电子工程系,无31,河南,淅川县高级中学 
唐伟  ,男,电子工程系,无31,河南,新郑一中分校 
刘一萱 ,女,电子工程系,无31,湖北 ,襄阳市第五中学 
黄林  ,男,电子工程系,无31,湖北,武汉市江夏区第一中学 
王璞瑞 ,男,电子工程系,无31,湖北 ,湖北省宜昌市第一中学 
彭晨曦 ,男,电子工程系,无31,湖南 ,衡南一中 
邓先杰 ,男,电子工程系,无31,湖南 ,祁阳县一中 
杨熙  ,男,电子工程系,无31,四川,安岳县安岳中学 
魏齐辉 ,男,电子工程系,无31,陕西 ,西安市第八十二中学 
李耀文 ,男,电子工程系,无31,陕西 ,高新一中 
聂浩  ,男,电子工程系,无31,陕西,汉中市龙岗学校 
吴昊  ,男,电子工程系,无31,陕西,城固一中 
王莅晟 ,男,电子工程系,无31,甘肃 ,张掖中学 
赵埔塬 ,男,电子工程系,无31,甘肃 ,金川公司一中 
张剑瑜 ,男,电子工程系,无31,湖北 ,湖北省宜昌市夷陵中学 
谢潇  ,男,电子工程系,无31,湖南,澧县一中 
秦誉轩 ,女,电子工程系,无31,四川 ,南充高中 
李晋阳 ,男,电子工程系,无31,陕西 ,西北工业大学附属中学 
陈英杰 ,男,电子工程系,无31,河南 ,河南省淮阳中学 
徐依笛 ,女,电子工程系,无31,广西 ,广西南宁市第二中学 
张敏  ,女,电子工程系,无31,贵州,凯里市一中 
姜学峰 ,男,电子工程系,无31,天津 ,静海一中 
岂凡超 ,男,电子工程系,无31,山西 ,山大附中 
全嘉林 ,男,电子工程系,无31,黑龙江,海林市高级中学 
魏克藩 ,男,电子工程系,无31,安徽 ,临泉一中 
刘福良 ,男,电子工程系,无31,山东 ,滕州市第一中学新校 
吴极  ,男,电子工程系,无32,北京,中国人民大学附属中学 
闫宏宸 ,男,电子工程系,无32,北京 ,清华大学附属中学 
孟令航 ,男,电子工程系,无32,河北 ,衡水市滏阳中学 
田家企 ,男,电子工程系,无32,辽宁 ,盘锦市高级中学 
宗卉轩 ,男,电子工程系,无32,江苏 ,江苏省如皋中学 
李智涛 ,男,电子工程系,无32,浙江 ,绍兴县柯桥中学 
潘超  ,男,电子工程系,无32,江西,江西师范大学附属中学 
黄翌青 ,男,电子工程系,无32,湖北 ,武汉外国语学校 
关平达 ,男,电子工程系,无32,湖南 ,长沙市雅礼中学 
罗惠文 ,女,电子工程系,无32,甘肃 ,民乐县第一中学 
张元  ,男,电子工程系,无32,台湾,清华大学附属中学 
许涵  ,男,电子工程系,无32,北京,中国人民大学附属中学 
刘子博 ,男,电子工程系,无32,辽宁 ,大连市第二十四中学 
张霁恺 ,男,电子工程系,无32,上海 ,华东师范大学第二附属中学 
钟子昭 ,男,电子工程系,无32,湖南 ,桃源县第一中学 
吴毓儒 ,男,电子工程系,无32,海南 ,海南中学 
张原  ,男,电子工程系,无32,北京,北京汇文中学 
单萌  ,男,电子工程系,无32,山西,柳林联盛中学 
那斯琦 ,男,电子工程系,无32,黑龙江,大庆市铁人中学 
孙寒泊 ,男,电子工程系,无32,河南 ,河南省淮阳中学 
翁喆  ,男,电子工程系,无32,广东,深圳市深圳中学 
李瀚卿 ,男,电子工程系,无32,北京 ,北京市第四中学 
刘双宁 ,女,电子工程系,无32,上海 ,上海市上海中学 
万荃  ,男,电子工程系,无32,贵州,花溪清华中学 
刘承骁 ,男,电子工程系,无32,天津 ,耀华中学 
刘希慧 ,女,电子工程系,无32,河北 ,石家庄市第二中学 
宛烁  ,男,电子工程系,无32,辽宁,辽宁省实验中学 
刘月  ,女,电子工程系,无32,河南,河南省实验中学 
王晗  ,男,电子工程系,无32,陕西,西北工业大学附属中学 
黄露  ,男,电子工程系,无32,安徽,皖寿县一中 
葛云祥 ,男,电子工程系,无33,北京 ,北京市第一０一中学 
赵健  ,男,电子工程系,无33,河北,河北衡水中学 
薄子豪 ,男,电子工程系,无33,河北 ,石家庄市第二中学 
包迪  ,男,电子工程系,无33,福建,福州三中 
王为家 ,男,电子工程系,无33,山东 ,昌邑市第一中学 
常恒  ,男,电子工程系,无33,河南,林州市第一中学 
段炼  ,男,电子工程系,无33,湖北,利川市第一中学 
高钰峰 ,男,电子工程系,无33,湖北 ,襄阳市第五中学 
齐悦  ,女,电子工程系,无33,广东,茂名市第一中学 
张才荣 ,男,电子工程系,无33,广东 ,信宜市信宜中学 
唐紫健 ,男,电子工程系,无33,重庆 ,重庆市渝北中学校 
李盛  ,男,电子工程系,无33,云南,建水一中 
殷彦昭 ,男,电子工程系,无33,甘肃 ,会宁县第一中学 
李申  ,女,电子工程系,无33,青海,格尔木二中 
杨逸宸 ,男,电子工程系,无33,北京 ,中国人民大学附属中学 
穆野  ,男,电子工程系,无33,内蒙古,赤峰二中 
李明皓 ,男,电子工程系,无33,辽宁 ,大连市第二十四中学 
张肇丰 ,男,电子工程系,无33,吉林 ,长春吉大附中实验学校 
甄行践 ,男,电子工程系,无33,黑龙江,哈尔滨市三中 
李昊洵 ,男,电子工程系,无33,上海 ,华东师范大学第二附属中学 
杨飞虹 ,男,电子工程系,无33,江苏 ,江苏省泰兴中学 
汤皓玥 ,女,电子工程系,无33,江苏 ,南师大附中 
李闻天 ,男,电子工程系,无33,湖南 ,长沙市一中 
叶铭青 ,男,电子工程系,无33,湖南 ,雅礼中学 
张亦弛 ,男,电子工程系,无33,北京 ,清华大学附属中学 
祁航  ,男,电子工程系,无33,山西,山大附中 
杜邦  ,男,电子工程系,无33,浙江,浙江省东阳中学 
王颗  ,男,电子工程系,无33,贵州,兴义市八中 
虞思成 ,男,电子工程系,无33,北京 ,北京景山学校 
马蓉  ,女,电子工程系,无33,山西,山大附中 
宋伟  ,男,电子工程系,无34,河北,河北衡水中学 
秦梓鑫 ,男,电子工程系,无34,山西 ,太原五中 
薛竹君 ,女,电子工程系,无34,内蒙古,一机厂一中 
梁爽  ,男,电子工程系,无34,内蒙古,赤峰元宝山区平庄煤业高级中学 
陆斌  ,男,电子工程系,无34,安徽,肥东一中 
刘晨  ,男,电子工程系,无34,福建,惠安一中 
刘秉坤 ,男,电子工程系,无34,山东 ,东营胜利第一中学 
肖润秋 ,男,电子工程系,无34,湖南 ,长郡中学 
李潇翔 ,男,电子工程系,无34,湖南 ,自治州民族中学 
陈宥任 ,男,电子工程系,无34,广西 ,广西南宁市第二中学 
杨丰豪 ,男,电子工程系,无34,海南 ,海口市第一中学 
闫睿劼 ,男,电子工程系,无34,四川 ,成都市树德中学 
黄璇  ,女,电子工程系,无34,四川,成都市树德中学 
杨淞  ,男,电子工程系,无34,贵州,贵阳市实验三中 
张立邦 ,男,电子工程系,无34,云南 ,腾冲县第一中学 
张睿霄 ,男,电子工程系,无34,甘肃 ,平凉一中 
张琪瑶 ,女,电子工程系,无34,新疆 ,乌鲁木齐市一中 
郭星翰 ,男,电子工程系,无34,河北 ,石家庄市第二中学 
王殷豪 ,男,电子工程系,无34,辽宁 ,大连育明高中 
王健宇 ,男,电子工程系,无34,吉林 ,东北师大附属中学 
骆沁毅 ,女,电子工程系,无34,江苏 ,南师大附中 
王邦彦 ,男,电子工程系,无34,湖南 ,湖南师大附中 
刘乔祎 ,男,电子工程系,无34,北京 ,北京市第一０一中学 
王彰元 ,男,电子工程系,无34,北京 ,中国人民大学附属中学 
杨幻睿 ,男,电子工程系,无34,北京 ,北京市第八中学 
陈希比 ,男,电子工程系,无34,北京 ,清华大学附属中学 
黄宇轩 ,男,电子工程系,无34,上海 ,上海市崇明中学 
钟元熠 ,男,电子工程系,无34,江苏 ,南京师范大学附属中学 
常晓华 ,男,电子工程系,无34,河南 ,林州市第一中学 
姜启航 ,男,电子工程系,无34,黑龙江,佳木斯第一中学 
张峥  ,男,电子工程系,无35,北京,北京市第十二中学 
孙咏哲 ,男,电子工程系,无35,内蒙古,锦山中学 
包涵  ,女,电子工程系,无35,辽宁,朝阳市第二高级中学 
李亚泽 ,男,电子工程系,无35,吉林 ,吉林一中 
吴佳斯 ,男,电子工程系,无35,上海 ,华东师范大学第二附属中学 
闫旭  ,男,电子工程系,无35,安徽,阜阳一中 
蔡熠  ,男,电子工程系,无35,福建,莆田一中 
付瑞柳 ,男,电子工程系,无35,山东 ,高青一中 
成敏科 ,男,电子工程系,无35,广东 ,东莞市东华高级中学 
李翔  ,男,电子工程系,无35,贵州,清镇市一中 
纪黄轩 ,男,电子工程系,无35,云南 ,云南师范大学附属中学 
王俊凯 ,男,电子工程系,无35,甘肃 ,西北师大附属中学 
时鸿志 ,男,电子工程系,无35,河北 ,唐山市第一中学 
孙胜扬 ,男,电子工程系,无35,河北 ,河北衡水中学 
高聪  ,男,电子工程系,无35,吉林,东北师大附属中学 
林圣杰 ,男,电子工程系,无35,上海 ,上海市上海中学 
李中昊 ,男,电子工程系,无35,江苏 ,南师大附中 
范毅丰 ,男,电子工程系,无35,湖南 ,湖南师大附中 
吴轩  ,男,电子工程系,无35,湖南,长郡中学 
李名扬 ,男,电子工程系,无35,北京 ,北京市丰台区和义街道 
李承璋 ,男,电子工程系,无35,北京 ,中国人民大学附属中学 
王钟绪 ,男,电子工程系,无35,内蒙古,内蒙师大附中 
刘培新 ,男,电子工程系,无35,辽宁 ,东北育才学校 
徐孟莹 ,女,电子工程系,无35,浙江 ,慈溪中学 
马赫  ,男,电子工程系,无35,河南,平顶山市第一中学 
朱宸卓 ,男,电子工程系,无35,北京 ,清华大学附属中学 
阮磊  ,男,电子工程系,无35,广西,广西南宁市第二中学 
张维忆 ,男,电子工程系,无35,四川 ,成都市树德中学 
陈馨瑶 ,女,电子工程系,无35,四川 ,四川省绵阳南山中学 
穆雨佳 ,女,电子工程系,无35,辽宁 ,大连理工大学附中 
高飞  ,男,电子工程系,无36,北京,北京市第四中学 
齐航  ,女,电子工程系,无36,北京,北京市第十二中学 
李东来 ,男,电子工程系,无36,北京 ,北京市十一学校 
丁思明 ,男,电子工程系,无36,北京 ,首都师范大学附属中学 
刘雨沙 ,女,电子工程系,无36,北京 ,北京市第八中学 
宋昌明 ,男,电子工程系,无36,辽宁 ,鞍山市第一中学 
丁钰  ,女,电子工程系,无36,浙江,浙江省新昌中学 
刘洁  ,男,电子工程系,无36,安徽,合肥一中 
林铭杰 ,男,电子工程系,无36,福建 ,三明二中 
李文硕 ,男,电子工程系,无36,山东 ,荣成市第一中学 
马昊宇 ,男,电子工程系,无36,山东 ,淄博市实验中学 
李波  ,男,电子工程系,无36,广西,陆川县中学 
林康博 ,男,电子工程系,无36,四川 ,德阳五中 
常博龙 ,男,电子工程系,无36,甘肃 ,西北师大附属中学 
董泽贤 ,女,电子工程系,无36,西藏 ,北京市第八十中学 
金星宇 ,男,电子工程系,无36,吉林 ,吉林一中 
徐安冉 ,男,电子工程系,无36,上海 ,华东师范大学第二附属中学 
沈睿哲 ,男,电子工程系,无36,湖南 ,湖南师大附中 
唐铭亮 ,男,电子工程系,无36,湖南 ,长郡中学 
李思涵 ,男,电子工程系,无36,北京 ,中国人民大学附属中学 
常增禄 ,男,电子工程系,无36,河北 ,河北衡水中学 
郭一隆 ,男,电子工程系,无36,山西 ,长治市二中(应) 
王海旭 ,男,电子工程系,无36,吉林 ,东北师大附属中学 
刘修敬 ,男,电子工程系,无36,广东 ,东莞市东华高级中学 
唐罗一都,男,电子工程系,无36,上海 ,上海市上海中学 
栾书明 ,男,电子工程系,无36,辽宁 ,凤城市第一中学 
张鸣鹤 ,男,电子工程系,无36,江苏 ,徐州市第一中学 
刘宸昊 ,男,电子工程系,无36,河南 ,郑州外国语学校 
吴冰  ,女,电子工程系,无36,辽宁,东北育才学校 
魏熠民 ,男,电子工程系,无37,北京 ,北京市第四中学 
张传奕 ,男,电子工程系,无37,北京 ,北京市十一学校 
刘晏辰 ,男,电子工程系,无37,北京 ,中国人民大学附属中学 
熊铮  ,男,电子工程系,无37,北京,北京市第四中学 
刘恩赫 ,男,电子工程系,无37,天津 ,静海一中 
郑奕辰 ,男,电子工程系,无37,河北 ,河北深州市中学 
何皓源 ,男,电子工程系,无37,山西 ,海泉学校 
张旭光 ,男,电子工程系,无37,吉林 ,通钢一中 
麻毓哲 ,女,电子工程系,无37,吉林 ,长春吉大附中实验学校 
穆鑫  ,女,电子工程系,无37,安徽,太和一中 
张明扬 ,男,电子工程系,无37,安徽 ,合肥一中 
庄永文 ,男,电子工程系,无37,山东 ,山东省莱西市第一中学（北校） 
黄晋  ,男,电子工程系,无37,湖北,鄂南高中 
岑宗骏 ,男,电子工程系,无37,广西 ,玉林高中 
白杨  ,女,电子工程系,无37,陕西,西安市铁一中学 
刘家硕 ,男,电子工程系,无37,陕西 ,西北工业大学附属中学 
臧梓涵 ,男,电子工程系,无37,青海 ,敦煌基地中学 
杨云盛 ,男,电子工程系,无37,新疆 ,北京农业大学附属中学 
刘作桢 ,男,电子工程系,无37,辽宁 ,大连第八中学 
赵一霖 ,男,电子工程系,无37,上海 ,华东师范大学第二附属中学 
林梓楠 ,男,电子工程系,无37,福建 ,厦门第一中学 
舒宜彬 ,男,电子工程系,无37,湖南 ,长郡中学 
陈志杰 ,男,电子工程系,无37,广东 ,华南师范大学附属中学 
徐鼎  ,男,电子工程系,无37,四川,绵阳中学 
翟佳宁 ,女,电子工程系,无37,北京 ,清华大学附属中学 
张心宇 ,男,电子工程系,无37,江苏 ,江苏省海安高级中学 
徐安  ,男,电子工程系,无37,湖南,湖南师大附中 
周豪宇 ,男,电子工程系,无37,浙江 ,杭州学军中学 
王治博 ,男,电子工程系,无37,辽宁 ,阜新市实验中学 
金四维 ,男,电子工程系,无38,北京 ,清华大学附属中学 
梁少恒 ,男,电子工程系,无38,北京 ,中国人民大学附属中学 
李佳琛 ,男,电子工程系,无38,天津 ,芦台一中 
姚铮  ,男,电子工程系,无38,河北,衡水市滏阳中学 
李炳健 ,男,电子工程系,无38,黑龙江,大庆市实验中学 
刘少博 ,男,电子工程系,无38,安徽 ,宁国中学 
张懿  ,男,电子工程系,无38,江西,吉安一中 
于远征 ,男,电子工程系,无38,山东 ,山东省莱西市第一中学（南校） 
孙雅琪 ,女,电子工程系,无38,山东 ,烟台开发区高级中学 
张旭  ,男,电子工程系,无38,湖北,湖北省潜江中学 
向东来 ,男,电子工程系,无38,广东 ,深圳市高级中学 
曾祥晟 ,男,电子工程系,无38,海南 ,海口市第一中学 
李佳钉 ,男,电子工程系,无38,四川 ,南充高中 
刘宇航 ,男,电子工程系,无38,陕西 ,西北工业大学附属中学 
杨坤  ,男,电子工程系,无38,青海,江苏省中学 
张浩林 ,男,电子工程系,无38,辽宁 ,大连市第二十四中学 
于跃  ,男,电子工程系,无38,辽宁,大连市第二十四中学 
谭竞搏 ,男,电子工程系,无38,辽宁 ,辽宁省实验中学 
施文琦 ,男,电子工程系,无38,上海 ,华东师范大学第二附属中学 
刘潇  ,男,电子工程系,无38,浙江,乐成公立寄宿学校 
刘侃  ,男,电子工程系,无38,湖南,桃江县一中 
张开来 ,男,电子工程系,无38,湖南 ,长郡中学 
杨一雄 ,男,电子工程系,无38,湖南 ,长沙市一中 
秦睿  ,女,电子工程系,无38,北京,清华大学附属中学 
杨思雨 ,女,电子工程系,无38,上海 ,上海市晋元高级中学 
方佳璋 ,男,电子工程系,无38,江苏 ,江苏省南通中学 
惠铄迪 ,女,电子工程系,无38,陕西 ,西北工业大学附属中学 
王洪淼 ,男,电子工程系,无38,北京 ,北京市第四中学 
逯睿琦 ,男,电子工程系,无38,山西 ,临汾一中(应) 
刘春建 ,男,计算机科学与技术系,计31,河北 ,衡水市滏阳中学 
张正  ,男,计算机科学与技术系,计31,河北,衡水市第二中学 
张建业 ,男,计算机科学与技术系,计31,内蒙古,赤峰红旗中学 
刘峰  ,男,计算机科学与技术系,计31,内蒙古,北重三中 
吴孟轩 ,男,计算机科学与技术系,计31,内蒙古,赤峰元宝山区平庄煤业高级中学 
于贵臣 ,男,计算机科学与技术系,计31,辽宁 ,本溪市第一中学 
许孝先 ,男,计算机科学与技术系,计31,安徽 ,宿城一中 
吴永宇 ,男,计算机科学与技术系,计31,安徽 ,太和一中 
蔡文静 ,女,计算机科学与技术系,计31,安徽 ,蒙城县一中 
赖涵光 ,男,计算机科学与技术系,计31,福建 ,泉州第五中学 
刘智峰 ,男,计算机科学与技术系,计31,福建 ,闽侯一中 
谢云飞 ,男,计算机科学与技术系,计31,山东 ,聊城一中 
王聪  ,男,计算机科学与技术系,计31,山东,广饶县第一中学 
陈冲  ,男,计算机科学与技术系,计31,河南,虞城县高中 
刘元凯 ,男,计算机科学与技术系,计31,河南 ,南阳市第一中学 
黄金帆 ,男,计算机科学与技术系,计31,湖北 ,襄阳市第五中学 
张承佳楠,男,计算机科学与技术系,计31,湖北,十堰市郧阳中学 
王啸宇 ,男,计算机科学与技术系,计31,陕西 ,西北工业大学附属中学 
李哲  ,男,计算机科学与技术系,计31,陕西,西北工业大学附属中学 
张俊祺 ,男,计算机科学与技术系,计31,陕西 ,高新一中 
雷鑫  ,男,计算机科学与技术系,计31,陕西,高新一中 
贺子松 ,男,计算机科学与技术系,计32,山西 ,襄汾县中学 
杨青霖 ,男,计算机科学与技术系,计32,吉林 ,洮南市第一中学 
顾晓韬 ,男,计算机科学与技术系,计32,江苏 ,无锡市大桥实验中学 
舒航  ,男,计算机科学与技术系,计32,江西,南昌县莲塘一中往届 
王子愉 ,男,计算机科学与技术系,计32,湖北 ,黄梅县第一高级中学 
王苏  ,男,计算机科学与技术系,计32,广东,南海区石门中学 
李奕昕 ,女,计算机科学与技术系,计32,广西 ,桂林市第十八中学 
程凯  ,男,计算机科学与技术系,计32,重庆,重庆市第十八中学校 
黄世宇 ,男,计算机科学与技术系,计32,四川 ,绵阳中学实验学校 
李成江 ,男,计算机科学与技术系,计32,云南 ,临沧市第一中学 
李碧琛 ,男,计算机科学与技术系,计32,甘肃 ,华亭一中 
何轩  ,男,计算机科学与技术系,计32,新疆,八一中学 
林婕茵 ,女,计算机科学与技术系,计32,台湾 ,台北市立第一女子高級中學 
宫澄光 ,男,计算机科学与技术系,计32,上海 ,上海复旦大学附属中学 
余翔  ,男,计算机科学与技术系,计32,江苏,江苏省大丰高级中学 
郑舒冉 ,女,计算机科学与技术系,计32,浙江 ,杭州学军中学 
孟凡航 ,男,计算机科学与技术系,计32,浙江 ,绍兴市第一中学 
陈立杰 ,男,计算机科学与技术系,计32,浙江 ,杭州外语学校 
吴艺杰 ,男,计算机科学与技术系,计32,福建 ,厦门第一中学 
陈璞  ,男,计算机科学与技术系,计32,福建,福州一中 
魏鑫鼎 ,男,计算机科学与技术系,计32,河南 ,郑州外国语学校 
陈文潇 ,男,计算机科学与技术系,计32,湖南 ,长郡中学 
向鹏达 ,男,计算机科学与技术系,计32,湖南 ,雅礼中学 
龙浩民 ,男,计算机科学与技术系,计32,广东 ,中山市第一中学 
陆禹  ,男,计算机科学与技术系,计32,广西,广西南宁市第二中学 
范子豪 ,男,计算机科学与技术系,计32,北京 ,北京师范大学第二附属中学 
赵一明 ,男,计算机科学与技术系,计32,北京 ,北京市十一学校 
赵瑞屾 ,男,计算机科学与技术系,计32,天津 ,宝坻一中 
乔奕  ,男,计算机科学与技术系,计32,上海,上海市上海中学 
叶雨菲 ,女,计算机科学与技术系,计32,北京 ,北京市第四中学 
周建宇 ,男,计算机科学与技术系,计32,山东 ,烟台一中 
王笑晗 ,女,计算机科学与技术系,计33,河北 ,衡水市滏阳中学 
张殿炎 ,男,计算机科学与技术系,计33,辽宁 ,本溪市高级中学 
王邈  ,男,计算机科学与技术系,计33,黑龙江,哈市第二十四中学 
陈志鹏 ,男,计算机科学与技术系,计33,江苏 ,盐城景山中学 
黄欢  ,女,计算机科学与技术系,计33,浙江,浦江县浦江中学 
卢枫  ,男,计算机科学与技术系,计33,福建,永安一中 
王伟任 ,男,计算机科学与技术系,计33,山东 ,胶州市实验中学 
郭栋  ,男,计算机科学与技术系,计33,河南,北大附中河南分校 
何小豪 ,男,计算机科学与技术系,计33,广东 ,广州市第七中学 
廖亦阳 ,男,计算机科学与技术系,计33,广西 ,广西南宁市第三中学 
吕国南 ,男,计算机科学与技术系,计33,广西 ,玉林高中 
王楠  ,女,计算机科学与技术系,计33,海南,海口市第一中学 
白家松 ,男,计算机科学与技术系,计33,甘肃 ,宁县第二中学 
叶方轲 ,男,计算机科学与技术系,计33,北京 ,北京师范大学附属实验中学 
吴铮  ,男,计算机科学与技术系,计33,天津,耀华中学 
徐炜杰 ,男,计算机科学与技术系,计33,上海 ,上海复旦大学附属中学 
韩旭  ,男,计算机科学与技术系,计33,江苏,江苏省大丰高级中学 
徐磊  ,男,计算机科学与技术系,计33,江苏,常州市第一中学 
曹科垒 ,男,计算机科学与技术系,计33,浙江 ,宁波市镇海中学 
王少雄 ,男,计算机科学与技术系,计33,安徽 ,安徽师范大学附属中学 
郑弘宇 ,男,计算机科学与技术系,计33,福建 ,泉州第七中学 
郭志芃 ,男,计算机科学与技术系,计33,河南 ,郑州外国语学校 
李宇轩 ,男,计算机科学与技术系,计33,湖南 ,衡阳市第八中学 
古裔正 ,男,计算机科学与技术系,计33,广东 ,中山市第一中学 
何乐  ,男,计算机科学与技术系,计33,广东,深圳中学 
张宇翔 ,男,计算机科学与技术系,计33,重庆 ,重庆市鲁能巴蜀中学 
黎文杰 ,男,计算机科学与技术系,计33,四川 ,南山中学实验学校 
杜华峰 ,男,计算机科学与技术系,计33,湖北 ,钟祥市第一中学 
徐涵  ,男,计算机科学与技术系,计33,北京,清华大学附属中学 
董豪宇 ,男,计算机科学与技术系,计33,云南 ,昭通市第一中学 
马志远 ,男,计算机科学与技术系,计34,北京 ,北京市第四中学 
施韶韵 ,男,计算机科学与技术系,计34,安徽 ,当涂县一中 
邓志杰 ,男,计算机科学与技术系,计34,河南 ,光山县第二高级中学 
姜天健 ,男,计算机科学与技术系,计34,河南 ,郑州一中 
何晓楠 ,女,计算机科学与技术系,计34,河南 ,光山县第二高级中学 
刘政宁 ,男,计算机科学与技术系,计34,湖南 ,长郡中学 
黄予  ,男,计算机科学与技术系,计34,海南,海南省华侨中学 
刘杰  ,男,计算机科学与技术系,计34,四川,资中县第二中学 
马也  ,男,计算机科学与技术系,计34,陕西,西北工业大学附属中学 
王戈锐 ,男,计算机科学与技术系,计34,北京 ,中国人民大学附属中学 
董胤蓬 ,男,计算机科学与技术系,计34,河北 ,邯郸市第一中学 
王康宁 ,男,计算机科学与技术系,计34,吉林 ,东北师大附属中学 
汤沛雯 ,女,计算机科学与技术系,计34,黑龙江,哈尔滨师范大学附属中学 
桥本优 ,男,计算机科学与技术系,计34,上海 ,华东师范大学第二附属中学 
沈哲言 ,男,计算机科学与技术系,计34,上海 ,上海交通大学附属中学 
钱雨杰 ,男,计算机科学与技术系,计34,江苏 ,江苏省常州高级中学 
贾志鹏 ,男,计算机科学与技术系,计34,江苏 ,南京外国语学校 
胡渊鸣 ,男,计算机科学与技术系,计34,江苏 ,江苏省扬州中学 
茹逸中 ,男,计算机科学与技术系,计34,浙江 ,杭州市学军中学 
龚拓宇 ,男,计算机科学与技术系,计34,浙江 ,宁波市镇海中学 
杨志灿 ,男,计算机科学与技术系,计34,福建 ,师大附中 
彭天翼 ,男,计算机科学与技术系,计34,湖南 ,湖南师大附中 
姚炫容 ,男,计算机科学与技术系,计34,广东 ,中山纪念中学 
陈昺弘 ,男,计算机科学与技术系,计34,广东 ,华南师范大学附属中学 
王悦铭 ,女,计算机科学与技术系,计34,四川 ,四川省绵阳南山中学 
李凌霄 ,男,计算机科学与技术系,计34,四川 ,成都七中 
杨晓成 ,男,计算机科学与技术系,计34,山东 ,平邑县一中 
马坚鑫 ,男,计算机科学与技术系,计34,广东 ,珠海市第一中学 
于墨翰 ,男,计算机科学与技术系,计34,辽宁 ,大连育明高中 
游宇铭 ,男,计算机科学与技术系,计34,福建 ,漳州一中 
马德锋 ,男,计算机科学与技术系,计35,浙江 ,上虞市春晖中学 
蒋文明 ,男,计算机科学与技术系,计35,安徽 ,临泉一中 
郑兆衡 ,男,计算机科学与技术系,计35,福建 ,厦门第一中学 
熊雄  ,男,计算机科学与技术系,计35,江西,都昌县一中 
张明瑞 ,男,计算机科学与技术系,计35,河南 ,开封高中 
吴之璟 ,女,计算机科学与技术系,计35,河南 ,南阳市第一中学 
冯栩  ,男,计算机科学与技术系,计35,贵州,遵义市四中 
任淼  ,女,计算机科学与技术系,计35,贵州,贵阳市第一中学 
马志明 ,男,计算机科学与技术系,计35,宁夏 ,吴忠中学 
范浩强 ,男,计算机科学与技术系,计35,北京 ,中国人民大学附属中学分校 
毕克  ,男,计算机科学与技术系,计35,河北,石家庄市第二中学 
王琦  ,男,计算机科学与技术系,计35,吉林,长春吉大附中实验学校 
孙天成 ,男,计算机科学与技术系,计35,上海 ,上海市格致中学 
高胜寒 ,男,计算机科学与技术系,计35,江苏 ,江苏省常州高级中学 
顾昱洲 ,男,计算机科学与技术系,计35,江苏 ,南师大附中 
钱迪晨 ,男,计算机科学与技术系,计35,浙江 ,杭州市学军中学 
王若松 ,男,计算机科学与技术系,计35,山东 ,山东省青岛第二中学 
叶子鹏 ,男,计算机科学与技术系,计35,湖北 ,华中师范大学第一附属中学 
罗雨屏 ,男,计算机科学与技术系,计35,湖南 ,长郡中学 
谢琛睿 ,男,计算机科学与技术系,计35,湖南 ,雅礼中学 
温和  ,男,计算机科学与技术系,计35,广东,中山纪念中学 
王梓仲 ,男,计算机科学与技术系,计35,广东 ,华南师范大学附属中学 
王启圣 ,男,计算机科学与技术系,计35,广西 ,广西柳州高级中学 
刘力源 ,男,计算机科学与技术系,计35,海南 ,海南中学 
朱新瑞 ,男,计算机科学与技术系,计35,四川 ,成都市石室中学 
杨明  ,男,计算机科学与技术系,计35,北京,北京市第四中学 
高思达 ,男,计算机科学与技术系,计35,北京 ,中国人民大学附属中学 
张逸玮 ,男,计算机科学与技术系,计35,上海 ,华东师范大学第二附属中学 
陈雨兰 ,女,计算机科学与技术系,计35,上海 ,上海市上海中学 
张浩天 ,男,计算机科学与技术系,计35,陕西 ,西北工业大学附属中学 
谷轩  ,男,自动化系,自31,河北,衡水市武邑县武邑中学 
白云天 ,男,自动化系,自31,辽宁 ,朝阳市第二高级中学 
陈洪鑫 ,男,自动化系,自31,辽宁 ,丹东市第二中学 
毕泽龙 ,男,自动化系,自31,辽宁 ,铁岭市调兵山市第一高级中学 
王磊  ,男,自动化系,自31,吉林,桦甸四中 
王岩  ,男,自动化系,自31,吉林,长春市十一高中 
刘恩孝 ,男,自动化系,自31,吉林 ,公主岭一中 
吴超  ,男,自动化系,自31,安徽,枞阳县浮山中学 
陈熙  ,男,自动化系,自31,安徽,野寨中学 
田成根 ,男,自动化系,自31,江西 ,万载中学 
王鑫  ,男,自动化系,自31,江西,宜丰中学 
张涛  ,男,自动化系,自31,山东,新泰一中 
刘炜  ,男,自动化系,自31,湖南,安乡一中 
姚荣  ,男,自动化系,自31,湖南,益阳市第一中学 
唐静娴 ,女,自动化系,自31,湖南 ,隆回一中 
刘礼杰 ,男,自动化系,自31,湖南 ,耒阳市正源学校 
罗术  ,男,自动化系,自31,四川,成都市第七中学 
潘邦  ,男,自动化系,自31,甘肃,民勤县第一中学 
王磊  ,男,自动化系,自31,甘肃,民勤县第一中学 
张骁骏 ,男,自动化系,自31,甘肃 ,庆阳第一中学 
孙超逸 ,男,自动化系,自31,江西 ,丰城中学 
周童  ,女,自动化系,自31,河南,开封高中 
樊一萍 ,女,自动化系,自31,河南 ,巩义市第二高中 
韩宇轩 ,男,自动化系,自31,湖南 ,宁乡一中 
连建彬 ,男,自动化系,自31,河北 ,冀州市信都学校高中部 
钱鹏  ,男,自动化系,自31,安徽,龙翔高复学校 
丁威  ,男,自动化系,自31,河南,周口市郸城县一高 
伍星  ,男,自动化系,自31,四川,渠县中学 
欧阳佳弘,女,自动化系,自32,北京 ,首都师范大学附属中学 
赵灿  ,男,自动化系,自32,天津,芦台一中 
杨之旭 ,男,自动化系,自32,辽宁 ,东北育才学校 
许函  ,男,自动化系,自32,黑龙江,大庆市实验中学 
陆欣然 ,女,自动化系,自32,江苏 ,南京外国语学校 
牛家禾 ,男,自动化系,自32,安徽 ,临泉一中 
袁润泽 ,男,自动化系,自32,河南 ,平顶山市第一中学 
肖居安 ,男,自动化系,自32,湖南 ,自治州民族中学 
陈燕  ,女,自动化系,自32,广西,桂林市桂林中学 
钟重阳 ,男,自动化系,自32,重庆 ,永川中学 
李亮  ,男,自动化系,自32,四川,四川省巴中中学 
陈昊楠 ,男,自动化系,自32,陕西 ,西北工业大学附属中学 
刘天宜 ,男,自动化系,自32,青海 ,河北省中学 
康昱城 ,男,自动化系,自32,北京 ,中国人民大学附属中学 
李泽群 ,男,自动化系,自32,山西 ,山大附中 
万琳莉 ,女,自动化系,自32,内蒙古,通辽五中 
周建业 ,男,自动化系,自32,江苏 ,江苏省梁丰高级中学 
朱天奕 ,男,自动化系,自32,广西 ,广西师大附属外国语学校 
陈炜祥 ,男,自动化系,自32,福建 ,龙岩一中 
吴嘉林 ,男,自动化系,自32,北京 ,北京师范大学附属实验中学 
董阳洋 ,男,自动化系,自32,江西 ,鄱阳中学 
吴垚垚 ,男,自动化系,自32,浙江 ,宁波市镇海中学 
冯乔俊 ,男,自动化系,自32,广东 ,深圳市深圳中学 
邵年  ,男,自动化系,自32,山东,山东省潍坊行知学校 
孙天毅 ,男,自动化系,自33,北京 ,北京市第八中学 
肖昱昕 ,女,自动化系,自33,北京 ,中央民族大学附属中学 
王倬然 ,女,自动化系,自33,河北 ,邯郸市第一中学 
荣良子 ,男,自动化系,自33,河北 ,衡水市第二中学 
金晟  ,男,自动化系,自33,吉林,吉林一中 
董泽华 ,男,自动化系,自33,吉林 ,白城市第一高中 
邸研  ,男,自动化系,自33,黑龙江,萨尔图其它中等学历学 
陈文昌 ,男,自动化系,自33,江苏 ,南京师范大学附属中学 
王钰清 ,女,自动化系,自33,浙江 ,上虞市春晖中学 
王海涛 ,男,自动化系,自33,浙江 ,浙江省宁海中学 
严江鹏 ,男,自动化系,自33,福建 ,仙游私立第一中学 
王冠  ,男,自动化系,自33,山东,枣庄三中 
段永杰 ,男,自动化系,自33,河南 ,许昌高中 
方捷睿 ,男,自动化系,自33,广东 ,广东省惠来县第一中学 
龙腾  ,男,自动化系,自33,重庆,重庆市第一中学 
彭聆然 ,男,自动化系,自33,云南 ,文山州第一中学 
张可欣 ,女,自动化系,自33,陕西 ,陕师大附中 
王晨辉 ,男,自动化系,自33,宁夏 ,石嘴山市第三中学 
张子函 ,男,自动化系,自33,安徽 ,宿城一中 
王昕朋 ,男,自动化系,自33,北京 ,中国人民大学附属中学 
乔畅  ,男,自动化系,自33,山西,山大附中 
董尔群 ,男,自动化系,自33,陕西 ,西北工业大学附属中学 
于思远 ,男,自动化系,自33,山东 ,东营市一中 
冯健威 ,男,自动化系,自33,广东 ,珠海市第一中学 
张弛  ,男,自动化系,自34,北京,中国人民大学附属中学 
尤佳轩 ,男,自动化系,自34,北京 ,北京市第八中学 
李萌  ,男,自动化系,自34,内蒙古,锦山中学 
田泽  ,男,自动化系,自34,内蒙古,包钢一中 
徐志伟 ,男,自动化系,自34,浙江 ,浙江省新昌中学 
陈扬锐 ,男,自动化系,自34,福建 ,尤溪一中 
陈曦  ,男,自动化系,自34,山东,山东省昌乐二中 
于轩  ,男,自动化系,自34,河南,安阳市第一中学 
张梦宇 ,女,自动化系,自34,河南 ,河南省实验中学 
李博文 ,男,自动化系,自34,湖北 ,襄阳市第五中学 
吴伟佳 ,男,自动化系,自34,广东 ,揭阳第一中学 
谭文硕 ,女,自动化系,自34,广西 ,河池高级中学 
唐鑫新 ,男,自动化系,自34,广西 ,桂林市桂林中学 
张浩正 ,男,自动化系,自34,四川 ,成都市第七中学 
王斯煜 ,男,自动化系,自34,甘肃 ,兰州第一中学 
刘冀洋 ,男,自动化系,自34,吉林 ,长春市十一高中 
马玉冰 ,女,自动化系,自34,吉林 ,长春吉大附中实验学校 
陈湛江 ,男,自动化系,自34,浙江 ,乐清乐成公立寄宿学校 
马浩程 ,男,自动化系,自34,云南 ,云南师范大学附属中学 
李娇阳 ,女,自动化系,自34,甘肃 ,兰州第一中学 
江智豪 ,男,自动化系,自34,安徽 ,芜湖市第一中学 
丁雨  ,男,自动化系,自34,北京,中国人民大学附属中学 
王嘉正 ,男,自动化系,自34,河北 ,衡水市滏阳中学 
郭嘉丞 ,男,自动化系,自34,上海 ,上海市上海中学 
陈禹同 ,男,自动化系,自35,天津 ,蓟县一中 
封栋  ,男,自动化系,自35,山西,大同一中 
倪骁然 ,男,自动化系,自35,江苏 ,江苏省东台中学 
叶永竞 ,男,自动化系,自35,安徽 ,合肥一中 
黄润乾 ,男,自动化系,自35,江西 ,临川第一中学 
姚皓天 ,男,自动化系,自35,湖北 ,襄阳市第五中学 
王希梅 ,男,自动化系,自35,广东 ,梅州市梅县东山中学 
李远航 ,男,自动化系,自35,广西 ,桂林市第十八中学 
方立  ,男,自动化系,自35,四川,南充高中 
王培  ,男,自动化系,自35,云南,昭通市第一中学 
孙世杰 ,男,自动化系,自35,甘肃 ,西北师大附属中学 
王勇  ,男,自动化系,自35,辽宁,鞍山市第一中学 
路畅  ,女,自动化系,自35,吉林,长春市十一高中 
薛越天 ,男,自动化系,自35,吉林 ,东北师大附属中学 
张赛特 ,男,自动化系,自35,浙江 ,乐清乐成公立寄宿学校 
黄熹之 ,男,自动化系,自35,福建 ,福州一中 
刘冰露 ,女,自动化系,自35,新疆 ,乌鲁木齐市一中 
孟岳  ,男,自动化系,自35,北京,清华大学附属中学 
刘霁航 ,男,自动化系,自35,海南 ,海南省农垦中学 
何悦  ,男,自动化系,自35,北京,北京市第八十中学 
祝航  ,男,自动化系,自35,河南,光山县第二高级中学 
王潮  ,女,自动化系,自35,河南,郑州一中 
张通  ,男,自动化系,自35,山东,山东省青岛第二中学 
王哲宇 ,男,自动化系,自36,北京,中国人民大学附属中学 
李逸飞 ,男,自动化系,自36,山西,大同一中 
郑大勇 ,男,自动化系,自36,辽宁,北票市高级中学 
张四维 ,女,自动化系,自36,江苏,江苏省兴化中学 
陈胜杰 ,男,自动化系,自36,安徽,怀远招办1 
汤鑫显 ,男,自动化系,自36,福建,将乐一中 
杨震宁 ,男,自动化系,自36,山东,山东省实验中学 
秦钰超 ,男,自动化系,自36,河南,林州市第一中学 
阙文戈 ,男,自动化系,自36,湖南,桃源县一中 
张为先 ,男,自动化系,自36,四川,攀枝花市第三高级中学校 
刘永聪 ,男,自动化系,自36,贵州,思南中学 
于隽  ,男,自动化系,自36,陕西,西北工业大学附属中学 
马鸿图 ,男,自动化系,自36,青海,辽宁省中学 
郝浚珩 ,男,自动化系,自36,吉林,吉林一中 
汪昱东 ,男,自动化系,自36,江西,南昌大学附属中学 
刘柏  ,男,自动化系,自36,广东,深圳实验学校 
陈卓  ,男,自动化系,自36,甘肃,西北师大附属中学 
安亮  ,男,自动化系,自36,江苏,江苏省赣榆高级中学 
张若弛 ,男,自动化系,自36,浙江 ,宁波市镇海中学 
周婧雯 ,女,自动化系,自36,湖北 ,襄阳市第五中学 
张梦瑶 ,女,自动化系,自36,新疆 ,乌鲁木齐市一中 
郭晓阳 ,男,自动化系,自36,天津 ,静海一中 
周开宇 ,男,自动化系,自36,海南 ,海南中学 
马宇沫 ,男,航天航空学院,航31,河北 ,衡水市滏阳中学 
商航  ,女,航天航空学院,航31,内蒙古,赤峰二中 
白浩然 ,男,航天航空学院,航31,辽宁 ,阜蒙县蒙古高中 
张一鸣 ,男,航天航空学院,航31,吉林 ,德惠实验中学 
王泽  ,男,航天航空学院,航31,黑龙江,大庆市实验中学 
曹哲  ,男,航天航空学院,航31,江西,鄱阳县私立饶州中学 
朱芸  ,女,航天航空学院,航31,山东,沂南县第一中学 
闫涵  ,女,航天航空学院,航31,河南,周口市郸城县一高 
兰轶冰 ,男,航天航空学院,航31,河南 ,偃师高级中学 
郑敬浩 ,男,航天航空学院,航31,湖北 ,荆州市江陵中学 
姚茂攀 ,男,航天航空学院,航31,贵州 ,凯里市一中 
张仡  ,男,航天航空学院,航31,陕西,西安交通大学附属中学 
李凤仪 ,女,航天航空学院,航31,陕西 ,高新一中 
张宗刚 ,男,航天航空学院,航31,甘肃 ,会宁县第一中学 
刘宇  ,男,航天航空学院,航32,北京,北京市顺义区第一中学 
李金优 ,女,航天航空学院,航32,辽宁 ,灯塔市第一高级中学 
揭育澄 ,男,航天航空学院,航32,福建 ,连城一中 
官晓珂 ,女,航天航空学院,航32,山东 ,山东省平度第一中学 
赵雷洋 ,男,航天航空学院,航32,河南 ,临颍县第一高级中学 
叶桑  ,男,航天航空学院,航32,湖北,武汉市新洲区第一中学 
曾兆妹 ,女,航天航空学院,航32,海南 ,儋州市第一中学 
何宛真 ,女,航天航空学院,航32,四川 ,达州市一中 
李超  ,男,航天航空学院,航32,四川,成都市第八中学 
贾柳  ,男,航天航空学院,航32,四川,四川省双流县华阳中学 
刘浩铭 ,男,航天航空学院,航32,四川 ,资中县第二中学 
马程  ,男,航天航空学院,航32,黑龙江,牡丹江市第一高级中学 
王子路 ,男,航天航空学院,航32,黑龙江,哈尔滨市三中 
程则  ,男,航天航空学院,航32,上海,上海市延安中学 
陶家威 ,男,航天航空学院,航32,浙江 ,金华市第一中学 
王舒可 ,男,航天航空学院,航32,江西 ,赣县中学南校区 
李学智 ,男,航天航空学院,航32,山东 ,寿光一中 
高原  ,男,航天航空学院,航32,山东,东营市胜利第一中学 
高瞻  ,男,航天航空学院,航32,河南,河南省实验中学 
龙佳新 ,男,航天航空学院,航32,湖南 ,长郡中学 
韩雨骊 ,女,航天航空学院,航32,湖南 ,长郡中学 
赵亦轩 ,男,航天航空学院,航32,陕西 ,西北工业大学附中 
马司政 ,男,航天航空学院,航32,陕西 ,西安交通大学附属中学 
尹宇辉 ,男,航天航空学院,航32,陕西 ,陕西师范大学附属中学 
王翼  ,男,航天航空学院,航32,青海,青海师范大学附属中学 
刘鑫  ,男,航天航空学院,航32,宁夏,银川一中 
库一杰 ,男,航天航空学院,航32,河南 ,鹤壁高中（新校区） 
郑阳  ,男,航天航空学院,航32,黑龙江,海伦市第一中学 
袁星驰 ,男,航天航空学院,航32,湖南 ,隆回二中 
马兰霁弘,男,航天航空学院,航33,北京,中央民族大学附属中学 
王罗浩 ,男,航天航空学院,航33,河北 ,河北衡水中学 
王文露 ,女,航天航空学院,航33,河北 ,衡水市武邑县武邑中学 
冯轩  ,男,航天航空学院,航33,山西,太谷中学 
董梓沛 ,男,航天航空学院,航33,山西 ,黎城一中(应) 
常嘉辉 ,男,航天航空学院,航33,山西 ,临汾三中(应) 
杨雪艺 ,女,航天航空学院,航33,内蒙古,鄂尔多斯市第一中学 
姚凯丽 ,女,航天航空学院,航33,辽宁 ,营口开发区第一高中 
张孟起 ,女,航天航空学院,航33,广东 ,深圳市宝安中学 
覃若琳 ,女,航天航空学院,航33,广西 ,广西柳州高级中学 
张孝天 ,男,航天航空学院,航33,四川 ,射洪中学 
彭俊杰 ,男,航天航空学院,航33,贵州 ,贵阳市第一中学 
袁李  ,男,航天航空学院,航33,陕西,西北工业大学附属中学 
李文璐 ,女,航天航空学院,航33,甘肃 ,民勤县第一中学 
赵宏钰 ,男,航天航空学院,航33,新疆 ,哈密地区二中 
谢家熹 ,男,航天航空学院,航33,北京 ,中国人民大学附属中学 
遆尧  ,男,航天航空学院,航33,天津,杨村一中 
李东杰 ,男,航天航空学院,航33,山西 ,城区往届生 
王宇嘉 ,女,航天航空学院,航33,黑龙江,大庆市实验中学 
孙逸霄 ,男,航天航空学院,航33,上海 ,上海市曹杨第二中学 
刘贺心 ,女,航天航空学院,航33,吉林 ,四平市实验中学 
包佳立 ,男,航天航空学院,航33,上海 ,华东师范大学第二附属中学 
陈轩  ,男,航天航空学院,航33,浙江,浙江省衢州第二中学 
唐俊跃 ,男,航天航空学院,航33,四川 ,南充高中 
张凯  ,男,航天航空学院,航33,江苏,江苏省淮阴中学 
钟源  ,女,航天航空学院,航33,江苏,江苏省海安高级中学 
陈贤亮 ,男,航天航空学院,航33,安徽 ,屯溪一中 
郑坤炜 ,男,航天航空学院,航33,福建 ,厦门外国语学校 
高政坤 ,男,航天航空学院,力3,河北 ,衡水市滏阳中学 
刘凡犁 ,男,航天航空学院,力3,湖南 ,耒阳市正源学校 
任建勋 ,男,航天航空学院,力3,重庆 ,重庆市第十八中学校 
阚镭  ,男,航天航空学院,力3,四川,绵阳东辰国际学校 
米泽民 ,男,航天航空学院,力3,云南 ,下关一中 
巩浩然 ,男,航天航空学院,力3,青海 ,山东省中学 
杨赛超 ,男,航天航空学院,力3,河北 ,石家庄市第二中学 
杨策  ,男,航天航空学院,力3,河北,石家庄市第二中学 
武迪  ,男,航天航空学院,力3,河北,河北衡水中学 
吴宇辰 ,男,航天航空学院,力3,辽宁 ,大连市第二十四中学 
张梓彤 ,女,航天航空学院,力3,黑龙江,大庆市实验中学 
邵枝淳 ,男,航天航空学院,力3,上海 ,上海市格致中学 
杨伟东 ,男,航天航空学院,力3,浙江 ,温州中学 
朱秉泉 ,女,航天航空学院,力3,浙江 ,乐成公立寄宿学校 
俞嘉晨 ,男,航天航空学院,力3,浙江 ,杭州市学军中学 
孙传鹏 ,男,航天航空学院,力3,山东 ,烟台一中 
王博涵 ,男,航天航空学院,力3,河南 ,河南省实验中学 
陈百鸣 ,男,航天航空学院,力3,河南 ,开封高中 
李逸良 ,男,航天航空学院,力3,湖北 ,华中师范大学第一附属中学 
陈晓奇 ,男,航天航空学院,力3,广东 ,华南师范大学附属中学 
刘芷宁 ,男,航天航空学院,力3,重庆 ,重庆市第八中学 
张恩瑞 ,男,航天航空学院,力3,四川 ,成都市第七中学 
胡脊梁 ,男,航天航空学院,力3,贵州 ,贵阳市第一中学 
高炜  ,男,航天航空学院,力3,陕西,陕西师范大学附属中学 
李步选 ,男,航天航空学院,力3,山西 ,长治市二中(应) 
姚一頔 ,男,工程物理系,工物31,北京 ,北京市十一学校 
油元  ,男,工程物理系,工物31,北京,北京市第十二中学 
窦威  ,男,工程物理系,工物31,内蒙古,包钢一中 
周诗伟 ,男,工程物理系,工物31,江苏 ,江苏省东海高级中学 
方伟  ,男,工程物理系,工物31,江苏,沭阳如东中学 
佘泽  ,男,工程物理系,工物31,安徽,枞阳县浮山中学 
周位鑫 ,男,工程物理系,工物31,河南 ,鹤壁高中（新校区） 
刘仲智 ,男,工程物理系,工物31,湖北 ,长阳土家族自治县第一高级中学 
吴天意 ,男,工程物理系,工物31,湖北 ,华中师范大学第一附属中学 
罗洋  ,男,工程物理系,工物31,湖南,桃源县一中 
关春懿 ,女,工程物理系,工物31,广西 ,广西师范大学附属中学 
周流源 ,男,工程物理系,工物31,广西 ,广西柳州高级中学 
唐墨  ,男,工程物理系,工物31,四川,安居育才中学 
王湘雷 ,男,工程物理系,工物31,四川 ,资中县第二中学 
蒋雨良 ,男,工程物理系,工物31,江西 ,江西省吉安市第一中学 
王李韬 ,男,工程物理系,工物31,陕西 ,西北工业大学附属中学 
陈晨  ,男,工程物理系,工物31,甘肃,庆阳第一中学 
李泽清 ,男,工程物理系,工物31,天津 ,耀华中学 
韩广泓 ,男,工程物理系,工物31,河北 ,河北衡水中学 
张禾  ,男,工程物理系,工物31,山西,康杰二中 
侯钦瀚 ,男,工程物理系,工物31,吉林 ,东北师大附属中学 
孙韵淇 ,男,工程物理系,工物31,江苏 ,江苏省扬中高级中学 
崔桐源 ,男,工程物理系,工物31,云南 ,玉溪一中 
刘晨迪 ,男,工程物理系,工物31,新疆 ,兵团二中 
信韬  ,男,工程物理系,工物31,河北,石家庄市第二中学 
王瑞  ,女,工程物理系,工物31,黑龙江,哈市师大附中 
张砚冬 ,女,工程物理系,工物31,安徽 ,六安一中 
张维  ,男,工程物理系,工物31,江西,南昌二中 
马锐垚 ,女,工程物理系,工物31,河南 ,北大附中河南分校 
王坤宇 ,男,工程物理系,工物31,湖北 ,当阳市第一高级中学 
杨子江 ,男,工程物理系,工物32,山西 ,晋城一中 
吴承鹏 ,男,工程物理系,工物32,江西 ,临川第一中学 
潘胜杰 ,男,工程物理系,工物32,云南 ,云南大学附属中学 
陈卓  ,男,工程物理系,工物32,陕西,高新一中 
刘得翔 ,男,工程物理系,工物32,甘肃 ,民乐县第一中学 
孙培轩 ,男,工程物理系,工物32,河北 ,河北衡水中学 
陈颖章 ,男,工程物理系,工物32,江苏 ,南师大附中 
蒋文韬 ,男,工程物理系,工物32,四川 ,成都七中嘉祥外国语学校 
顾勐智 ,男,工程物理系,工物32,贵州 ,贵阳市第一中学 
孟庆轩 ,男,工程物理系,工物32,新疆 ,兵团二中 
谭思楠 ,男,工程物理系,工物32,北京 ,北京市第一七一中学 
李理  ,男,工程物理系,工物32,天津,耀华中学 
刘向元 ,男,工程物理系,工物32,河北 ,衡水市滏阳中学 
张珮  ,女,工程物理系,工物32,河北,衡水市滏阳中学 
闫岩  ,男,工程物理系,工物32,山西,山大附中 
张思源 ,男,工程物理系,工物32,辽宁 ,鞍山市第一中学 
王霄桐 ,男,工程物理系,工物32,黑龙江,牡丹江市第一高级中学 
陈星雨 ,女,工程物理系,工物32,上海 ,上海市上海中学 
周毅博 ,男,工程物理系,工物32,浙江 ,浙江省诸暨中学 
叶一锰 ,男,工程物理系,工物32,福建 ,南安一中 
杜春雨 ,男,工程物理系,工物32,山东 ,日照第一中学 
倪运升 ,男,工程物理系,工物32,河南 ,偃师高级中学 
金河成 ,女,工程物理系,工物32,吉林 ,延边一中 
张成竹 ,男,工程物理系,工物32,江苏 ,江苏省前黄高级中学 
李岳桥 ,女,工程物理系,工物32,山东 ,烟台一中 
陈放  ,男,工程物理系,工物32,湖北,湖北省宜昌市第一中学 
谢振寰 ,男,工程物理系,工物32,湖南 ,长沙市一中 
陈发民 ,男,工程物理系,工物32,广东 ,潮阳实验学校 
范博闻 ,男,工程物理系,工物32,广西 ,柳州铁一中学 
李明蔚 ,女,工程物理系,工物32,云南 ,昆明市第一中学 
丁茜  ,女,工程物理系,工物33,河南,辉县市一中 
温家星 ,男,工程物理系,工物33,河南 ,许昌县三高 
柳骁勇 ,男,工程物理系,工物33,湖北 ,襄阳市第五中学 
罗天铎 ,男,工程物理系,工物33,湖南 ,长沙市芙蓉培训学校 
廖予祯 ,女,工程物理系,工物33,广西 ,百色高级中学 
刘兴杰 ,男,工程物理系,工物33,四川 ,宜宾市三中 
席浩  ,男,工程物理系,工物33,贵州,铜仁一中 
何运孝 ,男,工程物理系,工物33,贵州 ,贵阳市实验三中 
李祯  ,男,工程物理系,工物33,陕西,西北工业大学附属中学 
赵逸博 ,男,工程物理系,工物30,北京 ,北京师范大学附属实验中学 
李亚男 ,女,工程物理系,工物30,河北 ,衡水市滏阳中学 
李旭  ,女,工程物理系,工物30,吉林,吉林一中 
周逸帆 ,男,工程物理系,工物30,上海 ,上海市建平中学 
范世栋 ,男,工程物理系,工物30,江苏 ,江苏省苏州实验中学 
潘妙  ,女,工程物理系,工物30,浙江,杭州高级中学 
高畅  ,女,工程物理系,工物30,安徽, 亳州一中 
王毓圣 ,男,工程物理系,工物30,福建 ,晋江季延中学 
许傲  ,男,工程物理系,工物30,河南,漯河高级中学 
万英格 ,女,工程物理系,工物30,湖北 ,武汉外国语学校 
贺治超 ,男,工程物理系,工物30,四川 ,成都市树德中学 
邢光正 ,男,工程物理系,工物30,陕西 ,西北工业大学附属中学 
博文  ,男,工程物理系,工物30,山西,太原五中 
徐王睿 ,男,工程物理系,工物30,上海 ,上海市格致中学 
韩沛  ,男,工程物理系,工物30,江苏,南师大附中 
胡瑞璇 ,男,工程物理系,工物30,湖北 ,武汉市第二中学 
张雪悦 ,女,工程物理系,工物30,新疆 ,乌鲁木齐市一中 
德嘉  ,男,工程物理系,工物30,辽宁,阜新市实验中学 
仲志弘 ,男,工程物理系,工物30,上海 ,上海市大同中学 
彭鹏  ,男,工程物理系,工物30,江西,吉安县立中学 
王荔妍 ,女,工程物理系,工物30,湖南 ,长沙市雅礼中学 
黄鹏玮 ,男,工程物理系,工物30,广东 ,汕头市金山中学 
徐志谦 ,男,工程物理系,工物30,四川 ,四川省绵阳中学 
陈逸鹏 ,男,工程物理系,工物30,四川 ,成都市第七中学 
王梁州 ,男,工程物理系,工物30,四川 ,四川省绵阳中学 
章壬郁 ,男,工程物理系,工物30,浙江 ,杭州学军中学 
陈虹宇 ,男,工程物理系,工物30,重庆 ,重庆市第十八中学校 
李乔  ,男,工程物理系,工物30,甘肃,西北师大附属中学 
张启迪 ,女,工程物理系,工物30,山东 ,泰安一中 
陈寒  ,男,工程物理系,工物30,湖北,黄冈中学 
汪旻臻 ,男,工程物理系,工物30,山西 ,太原外国语学校 
支宇珩 ,男,工程物理系,工物30,陕西 ,西安市铁一中学 
单宏祎 ,男,工程物理系,核31,天津 ,宝坻一中 
刘倩  ,女,工程物理系,核31,河北,衡水市第二中学 
陈建坤 ,男,工程物理系,核31,河北 ,衡水市第二中学 
王帅  ,女,工程物理系,核31,山西,朔城区招生办(往) 
宋利  ,男,工程物理系,核31,内蒙古,包钢一中 
诺木琴 ,男,工程物理系,核31,内蒙古,内蒙师大附中 
关玺彤 ,男,工程物理系,核31,辽宁 ,抚顺市第二高级中学 
冯雪  ,女,工程物理系,核31,黑龙江,阿城区第一中学 
袁鹏  ,男,工程物理系,核31,江苏,江苏省淮阴中学 
张欢  ,男,工程物理系,核31,江苏,江苏省奔牛高级中学 
袁程  ,男,工程物理系,核31,安徽,舒城中学 
卢虹帆 ,女,工程物理系,核31,福建 ,宁化一中 
陈海涛 ,男,工程物理系,核31,江西 ,临川第一中学 
钟嘉芯 ,女,工程物理系,核31,江西 ,分宜中学 
马誉高 ,男,工程物理系,核31,江西 ,信丰中学(应届) 
赵明锐 ,男,工程物理系,核31,山东 ,诸城实验中学 
孙昊方 ,男,工程物理系,核31,山东 ,即墨市实验高中 
郭浩然 ,男,工程物理系,核31,河南 ,新密市第二高级中学 
黄世钰 ,男,工程物理系,核31,湖北 ,黄冈中学 
谭俊  ,男,工程物理系,核31,湖北,湖北省宜都市第一中学 
明春  ,男,工程物理系,核31,湖南,长郡中学 
刘武胜 ,男,工程物理系,核31,湖南 ,桃江县一中 
李家沛 ,男,工程物理系,核31,湖南 ,桑植一中 
韦加富 ,男,工程物理系,核31,广西 ,都安县高级中学 
姜强  ,男,工程物理系,核31,四川,安居育才中学 
郭雨非 ,女,工程物理系,核31,四川 ,南部中学 
杜克磊 ,女,工程物理系,核31,贵州 ,铜仁一中 
石璐璐 ,女,工程物理系,核31,云南 ,云南师范大学附属中学 
张睿  ,男,工程物理系,核31,陕西,西安交通大学附属中学 
李健捷 ,男,工程物理系,核31,甘肃 ,嘉峪关市酒钢三中 
高嘉敏 ,女,工程物理系,核31,甘肃 ,敦煌中学 
赵子凡 ,男,工程物理系,核32,河北 ,河北保定市定州中学 
王欣宇 ,女,工程物理系,核32,山西 ,朔城区一中 
曹铭泽 ,男,工程物理系,核32,内蒙古,包钢一中 
杨新宇 ,男,工程物理系,核32,内蒙古,宁城高级中学 
张桓宁 ,男,工程物理系,核32,辽宁 ,东北育才学校 
张宁娜 ,女,工程物理系,核32,吉林 ,抚松县第一中学 
安明  ,男,工程物理系,核32,江苏,江苏省赣榆高级中学 
王彦博 ,男,工程物理系,核32,江苏 ,泗阳致远中学 
何巍  ,男,工程物理系,核32,安徽,桐城中学 
陈雅玫 ,女,工程物理系,核32,安徽 ,泾县中学 
李文澜 ,女,工程物理系,核32,福建 ,厦门外国语学校 
何良  ,男,工程物理系,核32,江西,南昌县莲塘一中 
闵金坤 ,男,工程物理系,核32,山东 ,枣庄八中北校 
刘一宁 ,男,工程物理系,核32,山东 ,昌邑市文山中学 
郭广华 ,男,工程物理系,核32,河南 ,鹤壁高中（新校区） 
杨宗谕 ,男,工程物理系,核32,河南 ,禹州第三高级中学 
王晨潇 ,女,工程物理系,核32,河南 ,洛阳市第一高级中学 
张均钊 ,男,工程物理系,核32,湖北 ,利川市第一中学 
肖瑞东 ,男,工程物理系,核32,湖北 ,襄阳市第五中学 
陈宇韶 ,男,工程物理系,核32,湖南 ,祁东县二中 
李桠  ,女,工程物理系,核32,广西,柳州地区民族高级中学 
覃豪  ,男,工程物理系,核32,广西,柳州铁一中学 
冉小杨 ,男,工程物理系,核32,重庆 ,酉阳县第二中学 
吴豪  ,男,工程物理系,核32,重庆,重庆市南开中学 
黄尧  ,男,工程物理系,核32,贵州,凯里市一中 
刘洋  ,女,工程物理系,核32,云南,宣威市第五中学 
王晓童 ,女,工程物理系,核32,陕西 ,西北工业大学附属中学 
刘睿龙 ,男,工程物理系,核32,陕西 ,高新一中 
张振  ,男,工程物理系,核32,甘肃,华亭一中 
豆鹏超 ,男,工程物理系,核32,甘肃 ,宁县第一中学 
徐卿  ,女,化学工程系,分3,四川,绵阳东辰国际学校 
梁芮绮 ,女,化学工程系,分3,四川 ,四川省绵阳中学 
辜延祺 ,女,化学工程系,分3,甘肃 ,金川公司一中 
李刚刚 ,男,化学工程系,分3,甘肃 ,会宁县第二中学 
史家昕 ,男,化学工程系,分3,辽宁 ,葫芦岛市第一高级中学 
张尧  ,男,化学工程系,分3,吉林,吉林省实验中学 
阎建辉 ,男,化学工程系,分3,浙江 ,台州中学 
施逸飞 ,男,化学工程系,分3,浙江 ,鲁迅中学柯桥校区 
陈哲志 ,男,化学工程系,分3,江西 ,南昌二中 
郑天泽 ,男,化学工程系,分3,山东 ,山东省实验中学 
周天宇 ,男,化学工程系,分3,山东 ,山东省青岛第二中学 
刘泽宇 ,男,化学工程系,分3,广东 ,深圳中学 
谢瑾  ,男,化学工程系,分3,四川,成都七中嘉祥外国语学校 
崔天祺 ,男,化学工程系,分3,陕西 ,西安交通大学附中 
杨金杰 ,男,化学工程系,分3,宁夏 ,银川一中 
张清文 ,男,化学工程系,分3,北京 ,北京市十一学校 
廖楚伊,女,化学工程系,分3,湖北,华中师范大学第一附属中学 
赵诣  ,男,化学工程系,分3,湖南,长郡中学 
陈乔岭 ,男,化学工程系,分3,山西 ,山大附中 
陈实  ,男,化学工程系,分3,广东,广州市执信中学 
毛赫南 ,男,化学工程系,分3,浙江 ,绍兴市第一中学 
胡湖  ,女,化学工程系,分3,浙江,浙江省富阳中学 
魏儒镝 ,女,化学工程系,分3,安徽 ,安徽师范大学附属中学 
郭金武 ,男,化学工程系,分3,河南 ,林州市第一中学 
覃和  ,男,化学工程系,分3,广西,广西柳州高级中学 
郭志韬 ,男,化学工程系,化31,北京 ,北京市十一学校 
耿宇昊 ,女,化学工程系,化31,天津 ,蓟县一中 
杜俊弘 ,男,化学工程系,化31,浙江 ,浙江省东阳中学 
陈怡彤 ,女,化学工程系,化31,安徽 ,淮北市第一中学 
徐鹏  ,男,化学工程系,化31,安徽,六安市毛坦厂中学 
刘琳  ,女,化学工程系,化31,山东,高密一中 
蒋晓斌 ,男,化学工程系,化31,山东 ,栖霞一中 
曾钊  ,男,化学工程系,化31,湖北,恩施土家族苗族自治州高级中学 
朱其盛 ,男,化学工程系,化31,湖南 ,双峰县一中 
易成奇 ,男,化学工程系,化31,广西 ,柳州铁一中学 
张偌鹏 ,男,化学工程系,化31,贵州 ,贵阳市第一中学 
杨慧珊 ,女,化学工程系,化31,云南 ,云南师范大学附属中学 
林育群 ,男,化学工程系,化31,台湾 ,國立台中第一高級中學 
郭惠琴 ,女,化学工程系,化31,山西 ,左权中学 
王成韬 ,男,化学工程系,化31,云南 ,腾冲县第一中学 
孙琦  ,女,化学工程系,化31,陕西,汉中市龙岗学校 
马丽娜 ,女,化学工程系,化31,宁夏 ,固原一中 
秦雅琛 ,女,化学工程系,化31,河南 ,郑州一中 
柳森元 ,男,化学工程系,化31,河南 ,郑州一中 
孙斯磊 ,男,化学工程系,化31,北京 ,中国人民大学附属中学 
宋昱均 ,男,化学工程系,化31,陕西 ,西北工业大学附属中学 
闫自飞 ,男,化学工程系,化31,山西 ,太原五中 
张翘楚 ,男,化学工程系,化31,辽宁 ,辽宁省实验中学 
陈宇超 ,男,化学工程系,化31,福建 ,厦门市同安一中 
魏佳文 ,男,化学工程系,化31,四川 ,成都市第七中学 
再木然·乌斯曼,男,化学工程系,化31,新疆,乌鲁木齐市一中 
王雅宁 ,女,化学工程系,化31,黑龙江,大庆一中 
尧猛  ,男,化学工程系,化31,江西,临川第一中学 
李晓伟 ,男,化学工程系,化32,河北 ,河北衡水中学 
邵萌  ,女,化学工程系,化32,河南,漯河高级中学 
曾祥钊 ,男,化学工程系,化32,广东 ,佛山市第一中学 
薛恺真 ,男,化学工程系,化32,四川 ,成都市石室中学 
汪定艺 ,女,化学工程系,化32,贵州 ,兴义市八中 
杨逸风 ,男,化学工程系,化32,贵州 ,遵义市四中 
蔡宗餘 ,男,化学工程系,化32,台湾 ,彰化高中 
毕波  ,女,化学工程系,化32,内蒙古,林东一中 
崔海航 ,男,化学工程系,化32,吉林 ,通榆一中 
朱亨  ,男,化学工程系,化32,安徽 ,程集中学 
黄云忠 ,男,化学工程系,化32,湖南 ,桑植一中 
李亚飞 ,男,化学工程系,化32,海南 ,海南省农垦实验中学 
罗威  ,男,化学工程系,化32,贵州,思南中学 
任丹  ,女,化学工程系,化32,甘肃,陇西县第一中学 
李跃  ,男,化学工程系,化32,北京,北京市十一学校 
黄睿  ,男,化学工程系,化32,辽宁,大连育明高级中学 
王培灿 ,男,化学工程系,化32,福建 ,厦门双十中学 
黄莹泓 ,女,化学工程系,化32,福建 ,厦门双十中学 
柯链宝 ,男,化学工程系,化32,福建 ,泉州第七中学 
田益铭 ,男,化学工程系,化32,河南 ,开封高中 
张皓晨 ,男,化学工程系,化32,湖北 ,华中师范大学第一附属中学 
蒋昱航 ,男,化学工程系,化32,江西 ,新干中学 
纪昊男 ,男,化学工程系,化32,陕西 ,西北工业大学附属中学 
刘言  ,女,化学工程系,化32,江苏,江苏省如东高级中学 
杨皓琨 ,男,化学工程系,化32,陕西 ,西安市铁一中学 
李斯蒙 ,女,化学工程系,化32,山西 ,长治市二中(应) 
刘胜娜 ,女,化学工程系,化32,河南 ,中原油田第三高级中学 
丁灏  ,男,化学工程系,化33,山西,长治市四中(应) 
刘羽白 ,女,化学工程系,化33,内蒙古,鄂尔多斯市第一中学 
王耘晖 ,女,化学工程系,化33,江苏 ,泗阳致远中学 
吴凡灿 ,男,化学工程系,化33,安徽 ,旌德中学 
张原宇 ,男,化学工程系,化33,广东 ,广州市第二中学 
罗敏心 ,女,化学工程系,化33,四川,攀枝花市第七高级中学校 
刘力瑞 ,男,化学工程系,化33,贵州,贵阳市第一中学 
翁善根 ,男,化学工程系,化33,云南,景洪市第四中学 
刘雪润 ,女,化学工程系,化33,甘肃,西北师大附属中学 
蒙世君 ,男,化学工程系,化33,新疆,北京市和平街第一中学 
魏娟  ,女,化学工程系,化33,江西,南康中学(应届) 
李瑞敏 ,女,化学工程系,化33,河南,上蔡县第一高级中学 
芦琛璘 ,男,化学工程系,化33,青海,海北州第一高级中学 
董晓锐 ,男,化学工程系,化33,北京,北京市十一学校 
张戈  ,男,化学工程系,化33,江苏,金陵中学 
戴聪润 ,男,化学工程系,化33,福建,泉州第七中学 
李晶  ,男,化学工程系,化33,山东,广饶县第一中学 
秦凌翔 ,男,化学工程系,化33,河南,郑州一中 
文翰奇 ,男,化学工程系,化33,湖南,麓山国际实验学校 
申洲洋 ,男,化学工程系,化33,四川,绵阳中学实验学校 
张成  ,男,化学工程系,化33,陕西,西北工业大学附属中学 
苏瑞  ,男,化学工程系,化33,天津,耀华中学 
白云岫 ,男,化学工程系,化33,辽宁,丹东市第一中学 
齐文靖 ,女,化学工程系,化33,黑龙江,大庆市实验中学 
冯毅  ,女,化学工程系,化33,山西,康杰中学 
郑少冬 ,男,化学工程系,化33,福建,厦门外国语学校 
张芮迪 ,男,化学工程系,化33,重庆,重庆市育才中学校 
赵昱森 ,男,材料学院,材31,北京 ,北京师范大学附属实验中学 
管超  ,男,材料学院,材31,北京,北京市顺义区杨镇第一中学 
郑丽阳 ,女,材料学院,材31,北京 ,北京市广渠门中学 
杨若凝 ,女,材料学院,材31,河北 ,衡水市滏阳中学 
王鑫  ,男,材料学院,材31,山西,忻州一中 
宋琪  ,女,材料学院,材31,内蒙古,北重三中 
夏子镜 ,男,材料学院,材31,安徽 ,合肥一中 
汤飞  ,男,材料学院,材31,江西,鄱阳县私立博文中学 
孔德颖 ,女,材料学院,材31,河南 ,鹤壁高中（新校区） 
孙波波 ,男,材料学院,材31,河南 ,济源市第一中学 
余屹  ,男,材料学院,材31,湖北,黄冈中学 
秦亦楠 ,女,材料学院,材31,湖北 ,华中师范大学第一附属中学 
王梦兰 ,女,材料学院,材31,湖南 ,自治州民族中学 
刘伟锋 ,男,材料学院,材31,广东 ,东莞市东华高级中学 
吴奕欣 ,女,材料学院,材31,海南 ,海南中学 
张媛媛 ,女,材料学院,材31,贵州 ,道真中学 
郭兴国 ,男,材料学院,材31,贵州 ,开阳三中 
段婉秋 ,女,材料学院,材31,云南 ,腾冲县第一中学 
李坦  ,男,材料学院,材31,天津,南开中学 
孙滢智 ,男,材料学院,材31,吉林 ,吉林一中 
纪俊杰 ,男,材料学院,材31,黑龙江,牡丹江市第一高级中学 
李晓逸 ,男,材料学院,材31,福建 ,厦门市同安一中 
张泽文 ,男,材料学院,材31,湖北 ,武汉市第二中学 
李泽颜 ,男,材料学院,材31,重庆 ,重庆市第一中学 
罗京  ,男,材料学院,材31,四川,绵阳中学 
王凯扬 ,男,材料学院,材31,陕西 ,西北工业大学附属中学 
朱超琼 ,女,材料学院,材31,浙江 ,浙江省诸暨中学 
乔汉森 ,男,材料学院,材31,辽宁 ,盘锦市高级中学 
谭悦泽 ,男,材料学院,材31,新疆 ,乌鲁木齐市一中 
颜天成 ,男,材料学院,材31,广东 ,深圳市深圳中学 
叶荣兴 ,男,材料学院,材31,贵州 ,黔南田家炳中学 
李愉珧 ,女,材料学院,材31,陕西 ,西北工业大学附属中学 
孙炜岳 ,男,材料学院,材32,北京 ,北京市第四中学 
任洁  ,女,材料学院,材32,北京,北京市十一学校 
贾蓟丽 ,女,材料学院,材32,内蒙古,一机厂一中 
窦志昂 ,男,材料学院,材32,内蒙古,赤峰元宝山区第一中学 
李昌昊 ,男,材料学院,材32,吉林 ,四平市一中 
周养盈 ,女,材料学院,材32,江苏 ,江苏省南通中学 
张斯雯 ,女,材料学院,材32,安徽 ,马鞍山市二中 
杨俊晔 ,男,材料学院,材32,福建 ,福建    尤溪一中 
宋明军 ,女,材料学院,材32,河南 ,漯河高级中学 
朱曼  ,女,材料学院,材32,湖北,武汉市第六中学 
吴德晖 ,男,材料学院,材32,广东 ,阳春市第一中学 
时赟凯 ,男,材料学院,材32,四川 ,成都七中嘉祥外国语学校 
杨礼爱 ,女,材料学院,材32,云南 ,腾冲县第一中学 
李昌睿 ,男,材料学院,材32,甘肃 ,甘肃省武威第一中学 
王丹  ,女,材料学院,材32,甘肃,嘉峪关市酒钢三中 
哈睿坤 ,男,材料学院,材32,宁夏 ,银川一中 
李明諺 ,男,材料学院,材32,台湾 ,建國高中 
姚英杰 ,男,材料学院,材32,河北 ,石家庄市第二中学 
倪春尧 ,男,材料学院,材32,江苏 ,江苏省海门中学 
纪嘉诚 ,男,材料学院,材32,山东 ,广饶县第一中学 
陈泽伟 ,男,材料学院,材32,湖北 ,武汉市第二中学 
张远行 ,男,材料学院,材32,湖北 ,黄冈中学 
周祎  ,女,材料学院,材32,重庆,重庆市巴蜀中学 
范崚韡 ,男,材料学院,材32,四川 ,四川省绵阳中学 
郭择良 ,男,材料学院,材32,北京 ,中央民族大学附属中学 
薄洋  ,女,材料学院,材32,山西,山大附中 
谭达新 ,男,材料学院,材32,广东 ,佛山市第一中学 
林舒宇 ,男,材料学院,材32,北京 ,首都师范大学附属中学 
后羿  ,男,材料学院,材32,安徽,芜湖市第一中学 
许靖堃 ,男,材料学院,材32,河南 ,灵宝一高 
何昭远 ,男,材料学院,材32,陕西 ,商南县高级中学 
霍晓杰 ,男,材料学院,材33,山西 ,山大附中 
卢人维 ,男,材料学院,材33,内蒙古,赤峰红旗中学 
崔广鑫 ,男,材料学院,材33,黑龙江,大庆市实验中学 
林浩楠 ,男,材料学院,材33,江苏 ,江苏省盐城中学 
阮章顺 ,男,材料学院,材33,福建 ,武夷山一中 
杨淑慧 ,女,材料学院,材33,山东 ,莱州一中 
安骞  ,男,材料学院,材33,山东,日照实验高级中学 
徐新宇 ,女,材料学院,材33,河南 ,信阳高中 
刘帅  ,男,材料学院,材33,河南,新乡市一中 
戴万宇 ,男,材料学院,材33,湖北 ,华中师范大学第一附属中学 
赵建  ,男,材料学院,材33,湖北,孝感高级中学 
郭丝路 ,女,材料学院,材33,湖南,长郡中学 
王艺超 ,男,材料学院,材33,广东 ,广州市第二中学 
吴秋萍 ,女,材料学院,材33,广西,恭城瑶族自治县恭城中学 
赵露  ,女,材料学院,材33,四川,绵阳中学实验学校 
牟贞亮 ,男,材料学院,材33,贵州,凤冈县第一中学 
黄雪莹 ,女,材料学院,材33,云南,云南师范大学附属中学 
刘伟  ,男,材料学院,材33,陕西,西安市铁一中学 
张鹏翔 ,男,材料学院,材33,北京,中国人民大学附属中学 
韩健  ,男,材料学院,材33,福建,漳州一中 
汪伟男 ,男,材料学院,材33,湖北,武汉钢铁集团公司第三子弟中学 
于超凡 ,男,材料学院,材33,北京,北京市十一学校 
高海宁 ,女,材料学院,材33,山西,省实验中学 
牟鸿铭 ,男,材料学院,材33,广西,广西师大附属外国语学校 
蓝顺  ,男,材料学院,材33,四川,友谊中学 
张蒙  ,男,材料学院,材33,甘肃,兰州第一中学 
卢逸雪 ,女,材料学院,材33,北京,北京市十一学校 
刘若沖 ,女,材料学院,材33,北京,北京师范大学第二附属中学 
张金宇 ,男,材料学院,材33,四川,成都市第七中学 
谢梦叶 ,女,材料学院,材33,浙江,慈溪中学 
陈泽  ,男,材料学院,材33,辽宁,本溪市高级中学 
刘康伟 ,男,材料学院,材34,天津,静海一中 
顾校宇 ,男,材料学院,材34,辽宁,阜新市实验中学 
王伟  ,男,材料学院,材34,黑龙江,佳木斯第一中学 
王璐  ,女,材料学院,材34,山东 ,日照实验高级中学 
方凯旋 ,男,材料学院,材34,河南 ,信阳市二高 
张少琼 ,女,材料学院,材34,湖北 ,湖北省潜江中学 
王斐镂 ,男,材料学院,材34,湖南 ,长郡中学 
王璨  ,女,材料学院,材34,湖南,麓山国际实验学校 
覃锐  ,男,材料学院,材34,广西,河池高级中学 
陶圣叶 ,男,材料学院,材34,四川 ,成都市树德中学 
洪诗凯 ,男,材料学院,材34,贵州 ,思南中学 
罗淑婷 ,女,材料学院,材34,云南 ,下关一中 
杨腾  ,男,材料学院,材34,陕西,西北工业大学附属中学 
刘佳璐 ,女,材料学院,材34,陕西 ,高新一中 
张可凡 ,男,材料学院,材34,甘肃 ,庆阳第一中学 
张毅  ,男,材料学院,材34,山西,省实验中学 
任博  ,男,材料学院,材34,辽宁,大连育明高中 
林冰清 ,女,材料学院,材34,浙江 ,温州中学 
黄心源 ,男,材料学院,材34,浙江 ,温州中学 
黄志超 ,男,材料学院,材34,福建  ,厦门第一中学 
梁言  ,男,材料学院,材34,广东 ,华南师范大学附属中学 
郭蔚嘉 ,男,材料学院,材34,山东  ,滕州市第一中学新校 
邓子豪 ,男,材料学院,材34,广西  ,广西师大附属外国语学校 
邓思浩 ,男,材料学院,材34,贵州  ,贵阳市第一中学 
王仲祺 ,女,材料学院,材34,北京  ,北京市中关村中学 
严轶飞 ,男,材料学院,材34,北京  ,北京市十一学校 
李默涵 ,女,材料学院,材34,宁夏  ,石嘴山市第三中学 
尹舒佳 ,女,材料学院,材34,内蒙古 ,包头市九中 
周锐  ,男,材料学院,材34,湖北 ,武汉经济技术开发区第一中学 
杨浏鑫 ,女,材料学院,材34,四川  ,威远中学 
潘振宇 ,男,材料学院,材34,江西  ,崇仁县第一中学 
张冠林 ,男,数学科学系,数31,河北  ,石家庄市第二中学 
夏铭辰 ,男,数学科学系,数31,辽宁  ,鞍山市第一中学 
刘冠华 ,男,数学科学系,数31,黑龙江 ,齐市实验中学 
罗肇昕 ,男,数学科学系,数31,广东  ,深圳市深圳中学 
李轩  ,男,数学科学系,数31,新疆 ,昌吉州第一中学 
童文斌 ,男,数学科学系,数31,北京  ,北京市十一学校 
徐博通 ,男,数学科学系,数31,辽宁  ,辽宁省实验中学 
张育宸 ,男,数学科学系,数31,黑龙江 ,哈市师大附中 
宋杰傲 ,男,数学科学系,数31,上海  ,上海市上海中学 
朱逸庭 ,男,数学科学系,数31,上海  ,上海复旦大学附属中学 
徐则驰 ,男,数学科学系,数31,浙江  ,乐清市乐成公立寄宿学校 
张必豪 ,男,数学科学系,数31,浙江  ,杭州外语学校 
朱浩然 ,男,数学科学系,数31,安徽  ,合肥一中 
郑婉怡 ,女,数学科学系,数31,福建  ,长乐一中 
黎爱迪 ,男,数学科学系,数31,江西  ,南昌二中 
肖敬松 ,男,数学科学系,数31,江西  ,江西省临川第二中学 
毛子豪 ,男,数学科学系,数31,湖北  ,武汉钢铁集团公司第三子弟中学 
蒲昱全 ,男,数学科学系,数31,湖南  ,湖南师大附中 
刘浪  ,男,数学科学系,数31,湖南 ,湖南师大附中 
颜晴  ,男,数学科学系,数31,湖南 ,长郡中学 
周东若 ,男,数学科学系,数31,湖南  ,雅礼中学 
陆石  ,男,数学科学系,数31,广东 ,深圳中学 
郭瀚民 ,男,数学科学系,数31,广东  ,华南师范大学附属中学 
秦翊宸 ,男,数学科学系,数31,重庆  ,重庆市第八中学 
杨润  ,男,数学科学系,数31,四川 ,射洪中学 
杨卓熠 ,男,数学科学系,数31,四川  ,成都市第七中学 
汤振捷 ,男,数学科学系,数31,四川  ,成都市第七中学 
程鹏宇 ,男,数学科学系,数31,陕西  ,西安铁一中 
董天宁 ,女,数学科学系,数31,江苏  ,江苏省通州高级中学 
刘凤泽 ,男,数学科学系,数31,陕西  ,西北工业大学附属中学 
陈然  ,女,数学科学系,数31,北京 ,中国人民大学附属中学 
邵城阳 ,男,数学科学系,数31,北京  ,清华大学附属中学 
朱明皓 ,男,数学科学系,数31,江苏  ,江苏省海门中学 
董从翰 ,男,数学科学系,数31,河南  ,罗山高中 
源洁莹 ,女,数学科学系,数31,广东  ,广东实验中学 
张哲宇 ,男,数学科学系,数31,湖北  ,华中师范大学第一附属中学 
马雨萌 ,女,数学科学系,数32,北京  ,北京师范大学第二附属中学 
刘朝阳 ,女,数学科学系,数32,山东  ,文登第一中学 
刘元昊 ,男,数学科学系,数32,甘肃  ,西北师大附属中学 
张益深 ,男,数学科学系,数32,北京  ,清华大学附属中学 
王浩旭 ,男,数学科学系,数32,天津  ,南开中学 
王柏然 ,女,数学科学系,数32,河北  ,河北衡水中学 
王高明 ,男,数学科学系,数32,山西  ,平遥中学 
曹洪玮 ,男,数学科学系,数32,辽宁  ,辽宁省实验中学 
杨羽轩 ,男,数学科学系,数32,辽宁  ,东北育才学校 
于鹏飞 ,男,数学科学系,数32,黑龙江 ,哈市师大附中 
胡逸平 ,男,数学科学系,数32,上海  ,上海市上海中学 
姜伊昇 ,男,数学科学系,数32,上海  ,上海复旦大学附属中学 
朱晶泽 ,男,数学科学系,数32,上海  ,华东师范大学第二附属中学 
颜廷元 ,男,数学科学系,数32,江苏  ,江苏省淮阴中学 
杜楠  ,女,数学科学系,数32,江苏 ,南京外国语学校 
杨瀚渊 ,男,数学科学系,数32,浙江  ,衢州市第二中学 
林成  ,男,数学科学系,数32,浙江 ,乐成公立寄宿学校 
林天润 ,男,数学科学系,数32,安徽  ,淮北市第一中学 
周心涵 ,男,数学科学系,数32,江西  ,江西师大附中 
肖昊天 ,男,数学科学系,数32,山东  ,山东省青岛市第二实验中学 
张宏博 ,男,数学科学系,数32,河南  ,郑州一中 
熊昊仁 ,男,数学科学系,数32,湖北  ,宜昌市第一中学 
邓杨肯迪,男,数学科学系,数32,湖南  ,湖南师大附中 
向震坤 ,男,数学科学系,数32,湖南  ,长郡中学 
田方泽 ,男,数学科学系,数32,广东  ,中山纪念中学 
李阳垟 ,男,数学科学系,数32,广东  ,汕头金山中学 
林植茂 ,男,数学科学系,数32,广东  ,广东实验中学 
方晓  ,男,数学科学系,数32,广西,柳州铁路第一中学 
杨帅泓 ,男,数学科学系,数32,四川  ,成都市第七中学 
陈希睿 ,男,数学科学系,数32,四川  ,成都市第七中学 
王雨桐 ,男,数学科学系,数32,陕西  ,西安铁一中学 
袁正  ,男,数学科学系,数32, 陕西 ,西安高新第一中学 
王锐民 ,男,数学科学系,数32,湖北  ,黄石市第二中学 
郭怡辰 ,男,数学科学系,数32,四川  ,成都七中嘉祥外国语学校 
白少云 ,男,数学科学系,数32,广东  ,深圳市外国语学校 
郎淼源 ,女,数学科学系,数33,山西  ,山大附中 
吕安旗 ,女,数学科学系,数33,浙江  ,杭州第二中学 
陈铭仕 ,男,数学科学系,数33,湖南  ,长郡中学 
吴玄绚 ,女,数学科学系,数33,湖南  ,湖南师大附中 
张梦  ,男,数学科学系,数33,四川 ,乐山一中 
石发强 ,男,数学科学系,数33,甘肃  ,西北师大附属中学 
高子珺 ,女,数学科学系,数33,北京  ,北京市第四中学 
马千里 ,男,数学科学系,数33,河北  ,唐山市第一中学 
李思静 ,男,数学科学系,数33,山西  ,山大附中 
李昕洋 ,男,数学科学系,数33,辽宁  ,东北育才学校 
刘嘉图 ,男,数学科学系,数33,吉林  ,东北师大附属中学 
鞠昊天 ,男,数学科学系,数33,黑龙江 ,哈市师大附中 
夏天翊 ,男,数学科学系,数33,上海  ,上海市上海中学 
陈昱东 ,男,数学科学系,数33,上海  ,上海市上海中学 
张大可 ,男,数学科学系,数33,上海  ,华东师范大学第二附属中学 
薛嘉炜 ,男,数学科学系,数33,浙江  ,乐成寄宿中学 
吕俊龙 ,男,数学科学系,数33,浙江  ,杭州市学军中学 
沈瞰潮 ,男,数学科学系,数33,安徽  ,蚌埠市第二中学 
胡浩  ,男,数学科学系,数33,江西 ,江西师大附中 
明振宇 ,男,数学科学系,数33,湖北  ,武汉钢铁集团公司第三子弟中学 
尤晓聪 ,男,数学科学系,数33,湖北  ,湖北省荆州中学 
涂绪山 ,男,数学科学系,数33,湖南  ,湖南师大附中 
潘豪  ,男,数学科学系,数33,广东 ,深圳中学 
陈天聪 ,男,数学科学系,数33,广东  ,华南师大附中 
肖翰珅 ,男,数学科学系,数33,重庆  ,重庆南开中学 
张书茂 ,男,数学科学系,数33,四川  ,成都市第七中学 
杨承业 ,男,数学科学系,数33,四川  ,成都市第七中学 
刘倬瑞 ,男,数学科学系,数33,陕西  ,西北工业大学附中 
张翔宇 ,男,数学科学系,数33,陕西  ,西安市铁一中学 
刘峰  ,男,数学科学系,数33,河北 ,衡水市滏阳中学 
罗鑫涛 ,男,数学科学系,数33,广东  ,汕头市金山中学 
傅岱石 ,男,数学科学系,数33,北京  ,清华大学附属中学 
张杨凡 ,男,数学科学系,数33,江西  ,抚州一中 
赵丰  ,男,数学科学系,数33,山东 ,枣庄市第一中学 
肖煌煜 ,男,数学科学系,数33,湖南  ,湘潭县一中 
陈博文 ,男,物理系,物理31,北京  ,北京市第四中学 
王丹青 ,女,物理系,物理31,山西  ,山大附中 
王重道 ,男,物理系,物理31,辽宁  ,凌源市第一高级中学 
鞠镇毅 ,男,物理系,物理31,山东  ,烟台一中 
邓鸿璐 ,女,物理系,物理31,重庆  ,重庆市南开中学 
黄福兴 ,男,物理系,物理31,陕西  ,陕师大附中 
赛罕娜 ,女,物理系,物理31,北京  ,北京市第八中学 
王一飞 ,男,物理系,物理31,辽宁  ,大连育明高中 
解放  ,男,物理系,物理31,黑龙江,大庆市实验中学 
赵佳曦 ,男,物理系,物理31,上海  ,上海市上海中学 
俞延  ,男,物理系,物理31,上海 ,上海市格致中学 
杨莹  ,女,物理系,物理31,安徽 ,芜湖市第一中学 
高令宇 ,男,物理系,物理31,山东  ,山东省实验中学 
张传坤 ,男,物理系,物理31,山东  ,莒县第一中学 
刘汉鹏 ,男,物理系,物理31,河南  ,郑州外国语学校 
刘梦旸 ,男,物理系,物理31,湖北  ,黄冈中学 
袁斯祺 ,男,物理系,物理31,湖南  ,湖南师大附中 
宋盛雨央,男,物理系,物理31,安徽,屯溪一中 
杨兴杲 ,男,物理系,物理31,新疆  ,乌鲁木齐市一中 
张浩然 ,男,物理系,物理31,北京  ,清华大学附属中学 
姚朱亮 ,男,物理系,物理31,浙江  ,余杭高级中学 
肖俊祥 ,男,物理系,物理32,湖南  ,会同县第一中学 
陈思丹 ,女,物理系,物理32,广东  ,潮阳实验学校 
宋运福 ,男,物理系,物理32,四川  ,成都市树德中学 
贺元萍 ,女,物理系,物理32,贵州  ,兴义市八中 
李永歌 ,女,物理系,物理32,云南  ,昆明市第三中学 
張櫂閔 ,男,物理系,物理32,台湾  ,武陵高中 
王健  ,男,物理系,物理32,内蒙古,北重三中 
田甜  ,女,物理系,物理32,辽宁 ,大连市第二十四中学 
刘泽斌 ,男,物理系,物理32,江苏  ,江苏省常州高级中学 
何兰青 ,男,物理系,物理32,安徽  ,安庆一中 
熊昊楠 ,男,物理系,物理32,江西  ,江西省抚州市临川区第一中学 
康琦  ,男,物理系,物理32,山东 ,泰安一中 
张明钊 ,男,物理系,物理32,山东  ,莱芜一中 
秦家晨 ,男,物理系,物理32,河南  ,开封高中 
颜公望 ,男,物理系,物理32,湖北  ,武汉市第六中学 
刘杨  ,男,物理系,物理32,湖北 ,湖北省荆州中学 
傅笛  ,男,物理系,物理32,陕西 ,西北工业大学附中 
胡耀文 ,男,物理系,物理32,北京  ,北京市中关村中学 
时子晏 ,男,物理系,物理32,上海  ,上海市七宝中学 
梁赋珩 ,男,物理系,物理32,上海  ,华东师范大学第二附属中学 
刘博远 ,男,物理系,物理32,吉林  ,白城市第一高中 
赵崟成 ,男,物理系,基科31,北京  ,北方交通大学附属中学 
董赵鑫 ,男,物理系,基科31,河北  ,石家庄市第二中学 
赵卓也 ,男,物理系,基科31,浙江  ,杭州第二中学 
陈博轩 ,男,物理系,基科31,北京  ,北京市十一学校 
曾文远 ,男,物理系,基科31,北京  ,北京市十一学校 
庞天宇 ,男,物理系,基科31,北京  ,北京市十一学校 
蔡君阳 ,男,物理系,基科31,辽宁  ,鞍山市第一中学 
张乐凡 ,男,物理系,基科31,吉林  ,东北师大附属中学 
车君怡 ,男,物理系,基科31,吉林  ,东北师大附属中学 
刘致君 ,男,物理系,基科31,上海  ,上海市格致中学 
丁思凡 ,男,物理系,基科31,上海  ,上海市曹杨第二中学 
董炳佑 ,男,物理系,基科31,上海  ,上海复旦大学附属中学 
胡展豪 ,男,物理系,基科31,浙江  ,杭州二中 
苏肇祺 ,男,物理系,基科31,福建  ,厦门双十中学 
张格菲 ,女,物理系,基科31,河南  ,郑州外国语学校 
王嘉兴 ,男,物理系,基科31,湖北  ,武汉市第二中学 
张文力 ,男,物理系,基科31,湖北  ,武汉钢铁集团公司第三子弟中学 
辜晨曦 ,男,物理系,基科31,湖南  ,湖南师大附中 
蒋继研 ,男,物理系,基科31,广东  ,中山市第一中学 
黄宁青 ,男,物理系,基科31,广东  ,华南师大附中 
文路  ,男,物理系,基科31,重庆 ,重庆市鲁能巴蜀中学校 
仲原  ,男,物理系,基科31,四川 ,四川省绵阳中学 
徐穆清 ,男,物理系,基科31,陕西  ,西北工业大学附中 
白可  ,女,物理系,基科31,陕西 ,西安铁一中 
王昊  ,男,物理系,基科31,北京 ,北京市第四中学 
郝孟轩 ,男,物理系,基科31,北京  ,中国人民大学附属中学培训中心 
龙澍坤 ,男,物理系,基科31,上海  ,华东师范大学第二附属中学 
李元瀚 ,男,物理系,基科32,北京  ,北京市十一学校 
张翼  ,男,物理系,基科32,北京 ,北京市十一学校 
王凡非 ,男,物理系,基科32,北京  ,北京市第四中学 
延冲  ,男,物理系,基科32,北京 ,北京市十一学校 
李嘉琛 ,男,物理系,基科32,河北  ,河北衡水中学 
张力  ,男,物理系,基科32,内蒙古,鄂尔多斯市第一中学 
居易龙 ,男,物理系,基科32,吉林  ,东北师大附属中学 
王志凌 ,男,物理系,基科32,上海  ,上海市格致中学 
雷振东 ,男,物理系,基科32,上海  ,上海师范大学附属中学 
张心瀚 ,男,物理系,基科32,上海  ,上海复旦大学附属中学 
鲍亦澄 ,男,物理系,基科32,浙江  ,杭州第二中学 
梅全鑫 ,男,物理系,基科32,浙江  ,温州中学 
蒋嘉麒 ,男,物理系,基科32,河南  ,郑州外国语学校 
王晖  ,男,物理系,基科32,湖北 ,武汉钢铁集团公司第三子弟中学 
王奕凡 ,男,物理系,基科32,湖南  ,雅礼中学 
李罡  ,男,物理系,基科32,广东 ,深圳中学 
付亮  ,男,物理系,基科32,重庆 ,重庆鲁能巴蜀中学 
曾柯又 ,男,物理系,基科32,四川  ,绵阳中学 
郑悦  ,女,物理系,基科32,四川 ,绵阳东辰国际学校 
任訸  ,男,物理系,基科32,贵州 ,贵阳市第一中学 
李家其 ,男,物理系,基科32,陕西  ,西北工业大学附中 
谷昱  ,男,物理系,基科32,陕西 ,西安市铁一中学 
邓誉  ,男,物理系,基科32,北京 ,清华大学附属中学 
张世轩 ,男,物理系,基科32,上海  ,华东师范大学第二附属中学 
李卓然 ,男,物理系,基科32,湖南  ,长沙市雅礼中学 
华信锐 ,男,物理系,基科32,江苏  ,江苏省天一中学 
李忠泽 ,男,化学系,化学31,北京  ,清华大学附属中学 
吴雨馨 ,女,化学系,化学31,内蒙古 ,赤峰二中 
李浩然 ,男,化学系,化学31,湖北  ,恩施市第一中学 
韦中炜 ,男,化学系,化学31,广西  ,广西南宁市第二中学 
列娜·沙哈,女,化学系,化学31,新疆,阿勒泰地区二中 
董宇阳 ,男,化学系,化学31,天津  ,新华中学 
魏盛杰 ,男,化学系,化学31,天津  ,天津市实验中学 
张强  ,男,化学系,化学31,天津 ,实验中学 
梁晔  ,男,化学系,化学31,山西 ,山西省实验中学 
李允祺 ,女,化学系,化学31,辽宁  ,大连市第二十四中学 
张运来 ,男,化学系,化学31,江苏  ,省锡中 
陈文锶 ,女,化学系,化学31,浙江  ,温州中学 
刘立川 ,男,化学系,化学31,安徽  ,安徽省马鞍山市第二中学 
朱佳伟 ,男,化学系,化学31,福建  ,厦门市同安一中 
梁晓平 ,男,化学系,化学31,河南  ,郑州一中 
黄艺  ,男,化学系,化学31,河南 ,郑州外国语学校 
李维唐 ,男,化学系,化学31,河南  ,郑州外国语学校 
王宝源 ,男,化学系,化学31,河南  ,河南省实验中学 
舒晨永威,男,化学系,化学31,湖北  ,湖北省荆州中学 
欧阳琛 ,男,化学系,化学31,湖南  ,雅礼中学 
张倬瑞 ,男,化学系,化学31,陕西  ,西安高新第一中学 
曹睿  ,男,化学系,化学31,黑龙江,哈尔滨市三中 
陈新阳 ,男,化学系,化学31,山东  ,东营胜利第一中学 
周佐平 ,男,化学系,化学31,广东  ,惠州市第一中学 
曾智宇 ,女,化学系,化学31,湖南  ,冷水江市第一中学 
邵泓杰 ,男,化学系,化学31,北京  ,中国人民大学附属中学 
刘浩轩 ,男,化学系,化学32,天津  ,咸水沽一中 
崔思远 ,男,化学系,化学32,辽宁  ,北镇市第一高中 
刘金果 ,男,化学系,化学32,四川  ,南充高中 
尚嘉琛 ,女,化学系,化学32,陕西  ,高新一中 
刘生泽 ,男,化学系,化学32,甘肃  ,金川公司一中 
董雨辰 ,男,化学系,化学32,北京  ,中国人民大学附属中学 
赵皓天 ,男,化学系,化学32,天津  ,实验中学 
赵翰阳 ,男,化学系,化学32,天津  ,实验中学 
卢启辰 ,男,化学系,化学32,河北  ,石家庄市第二中学 
丁溪锋 ,男,化学系,化学32,辽宁  ,大连育明高中 
吴禹凝 ,女,化学系,化学32,吉林  ,长春市吉大附中实验学校 
何天成 ,男,化学系,化学32,江苏  ,江苏省滨海中学 
韩全强 ,男,化学系,化学32,浙江  ,乐成公立寄宿学校 
艾华松 ,男,化学系,化学32,江西  ,鹰潭市第一中学 
王瑞  ,男,化学系,化学32,山东 ,东营市胜利第一中学 
张炎鑫 ,男,化学系,化学32,河南  ,郑州一中 
陈泓武 ,男,化学系,化学32,河南  ,郑州一中 
李沛安 ,男,化学系,化学32,河南  ,郑州外国语学校 
郑驰晖 ,男,化学系,化学32,湖北  ,荆门市龙泉中学 
黄思杰 ,男,化学系,化学32,广东  ,华南师范大学附属中学 
王毅  ,男,化学系,化学32,安徽 ,太和中学 
高学敏 ,女,化学系,化学32,福建  ,莆田一中 
王雨田 ,女,化学系,化学32,山西  ,省实验中学 
王聆溪 ,女,化学系,化学32,江苏  ,江苏省苏州中学校 
孙雪阳 ,男,化学系,化学32,河南  ,滑县第一中学 
席睿远 ,男,化学系,基科33,北京  ,北京市十一学校 
王天恒 ,男,化学系,基科33,天津  ,南开中学 
崔佳文 ,女,化学系,基科33,山西  ,山大附中 
薄阳  ,男,化学系,基科33,辽宁 ,大连育明高中 
宣雨晨 ,男,化学系,基科33,辽宁  ,东北育才学校 
李健达 ,男,化学系,基科33,吉林  ,长春市吉大附中实验学校 
王天  ,男,化学系,基科33,吉林 ,长春吉大附中实验学校 
梁家琦 ,男,化学系,基科33,上海  ,上海市市西中学 
李阳  ,男,化学系,基科33,上海 ,上海市上海中学 
姚骋波 ,男,化学系,基科33,上海  ,上海市格致中学 
曾宪丰 ,男,化学系,基科33,上海  ,华东师范大学第二附属中学 
吴之晨 ,男,化学系,基科33,上海  ,上海复旦大学附属中学 
竺鹏程 ,男,化学系,基科33,上海  ,华东师范大学第二附属中学 
侯佳悦 ,女,化学系,基科33,上海  ,华东师范大学第二附属中学 
吴佩尧 ,男,化学系,基科33,江苏  ,金陵中学 
郑琳奕 ,女,化学系,基科33,浙江  ,温州中学 
阮志远 ,男,化学系,基科33,浙江  ,温州中学 
尹子鹤 ,男,化学系,基科33,安徽  ,淮北市第一中学 
汤宝鑫 ,男,化学系,基科33,福建  ,泉州第七中学 
刘国强 ,男,化学系,基科33,江西  ,万年中学 
邱焜宇 ,男,化学系,基科33,江西  ,江西师大附中 
王文聪 ,女,化学系,基科33,山东  ,寿光现代中学 
王云鹏 ,男,化学系,基科33,河南  ,郑州一中 
龙安吟 ,女,化学系,基科33,河南  ,郑州外国语学校 
刘子扬 ,男,化学系,基科33,湖北  ,襄樊市第五中学 
魏牧丰 ,男,化学系,基科33,湖北  ,武汉市第二中学 
赵炜岱 ,男,化学系,基科33,湖北  ,华中师范大学第一附属中学 
李婷  ,女,化学系,基科33,重庆 ,重庆市巴蜀中学校 
李乾宁 ,男,化学系,基科33,重庆  ,重庆市巴蜀中学校 
罗维忠 ,男,化学系,基科33,四川  ,四川省绵阳南山中学 
张峻尔 ,男,化学系,基科33,陕西  ,西安铁一中 
武博厚 ,男,生命科学学院,生31,北京  ,中央民族大学附属中学 
康碧琳 ,女,生命科学学院,生31,黑龙江 ,大庆市实验中学 
李舒雅 ,女,生命科学学院,生31,安徽  ,合肥一中 
邢峰  ,男,生命科学学院,生31,安徽 ,池州一中 
徐守凯 ,男,生命科学学院,生31,山东  ,济南市历城一中 
田原  ,女,生命科学学院,生31,山东 ,陵县一中 
靳翔宇 ,男,生命科学学院,生31,河南  ,项城市第三高级中学 
周博  ,男,生命科学学院,生31,湖北 ,襄阳市第四中学 
赵一玮 ,女,生命科学学院,生31,甘肃  ,西北师大附属中学 
黃南欣 ,男,生命科学学院,生31,澳门  ,其他 
杜鹤童 ,男,生命科学学院,生31,天津  ,一中 
李艺  ,女,生命科学学院,生31,山西 ,山大附中 
陈新光 ,男,生命科学学院,生31,山西  ,山大附中 
张新  ,男,生命科学学院,生31,浙江 ,杭州学军中学 
车希明 ,男,生命科学学院,生31,江西  ,南昌大学附属中学 
刘攀  ,男,生命科学学院,生31,河南 ,郑州一中 
王凌寒 ,女,生命科学学院,生31,湖北  ,武汉市第二中学 
刘典  ,男,生命科学学院,生31,湖北 ,黄冈中学 
毛天杨 ,男,生命科学学院,生31,湖南  ,雅礼中学 
黄义鸣 ,男,生命科学学院,生31,重庆  ,重庆市南开中学 
王强  ,男,生命科学学院,生31,四川 ,绵阳中学 
刘丹琳 ,女,生命科学学院,生31,新疆  ,乌鲁木齐市第一中学 
李言  ,男,生命科学学院,生31,甘肃 ,西北师大附属中学 
谢家瑀 ,女,生命科学学院,生31,北京  ,清华大学附属中学 
施润声 ,男,生命科学学院,生31,北京  ,首都师范大学附属中学 
金迪  ,男,生命科学学院,生31,吉林 ,东北师大附属中学 
马丽媛 ,女,生命科学学院,生31,宁夏  ,银川一中 
王诗蕊 ,女,生命科学学院,生31,福建  ,厦门双十中学 
李明茜 ,女,生命科学学院,生31,河北  ,衡水市滏阳中学 
白舸  ,男,生命科学学院,生31,内蒙古,赤峰元宝山区平庄煤业高级中学 
梁潇  ,女,生命科学学院,生31,辽宁 ,辽河油田第一高级中学 
张浩  ,男,生命科学学院,生32,山西 ,太行中学(应) 
邹心之 ,女,生命科学学院,生32,辽宁  ,营口开发区第一高中 
罗逸群 ,男,生命科学学院,生32,黑龙江 ,大庆市实验中学 
胡玉钊 ,男,生命科学学院,生32,湖南  ,长郡中学 
毛子卿 ,男,生命科学学院,生32,广东  ,东莞市东华高级中学 
吴佳炜 ,男,生命科学学院,生32,四川  ,成都市石室中学 
李昂  ,男,生命科学学院,生32,云南 ,云南师范大学附属中学 
陆青青 ,女,生命科学学院,生32,新疆  ,八一中学 
何智琼 ,女,生命科学学院,生32,香港  ,循道中学 
蔡穎儀 ,女,生命科学学院,生32,香港  ,STFA LEUNG KAU KUI COLLEGE(順德聯誼總會梁銶琚中學) 
李梦阳 ,男,生命科学学院,生32,河北  ,河北衡水中学 
郜雪菲 ,女,生命科学学院,生32,河北  ,石家庄市第二中学 
曲日浩 ,男,生命科学学院,生32,辽宁  ,大连经济技术开发区第一高级中学 
钱文超 ,男,生命科学学院,生32,浙江  ,浙江金华第一中学 
林云  ,女,生命科学学院,生32,浙江 ,杭州外语学校 
谭震宇 ,男,生命科学学院,生32,安徽  ,淮北市第一中学 
庄小琼 ,女,生命科学学院,生32,福建  ,泉州第七中学 
汪洋  ,男,生命科学学院,生32,江西 ,鹰潭市第一中学 
程雨婧 ,女,生命科学学院,生32,江西  ,江西师大附中 
王立元 ,男,生命科学学院,生32,山东  ,山东省青岛第二中学 
黄河  ,男,生命科学学院,生32,河南 ,郑州一中 
孙梦楠 ,男,生命科学学院,生32,河南  ,郑州外国语学校 
叶丞中 ,男,生命科学学院,生32,湖北  ,武汉市第二中学 
甘剑英 ,男,生命科学学院,生32,宁夏  ,银川二中 
杜宜聪 ,女,生命科学学院,生32,北京  ,北京市第一０一中学 
孟繁卓 ,男,生命科学学院,生32,天津  ,南开中学 
林祖迪 ,男,生命科学学院,生32,贵州  ,贵阳市第一中学 
石岳  ,女,生命科学学院,生32,天津 ,杨村一中 
李晓婷 ,女,生命科学学院,生32,山东  ,枣庄三中 
张虹颖 ,女,生命科学学院,生32,海南  ,文昌市文昌中学 
赵倚晴 ,女,生命科学学院,生33,北京  ,中国人民大学附属中学 
周韵品 ,女,生命科学学院,生33,江西  ,南昌县莲塘一中 
周潇翔 ,男,生命科学学院,生33,湖南  ,桃源县一中 
黄善迎 ,男,生命科学学院,生33,广西  ,广西南宁市第三中学 
叶明达 ,男,生命科学学院,生33,四川  ,成都市外国语学校 
王沛喆 ,男,生命科学学院,生33,陕西  ,高新一中 
王瑜琪 ,女,生命科学学院,生33,甘肃  ,会宁县第一中学 
刘国强 ,男,生命科学学院,生33,新疆  ,哈密地区二中 
肖扬波 ,女,生命科学学院,生33,北京  ,北京市十一学校 
王琨  ,男,生命科学学院,生33,天津 ,新华中学 
马晓萌 ,女,生命科学学院,生33,天津  ,新华中学 
刘婷婷 ,女,生命科学学院,生33,河北  ,河北衡水中学 
雷宇霆 ,男,生命科学学院,生33,山西  ,山大附中 
张晨  ,男,生命科学学院,生33,内蒙古,包头市九中 
付一宸 ,女,生命科学学院,生33,吉林  ,长春市吉大附中实验学校 
任豪  ,男,生命科学学院,生33,江苏 ,江苏省木渎高级中学 
黄琪  ,男,生命科学学院,生33,浙江 ,浙江省温州中学 
吴金军 ,男,生命科学学院,生33,江西  ,鹰潭市余江县第一中学 
朱世正 ,男,生命科学学院,生33,江西  ,江西省余干中学 
杨嘉俊 ,男,生命科学学院,生33,河南  ,郑州一中 
李心怡 ,女,生命科学学院,生33,河南  ,郑州一中 
李天晓 ,男,生命科学学院,生33,湖北  ,华中师范大学第一附属中学 
谢丰  ,男,生命科学学院,生33,广西 ,桂林中学 
崔潇月 ,女,生命科学学院,生33,新疆  ,兵团二中 
周晨  ,女,生命科学学院,生33,浙江 ,宁波市镇海中学 
王哲  ,男,生命科学学院,生33,吉林 ,东北师大附属中学 
易坤  ,男,生命科学学院,生33,河南 ,光山县第二高级中学 
高兴宇 ,男,生命科学学院,生33,湖北  ,武汉外国语学校 
刘洋  ,女,生命科学学院,生33,山西 ,晋城一中 
刘舒芳 ,女,生命科学学院,生33,福建  ,泉州第五中学 
何雨荻 ,女,生命科学学院,生34,北京  ,北京市第十二中学 
李宏嘉 ,男,生命科学学院,生34,北京  ,北京市顺义牛栏山第一中学 
于泽铭 ,男,生命科学学院,生34,天津  ,蓟县一中 
王月坤 ,女,生命科学学院,生34,天津  ,四中 
雷奇  ,男,生命科学学院,生34,内蒙古,呼市二中 
邵禹铭 ,男,生命科学学院,生34,吉林  ,东北师大附属中学 
林志东 ,男,生命科学学院,生34,浙江  ,浙江省宁海中学 
金欣星 ,女,生命科学学院,生34,浙江  ,浙江省东阳中学 
洪汝萍 ,女,生命科学学院,生34,福建  ,南安一中 
柯帆航 ,男,生命科学学院,生34,福建  ,莆田一中 
刘磊  ,女,生命科学学院,生34,湖南 ,长沙市雅礼中学 
胡习蓉 ,女,生命科学学院,生34,湖南  ,澧县一中 
黄钰洲 ,男,生命科学学院,生34,湖南  ,明德中学 
毛进柱 ,男,生命科学学院,生34,广东  ,广东高州中学 
倪瑞晨 ,女,生命科学学院,生34,四川  ,成都市石室中学 
谢予婳 ,女,生命科学学院,生34,云南  ,云南师范大学附属中学 
孔梓任 ,男,生命科学学院,生34,北京  ,北京师范大学附属实验中学 
崔雀玄 ,女,生命科学学院,生34,北京  ,中国人民大学附属中学 
朱胜波 ,男,生命科学学院,生34,浙江  ,宁波市镇海中学 
华天瑞 ,女,生命科学学院,生34,北京  ,清华大学附属中学 
程成  ,女,生命科学学院,生34,上海 ,上海市七宝中学 
周文哲 ,女,生命科学学院,生34,江苏  ,江苏省盐城中学 
杨杰  ,男,生命科学学院,生34,重庆 ,重庆市南开中学 
尹欢欢 ,女,生命科学学院,生34,四川  ,四川省绵阳中学 
刘爽  ,女,生命科学学院,生34,山东 ,山东省实验中学 
朱瑞哲 ,男,生命科学学院,生35,北京  ,北京市第十二中学 
丁颂原 ,女,生命科学学院,生35,北京  ,中国人民大学附属中学 
叶雨芊 ,男,生命科学学院,生35,北京  ,中国人民大学附属中学 
刘湘宁 ,女,生命科学学院,生35,北京  ,北京市第四中学 
宫昌林 ,男,生命科学学院,生35,天津  ,塘沽一中 
陈琬琦 ,女,生命科学学院,生35,天津  ,宝坻一中 
田园  ,女,生命科学学院,生35,河北 ,河北正定中学 
林靖迪 ,男,生命科学学院,生35,吉林  ,吉林一中 
潘俊彦 ,女,生命科学学院,生35,江苏  ,宝应县中学 
张梦会 ,女,生命科学学院,生35,安徽  ,灵璧中学 
方荔菁 ,女,生命科学学院,生35,福建  ,莆田一中 
包旭东 ,男,生命科学学院,生35,福建  ,永春一中 
苗会蕾 ,女,生命科学学院,生35,山东  ,淄博一中 
王伦  ,男,生命科学学院,生35,广东 ,深圳市红岭中学 
纪漫萍 ,女,生命科学学院,生35,广东  ,揭阳第一中学 
江畅  ,男,生命科学学院,生35,重庆 ,秀山高级中学 
李丽佳 ,女,生命科学学院,生35,四川  ,乐山一中 
李沛衡 ,男,生命科学学院,生35,四川  ,成都市第七中学 
李菡钰 ,女,生命科学学院,生35,云南  ,保山一中 
董芮嘉 ,女,生命科学学院,生35,陕西  ,西北工业大学附属中学 
向奕蓉 ,女,生命科学学院,生35,北京  ,中央民族大学附属中学 
陈梦寅 ,男,生命科学学院,生35,湖南  ,长郡中学 
李弘毅 ,男,生命科学学院,生35,浙江  ,宁波市镇海中学 
徐乐吟 ,女,生命科学学院,生35,浙江  ,绍兴市第一中学 
徐平  ,男,生命科学学院,生35,浙江 ,浙江省衢州第二中学 
徐梦华 ,女,生命科学学院,生36,北京  ,北京师范大学附属实验中学 
张竞元 ,女,生命科学学院,生36,北京  ,中国人民大学附属中学 
颜妙名 ,女,生命科学学院,生36,天津  ,七中 
汪佳儒 ,女,生命科学学院,生36,河北  ,衡水市滏阳中学 
程乾  ,男,生命科学学院,生36,山西 ,金谷中学(往) 
孙阳  ,男,生命科学学院,生36,江苏 ,江苏省溧阳中学 
巢安琪 ,女,生命科学学院,生36,江苏  ,江苏省常州高级中学 
项永波 ,男,生命科学学院,生36,浙江  ,浙江省缙云中学 
陈雨良 ,男,生命科学学院,生36,福建  ,福州一中 
郭若寒 ,女,生命科学学院,生36,福建  ,福清一中 
宋慧芯 ,女,生命科学学院,生36,山东  ,临邑第一中学 
韩绍奇 ,男,生命科学学院,生36,山东  ,章丘五中 
严婧文 ,女,生命科学学院,生36,湖北  ,武汉市第二中学 
潘妘頔 ,女,生命科学学院,生36,重庆  ,重庆市南开中学 
张震  ,男,生命科学学院,生36,重庆 ,重庆市第十八中学校 
王妍颖 ,女,生命科学学院,生36,四川  ,乐山一中 
欧启凡 ,男,生命科学学院,生36,四川  ,江油中学 
许悦  ,女,生命科学学院,生36,云南 ,云南师范大学附属中学 
李沙桐 ,男,生命科学学院,生36,云南  ,云南师范大学附属中学 
王冬玥 ,女,生命科学学院,生36,青海  ,江苏省中学 
胡文墨 ,男,生命科学学院,生36,北京  ,北京市第四中学 
姜晨旦 ,男,生命科学学院,生36,北京  ,中国人民大学附属中学 
冯时  ,女,生命科学学院,生36,北京  ,北京市第四中学 
姜昭  ,女,生命科学学院,生36,浙江 ,温州中学 
施迈  ,女,生命科学学院,生37,北京 ,北京市第十二中学 
滕雅群 ,女,生命科学学院,生37,北京  ,中国人民大学附属中学 
王澍  ,男,生命科学学院,生37,河北 ,衡水市滏阳中学 
季俊亦 ,男,生命科学学院,生37,浙江  ,青田县中学 
陈奕均 ,男,生命科学学院,生37,浙江  ,浙江省缙云中学 
孙晓琳 ,女,生命科学学院,生37,山东  ,山东省青州市第一中学 
王一斐 ,男,生命科学学院,生37,河南  ,北大附中河南分校 
马培文 ,男,生命科学学院,生37,河南  ,安阳市第一中学 
赵姿璇 ,女,生命科学学院,生37,湖北  ,襄阳市第五中学 
杨烈  ,女,生命科学学院,生37,四川 , 四川省绵阳中学 
张宗慕雨,男,生命科学学院,生37,云南,云南师范大学附属中学 
杨琛轩 ,男,生命科学学院,生37,宁夏  ,银川一中 
張天見 ,男,生命科学学院,生37,台湾  ,高雄市立高雄高級中學 
黃兆亨 ,男,生命科学学院,生37,香港  ,KING'S COLLEGE(英皇書院) 
范嘉雯 ,女,生命科学学院,生37,澳门  ,澳門聖羅撒女子中學中文部 
王一澄 ,男,生命科学学院,生37,天津  ,一中 
詹炜  ,男,生命科学学院,生37,浙江 ,温州中学 
陈浩  ,男,生命科学学院,生37,河南 ,郑州一中 
凌静  ,女,生命科学学院,生37,广东 ,华南师范大学附属中学 
姚卓然 ,男,生命科学学院,生37,四川  ,成都市第七中学 
谢雯婷 ,女,生命科学学院,生37,甘肃  ,兰州第一中学 
徐九洋 ,男,生命科学学院,生37,上海  ,上海外国语大学附属浦东外国语学 
李宇晖 ,男,生命科学学院,生37,上海  ,上海市七宝中学 
郑则统 ,男,生命科学学院,生37,浙江  ,杭州第二中学 
汪一凡 ,女,生命科学学院,生37,江苏  ,常州市第一中学 
费旷宇 ,男,生命科学学院,生37,浙江  ,浙江省湖州中学 
宋一凡 ,男,交叉信息研究院,计科30,河北  ,石家庄市第二中学 
董方宏 ,男,交叉信息研究院,计科30,上海  ,上海复旦大学附属中学 
李志远 ,男,交叉信息研究院,计科30,江苏  ,江苏省天一中学 
黄逸洲 ,男,交叉信息研究院,计科30,浙江  ,杭州第二中学 
占玮  ,男,交叉信息研究院,计科30,安徽 ,合肥1中 
李辰星 ,男,交叉信息研究院,计科30,河南  ,郑州一中 
刘壮  ,男,交叉信息研究院,计科30,安徽 ,合肥一中 
张洁莹 ,女,经济管理学院,经31,河北  ,河北衡水中学 
郭超凡 ,男,经济管理学院,经31,山西  ,怀仁一中云东校区 
李曜名 ,男,经济管理学院,经31,辽宁  ,辽阳石油化纤公司高级中学 
池鸣  ,女,经济管理学院,经31,吉林 ,东北师大附属中学 
邹婧  ,女,经济管理学院,经31,江苏 ,江苏省淮阴中学 
韩慰迟 ,男,经济管理学院,经31,浙江  ,浙江省长兴中学 
陈星锦 ,男,经济管理学院,经31,福建  ,长乐一中 
张梦洁 ,女,经济管理学院,经31,山东  ,胶南市第一中学 
祁诗皓 ,男,经济管理学院,经31,湖北  ,武汉市第二中学 
陈豪昌 ,男,经济管理学院,经31,广东  ,东莞市东华高级中学 
任丹阳 ,女,经济管理学院,经31,重庆  ,彭水中学 
李碧琳 ,女,经济管理学院,经31,陕西  ,高新一中 
韓式宣 ,女,经济管理学院,经31,台湾  ,台北市立松山高級中學 
张骏  ,男,经济管理学院,经31,辽宁 ,大连育明高中 
房桢  ,女,经济管理学院,经31,辽宁 ,大连市第二十四中学 
赵欣怡 ,女,经济管理学院,经31,四川  ,成都市第七中学 
黄震  ,男,经济管理学院,经31,北京 ,中国人民大学附属中学 
王潇  ,男,经济管理学院,经31,北京 ,中国人民大学附属中学 
葛文婷 ,女,经济管理学院,经31,上海  ,华东师范大学第二附属中学 
黄磊  ,男,经济管理学院,经31,湖南 ,双峰县一中 
王辛垚 ,男,经济管理学院,经31,北京  ,中国人民大学附属中学 
吴蕴之 ,男,经济管理学院,经31,北京  ,北京师范大学附属实验中学 
陈熠晨 ,男,经济管理学院,经31,浙江  ,浙江省富阳中学 
刘裔  ,男,经济管理学院,经31,天津 ,一中 
金昭  ,女,经济管理学院,经31,湖北 ,荆门市龙泉中学 
关琳  ,女,经济管理学院,经31,黑龙江,大庆市实验中学 
唐于婷 ,女,经济管理学院,经31,四川  ,南充高中 
段文斌 ,男,经济管理学院,经31,江西  ,广昌县第一中学 
张皓璁 ,女,经济管理学院,经32,北京  ,北京市第四中学 
吕燕晨 ,女,经济管理学院,经32,北京  ,北京市第四中学 
王治钧 ,男,经济管理学院,经32,北京  ,北京市第四中学 
高曈  ,男,经济管理学院,经32,北京 ,中央民族大学附属中学 
张笑  ,女,经济管理学院,经32,辽宁 ,大连市第二十四中学 
闵兢超 ,男,经济管理学院,经32,江苏  ,江苏省淮阴中学 
贺紫薇 ,女,经济管理学院,经32,浙江  ,宁波市镇海中学 
周方圆 ,女,经济管理学院,经32,浙江  ,浙江萧山中学 
吴冰瑶 ,女,经济管理学院,经32,安徽  ,池州一中 
张靖文 ,女,经济管理学院,经32,安徽  ,皖寿县一中 
范琪  ,女,经济管理学院,经32,福建 ,顺昌一中 
袁月  ,男,经济管理学院,经32,广东 ,东莞市东莞中学 
杨睿昕 ,女,经济管理学院,经32,广东  ,佛山市第一中学 
梁馨心 ,女,经济管理学院,经32,重庆  ,重庆市第一中学 
蒙业  ,女,经济管理学院,经32,贵州 ,贵阳市第一中学 
周笑盈 ,女,经济管理学院,经32,甘肃  ,兰州第一中学 
杨开来 ,男,经济管理学院,经32,甘肃  ,金川公司一中 
张冉冉 ,女,经济管理学院,经32,宁夏  ,宁夏长庆高级中学 
田肖  ,女,经济管理学院,经32,新疆 ,乌鲁木齐市一中 
翁筱鈞 ,女,经济管理学院,经32,台湾  ,台北市立第一女子高級中學 
何冠怡 ,女,经济管理学院,经32,香港  ,培桥中学 
苏敏  ,女,经济管理学院,经32,香港 ,香港道教联合会邓显纪念中 
陆苇  ,女,经济管理学院,经32,上海 ,华东师范大学第二附属中学 
张润涛 ,男,经济管理学院,经32,宁夏  ,银川二中 
葛紫蘅 ,女,经济管理学院,经32,上海  ,上海市曹杨第二中学 
卢心雨 ,女,经济管理学院,经32,安徽  ,繁昌县第一中学 
赵芙愉 ,女,经济管理学院,经32,广东  ,中山纪念中学 
惠泽华 ,女,经济管理学院,经32,陕西  ,西北工业大学附属中学 
汪家怿 ,女,经济管理学院,经32,上海  ,上海市建平中学 
丁舒阳 ,女,经济管理学院,经32,上海  ,上海市上海中学 
刘珈瑞 ,女,经济管理学院,经32,四川  ,成都市第七中学 
田鸽  ,女,经济管理学院,经32,宁夏 ,银川二中 
郑沛倞 ,男,经济管理学院,经32,北京  ,北京市十一学校 
钟鼎  ,男,经济管理学院,经32,四川 ,成都市实验外语学校 
邵睿琪 ,女,经济管理学院,经32,北京  ,北京市第四中学 
徐一夫 ,男,经济管理学院,经33,北京  ,北京市第五中学 
穆冠辰 ,男,经济管理学院,经33,河北  ,河北省沧州市第一中学 
刘欣泽 ,女,经济管理学院,经33,内蒙古 ,赤峰元宝山区平庄煤业高级中学 
刘霁瑶 ,女,经济管理学院,经33,内蒙古 ,鄂尔多斯市第一中学 
金泰俊 ,男,经济管理学院,经33,吉林  ,延边一中 
王星艺 ,女,经济管理学院,经33,吉林  ,吉林一中 
刘思奥 ,女,经济管理学院,经33,江苏  ,江苏省新海高级中学 
何家威 ,男,经济管理学院,经33,浙江  ,浙江省东阳中学 
王妍  ,女,经济管理学院,经33,安徽 ,安庆一中 
张婧怡 ,女,经济管理学院,经33,福建  ,厦门外国语学校 
秦杉  ,女,经济管理学院,经33,福建 ,厦门外国语学校 
付天钰 ,男,经济管理学院,经33,江西  ,临川明达教育培训中心 
杨德源 ,男,经济管理学院,经33,山东  ,邹城一中 
陶佳轩 ,女,经济管理学院,经33,河南  ,北大附中河南分校 
易楷宁 ,男,经济管理学院,经33,湖南  ,长郡中学 
涂婳婳 ,女,经济管理学院,经33,广西  ,柳州铁一中学 
陈大威 ,男,经济管理学院,经33,广西  ,玉林高中 
杨曾倩 ,女,经济管理学院,经33,重庆  ,重庆市第八中学 
周倩  ,女,经济管理学院,经33,云南 ,曲靖市第一中学 
石家豪 ,男,经济管理学院,经33,陕西  ,绥德县第一中学 
任怡昭 ,女,经济管理学院,经33,甘肃  ,天水市第一中学 
陈秐翔 ,男,经济管理学院,经33,香港  ,圣保罗男女中学 
曾鷹  ,男,经济管理学院,经33,澳门 ,澳門濠江中學 
王晓瑜 ,女,经济管理学院,经33,辽宁  ,大连市第二十四中学 
于淼  ,男,经济管理学院,经33,吉林 ,长春市吉大附中实验学校 
赵艺涵 ,女,经济管理学院,经33,黑龙江 ,大庆市实验中学 
刘畅  ,男,经济管理学院,经33,上海 ,上海市上海中学 
余张逸航,男,经济管理学院,经33,湖北  ,华中师范大学第一附属中学 
涂瀚宇 ,男,经济管理学院,经33,四川  ,四川省南充高级中学 
涂江汇 ,女,经济管理学院,经33,北京  ,北京市第四中学 
朱睿铭 ,女,经济管理学院,经33,北京  ,北京师范大学附属实验中学 
曾澍汐 ,男,经济管理学院,经33,北京  ,中国人民大学附属中学 
陈梦格 ,女,经济管理学院,经33,河北  ,衡水市滏阳中学 
尹之乔 ,女,经济管理学院,经33,北京  ,北京市十一学校 
冯如雪 ,女,经济管理学院,经33,北京  ,中国人民大学附属中学 
朱嘉宁 ,女,经济管理学院,经33,上海  ,上海交通大学附属中学 
张安娜 ,女,经济管理学院,经33,山东  ,安丘一中 
游伊慧 ,女,经济管理学院,经33,湖北  ,钟祥市第一中学 
王泽玮 ,男,经济管理学院,经34,北京  ,中央民族大学附属中学 
王昊南 ,男,经济管理学院,经34,北京  ,中国人民大学附属中学 
何佳霖 ,女,经济管理学院,经34,天津  ,青光中学 
苏洁  ,女,经济管理学院,经34,山西 ,康杰二中 
杨琛  ,女,经济管理学院,经34,内蒙古,呼市二中 
郭健多 ,女,经济管理学院,经34,黑龙江 ,大庆市铁人中学 
史嘉妮 ,女,经济管理学院,经34,浙江  ,慈溪中学 
刘玉玉 ,女,经济管理学院,经34,安徽  ,灵璧一中 
王季  ,女,经济管理学院,经34,江西 ,临川明达教育培训中心 
宋爽  ,女,经济管理学院,经34,山东 ,莱州一中 
冯思远 ,男,经济管理学院,经34,河南  ,潢川县高级中学 
李中昱 ,女,经济管理学院,经34,河南  ,漯河高级中学 
刘畅  ,女,经济管理学院,经34,湖南 ,长沙市一中 
王芮  ,女,经济管理学院,经34,海南 ,海口市第一中学 
曾天奎 ,男,经济管理学院,经34,重庆  ,重庆市第八中学 
梁尚滔 ,女,经济管理学院,经34,四川  ,成都市实验外语学校 
邹贤坤 ,男,经济管理学院,经34,贵州  ,六盘水市第二中学 
段绍茜 ,女,经济管理学院,经34,云南  ,腾冲县第一中学 
田姬熔 ,女,经济管理学院,经34,陕西  ,高新一中 
苏牡雅 ,女,经济管理学院,经34,新疆  ,八一中学 
张文瀚 ,男,经济管理学院,经34,河北  ,石家庄市第二中学 
郭俊萍 ,女,经济管理学院,经34,辽宁  ,大连市第二十四中学 
刘思佳 ,女,经济管理学院,经34,吉林  ,吉林一中 
王华溢 ,男,经济管理学院,经34,湖北  ,华中师范大学第一附属中学 
李谨然 ,男,经济管理学院,经34,湖南  ,湖南师大附中 
黄迪  ,男,经济管理学院,经34,四川 ,自贡市蜀光中学 
张鹤  ,男,经济管理学院,经34,北京 ,中国人民大学附属中学 
徐正清 ,男,经济管理学院,经34,北京  ,北方交通大学附属中学 
孙婧璠 ,女,经济管理学院,经34,北京  ,北京市第四中学 
高欣弘 ,女,经济管理学院,经34,上海  ,上海市上海中学 
陈翱翔 ,男,经济管理学院,经34,浙江  ,浙江省义乌中学 
杨真  ,男,经济管理学院,经34,青海 ,敦煌基地中学 
石怡  ,女,经济管理学院,经34,青海 ,湟川中学 
苏静仪 ,女,经济管理学院,经34,北京  ,北京师范大学附属实验中学 
侯雨默 ,女,经济管理学院,经34,北京  ,清华大学附属中学 
高梦扬 ,男,经济管理学院,经34,上海  ,华东师范大学第二附属中学 
蒋南  ,男,经济管理学院,经34,江苏 ,南京外国语学校 
杨依林 ,男,经济管理学院,经34,山东  ,莱州一中 
张启路 ,女,经济管理学院,经35,北京  ,北京师范大学第二附属中学 
郭湛  ,女,经济管理学院,经35,北京 ,北京市第八十中学 
信卓  ,女,经济管理学院,经35,河北 ,衡水市滏阳中学 
薛健行 ,男,经济管理学院,经35,山西  ,山大附中 
陈晨  ,男,经济管理学院,经35,内蒙古,赤峰元宝山区平庄煤业高级中学 
张艺莹 ,女,经济管理学院,经35,吉林  ,辽源市第五中学 
张枭  ,女,经济管理学院,经35,黑龙江,萨尔图其它中等学历学 
叶小米 ,女,经济管理学院,经35,浙江  ,宁波市镇海区蛟川书院 
查韦婷 ,女,经济管理学院,经35,安徽  ,铜陵市第一中学 
刘官菁 ,女,经济管理学院,经35,江西  ,南昌县莲塘一中 
高岩  ,男,经济管理学院,经35,山东 ,商河一中 
杨晓晔 ,女,经济管理学院,经35,山东  ,寿光一中 
王铮  ,男,经济管理学院,经35,河南 ,禹州第三高级中学 
高上涵 ,女,经济管理学院,经35,河南  ,商丘市第一高级中学 
陈俊霖 ,男,经济管理学院,经35,广东  ,东莞市东华高级中学 
梁燕怡 ,女,经济管理学院,经35,广东  ,中山纪念中学 
袁明嘉 ,女,经济管理学院,经35,海南  ,海南省华侨中学 
郭雨欣 ,女,经济管理学院,经35,四川  ,泸县二中 
邓义涵 ,女,经济管理学院,经35,贵州  ,遵义县第一中学 
范潇阳 ,男,经济管理学院,经35,云南  ,曲靖市第一中学 
姚欢宸 ,女,经济管理学院,经35,青海  ,四川省中学 
宗陈辉 ,男,经济管理学院,经35,青海  ,浙江省中学 
尉亦然 ,男,经济管理学院,经35,上海  ,上海复旦大学附属中学 
高胜寒 ,男,经济管理学院,经35,北京  ,中国人民大学附属中学 
李平允 ,男,经济管理学院,经35,北京  ,北京师范大学附属实验中学 
石锦芳 ,女,经济管理学院,经35,北京  ,北京市第一０一中学 
高笛  ,女,经济管理学院,经35,北京 ,中央民族大学附属中学 
郭雪岩 ,女,经济管理学院,经35,山西  ,山大附中 
隋晨  ,女,经济管理学院,经35,辽宁 ,大连市第二十四中学 
龚恬  ,女,经济管理学院,经35,江苏 ,江苏省前黄高级中学 
陈其磊 ,男,经济管理学院,经35,浙江  ,乐清市乐成寄宿中学 
陈子祎 ,男,经济管理学院,经35,湖北  ,襄阳市第五中学 
闫芮君 ,女,经济管理学院,经35,陕西  ,高新一中 
于佳恒 ,男,经济管理学院,经35,北京  ,中国人民大学附属中学 
蔡迪  ,女,经济管理学院,经35,辽宁 ,鞍山市第一中学 
王靖  ,男,经济管理学院,经35,福建 ,厦门第一中学 
田地  ,男,经济管理学院,经35,重庆 ,重庆市南开中学 
骆绎  ,女,经济管理学院,经35,北京 ,清华大学附属中学 
李心雅 ,女,经济管理学院,经36,北京  ,北京市第四中学 
王璇  ,女,经济管理学院,经36,河北 ,衡水市滏阳中学 
范昭瑞 ,女,经济管理学院,经36,山西  ,太原五中 
侯林原 ,男,经济管理学院,经36,内蒙古 ,包钢一中 
戴蕙阳 ,女,经济管理学院,经36,辽宁  ,本溪市高级中学 
薛宇书豪,女,经济管理学院,经36,吉林  ,四平社会青年 
于淼  ,女,经济管理学院,经36,黑龙江,萨尔图其它中等学历学 
卢凌荧 ,女,经济管理学院,经36,福建  ,福州一中 
刘奕伶 ,女,经济管理学院,经36,江西  ,新余市第四中学 
胡宵  ,男,经济管理学院,经36,江西 ,临川第一中学 
孙宗晓 ,男,经济管理学院,经36,山东  ,沂源县第一中学 
周星星 ,女,经济管理学院,经36,河南  ,周口市郸城县一高 
张浩  ,男,经济管理学院,经36,河南 ,郑州外国语学校 
钟虹谷 ,女,经济管理学院,经36,广西  ,广西师范大学附属中学 
张芊  ,女,经济管理学院,经36,重庆 ,永川中学 
李屹  ,男,经济管理学院,经36,四川 ,绵阳东辰国际学校 
赵真  ,女,经济管理学院,经36,云南 ,昆明市第一中学 
张梦捷 ,女,经济管理学院,经36,甘肃  ,嘉峪关市一中 
阮彥智 ,男,经济管理学院,经36,台湾  ,台中一中 
杨诗琪 ,女,经济管理学院,经36,香港  ,MADAM LAU KAM LUNG SEC SCH OF MFBM(妙法寺劉金龍中學) 
周熤  ,男,经济管理学院,经36,北京 ,中国人民大学附属中学 
王子璇 ,女,经济管理学院,经36,北京  ,北京市十一学校 
姜忆南 ,女,经济管理学院,经36,北京  ,首都师范大学附属中学 
李颉琳 ,女,经济管理学院,经36,北京  ,中央民族大学附属中学 
金婷婷 ,女,经济管理学院,经36,辽宁  ,盘锦市高级中学 
朱健然 ,男,经济管理学院,经36,上海  ,上海市七宝中学 
陈刘旻 ,女,经济管理学院,经36,江苏  ,江苏省如东高级中学 
喻鹏阳 ,女,经济管理学院,经36,浙江  ,浙江省富阳中学 
高原  ,女,经济管理学院,经36,山东 ,邹城一中 
贺维艺 ,男,经济管理学院,经36,湖北  ,襄阳市第五中学 
莫凡人 ,男,经济管理学院,经36,广西  ,广西南宁市第三中学 
何方珏 ,男,经济管理学院,经36,浙江  ,浙江省淳安中学 
孙昊宇 ,男,经济管理学院,经36,北京  ,北京市第八中学 
李栋  ,男,经济管理学院,经36,天津 ,南开中学 
刘展江 ,男,经济管理学院,经36,内蒙古 ,呼市二中 
王鹏宇 ,男,经济管理学院,经36,陕西  ,高新一中 
崔立一 ,女,经济管理学院,经36,北京  ,北京师范大学第二附属中学 
吴鹏博 ,男,经济管理学院,经37,北京  ,清华大学附属中学 
乔冠中 ,男,经济管理学院,经37,北京  ,清华大学附属中学 
徐建行 ,男,经济管理学院,经37,北京  ,清华大学附属中学 
高添  ,男,经济管理学院,经37,北京 ,清华大学附属中学 
刘懿朔 ,女,经济管理学院,经37,北京  ,清华大学附属中学 
陈芳  ,女,经济管理学院,经37,北京 ,清华大学附属中学 
李骁峻 ,男,经济管理学院,经37,辽宁  ,沈阳市第二中学 
戚振飞 ,男,经济管理学院,经37,山东  ,山东省滕州市第五中学 
高泽  ,男,经济管理学院,经37,山东 ,山东省淄博市桓台县第一中学 
刘宝  ,男,经济管理学院,经37,山东 ,山东省滕州市第二中学 
邵国特 ,男,经济管理学院,经37,山东  ,山东省滕州市第二中学 
罗锦郎 ,男,经济管理学院,经37,河南  ,河南省实验中学 
刘逸舒 ,男,经济管理学院,经37,湖南  ,望城区一中 
陈创业 ,男,经济管理学院,经37,广东  ,中山纪念中学 
江亨南 ,男,经济管理学院,经37,海南  ,海南省华侨中学 
陈艳  ,女,经济管理学院,经37,海南 ,海南省华侨中学 
李志鹏 ,男,经济管理学院,经37,重庆  ,重庆市鲁能巴蜀中学校 
谢招福 ,男,经济管理学院,经37,贵州  ,凤冈县第一中学 
高握奇 ,男,经济管理学院,经37,陕西  ,陕西省西北工业大学附属中学 
王可  ,男,经济管理学院,经37,新疆 ,乌鲁木齐市七十中 
冯德宁 ,女,外国语言文学系,英31,黑龙江 ,密山市第一中学 
马逸超 ,女,外国语言文学系,英31,江苏  ,江苏省前黄高级中学 
黄炜  ,女,外国语言文学系,英31,湖南 ,龙山高级中学 
周晞乐 ,女,外国语言文学系,英31,香港  ,嘉诺撒圣玛利书院 
郝聪宇 ,女,外国语言文学系,英31,河北  ,裕华区石家庄外国语学校 
吴典容 ,女,外国语言文学系,英31,吉林  ,长春外国语学校 
邵思怡 ,女,外国语言文学系,英31,上海  ,上海外国语大学附属外国语学校 
林子晗 ,女,外国语言文学系,英31,上海  ,上海外国语大学附属外国语学校 
赵祺  ,女,外国语言文学系,英31,上海 ,浦东外国语学校 
凌碧云 ,女,外国语言文学系,英31,浙江  ,杭州外国语学校 
张倚书 ,女,外国语言文学系,英31,湖北  ,武汉外国语学校 
傅宇杰 ,男,外国语言文学系,英31,上海  ,华东师范大学第二附属中学 
侯崛  ,男,外国语言文学系,英31,湖北 ,华中师范大学第一附属中学 
宋晓钰 ,女,外国语言文学系,英31,四川  ,成都市石室中学 
熊峰  ,男,外国语言文学系,英31,四川 ,乐山一中 
王璠  ,女,外国语言文学系,英31,陕西 ,西北工业大学附属中学 
王毅  ,男,外国语言文学系,英31,浙江 ,浙江省新昌中学 
刘昕  ,女,外国语言文学系,英31,江西 ,新余市第四中学 
祝继昌 ,男,外国语言文学系,英31,山东  ,东营胜利第一中学 
刘燕春 ,女,外国语言文学系,英31,湖南  ,湖南师大附中 
方琳  ,女,外国语言文学系,英32,吉林 ,延边一中 
周天易 ,女,外国语言文学系,英32,河北  ,裕华区石家庄外国语学校 
虞宙  ,男,外国语言文学系,英32,上海 ,上海外国语大学附属外国语学校 
杨茜  ,女,外国语言文学系,英32,上海 ,上海外国语大学附属外国语学校 
陆静雨 ,女,外国语言文学系,英32,上海  ,上海外国语大学附属外国语学校 
胡嘉逸 ,女,外国语言文学系,英32,浙江  ,杭州外国语学校 
李偞婧 ,女,外国语言文学系,英32,湖北  ,武汉外国语学校 
刘云笛 ,女,外国语言文学系,英32,重庆  ,川外附属外语学校 
李艺卓 ,女,外国语言文学系,英32,四川  ,成都市外国语学校 
李乔枫 ,男,外国语言文学系,英32,四川  ,成都市外国语学校 
施嘉伟 ,男,外国语言文学系,英32,四川  ,自贡市蜀光中学 
张乐健 ,女,外国语言文学系,英32,辽宁  ,辽宁省实验中学 
聂马力 ,女,外国语言文学系,英32,黑龙江 ,佳木斯第一中学 
郑佳唯 ,女,外国语言文学系,英32,上海  ,华东师范大学第二附属中学 
马观祉 ,女,外国语言文学系,英32,江苏  ,江苏省句容高级中学 
姚宇琪 ,女,外国语言文学系,英32,江苏  ,江苏省扬中高级中学 
许弘智 ,男,外国语言文学系,英32,福建  ,泉州第五中学 
程琦  ,男,外国语言文学系,英32,山东 ,滕州市第一中学新校 
蒋涵  ,女,外国语言文学系,英32,山东 ,山东省实验中学 
魏伊人 ,女,外国语言文学系,英33,北京  ,北京市第二中学 
贺婧  ,女,外国语言文学系,英33,北京 ,北京市第八中学 
范煜群 ,女,外国语言文学系,英33,上海  ,上海市崇明中学 
吴伶俐 ,女,外国语言文学系,英33,浙江  ,余姚中学 
张阳  ,男,外国语言文学系,英33,湖南 ,湖南师大附中 
朱林青 ,女,外国语言文学系,英33,广西  ,广西师大附属外国语学校 
韩靓  ,女,外国语言文学系,英33,北京 ,北京师范大学第二附属中学 
徐亚汐 ,女,外国语言文学系,日3,北京,北京大学附属中学 
郭松  ,男,外国语言文学系,日3,北京,北京市密云县第二中学 
王隽淇 ,女,外国语言文学系,日3,北京,中央民族大学附属中学 
金莹  ,女,外国语言文学系,日3,北京,中央民族大学附属中学 
敖天让 ,男,外国语言文学系,日3,北京,石景山街道 
郑浩  ,男,外国语言文学系,日3,北京,北京市海淀区精华培训学校 
张杨  ,男,外国语言文学系,日3,北京,中央民族大学附属中学 
张宇昊 ,男,外国语言文学系,日3,北京,北京市十一学校 
要澜  ,女,外国语言文学系,日3,北京,北京市怀柔区第一中学 
陈宇滢 ,女,外国语言文学系,日3,北京,北京市第一０一中学 
田笑萌 ,女,外国语言文学系,日3,北京,北京市第四中学 
贾奕宁 ,女,外国语言文学系,日3,北京,北京市陈经纶中学 
王梦依 ,女,外国语言文学系,日3,辽宁,朝阳市第二高级中学 
张帆  ,女,外国语言文学系,日3,辽宁,丹东市第二中学 
赵诗琪 ,女,外国语言文学系,日3,湖北,京山县第一中学 
陈路遥 ,女,外国语言文学系,日3,湖北,黄冈中学 
张娅琴 ,女,外国语言文学系,日3,湖南,永顺县第一中学 
李秋红 ,女,外国语言文学系,日3,湖南,平江一中 
李倩  ,女,法学院,法31,河北,河北衡水中学 
吴青青 ,女,法学院,法31,吉林  ,社会 
吕三桂 ,男,法学院,法31,湖南  ,张家界一中 
贾喻靖珈,女,法学院,法31,贵州,贵阳市第一中学 
杜玉娜 ,女,法学院,法31,甘肃  ,天水市第一中学 
米玛拉姆,女,法学院,法31,西藏,广东佛山第一中学 
林浩東 ,男,法学院,法31,香港  ,FUKIEN SECONDARY SCHOOL(福建中學) 
袁诺熙 ,男,法学院,法31,香港  ,拔萃男书院 
吴泽邦 ,男,法学院,法31,北京  ,中国人民大学附属中学 
孟璐  ,女,法学院,法31,江苏 ,南京外国语学校 
徐浩文 ,女,法学院,法31,江苏  ,南京外国语学校 
叶徐蕾 ,女,法学院,法31,浙江  ,杭州外语学校 
李曌  ,女,法学院,法31,浙江 ,杭州外语学校 
周子琪 ,女,法学院,法31,河南  ,郑州外国语学校 
杨蔚然 ,女,法学院,法31,河南  ,郑州外国语学校 
马晴旸 ,女,法学院,法31,四川  ,成都市外国语学校 
陈双亚妮,女,法学院,法31,浙江  ,浙江省台州中学 
赵英男 ,男,法学院,法31,辽宁  ,本溪市高级中学 
巴然  ,男,法学院,法31,上海 ,复旦大学附属中学 
王家点点,女,法学院,法31,上海  ,上海市上海中学 
李丹然 ,女,法学院,法31,上海  ,华东师范大学第二附属中学 
夏至锴 ,男,法学院,法31,江苏  ,江苏省靖江高级中学 
成佳倩 ,女,法学院,法31,江苏  ,江苏省通州高级中学 
朱大有 ,男,法学院,法31,湖南  ,株洲市景炎中学 
陆尔娴 ,女,法学院,法31,广东  ,潮阳实验学校 
冯子轩 ,女,法学院,法31,新疆  ,华山中学 
王樱花 ,女,法学院,法31,山东  ,广饶县第一中学 
常雯宜 ,女,法学院,法31,山东  ,寿光一中 
卢赟  ,女,法学院,法31,河南 ,郑州一中 
刘祖君 ,女,法学院,法31,北京  ,中国人民大学第二附属中学 
王琦  ,男,法学院,法32,北京 ,北京市顺义牛栏山第一中学 
李佳蕊 ,女,法学院,法32,北京  ,北京市第一０一中学 
邢乐涵 ,女,法学院,法32,天津  ,四十五中 
李勇德 ,男,法学院,法32,辽宁  ,沈阳朝鲜族第一中学 
吴依辰 ,女,法学院,法32,浙江  ,温州第二中学 
周怡  ,女,法学院,法32,浙江 ,浙江省义乌中学 
李亚宇 ,女,法学院,法32,河南  ,上蔡县第一高级中学 
吴凡  ,女,法学院,法32,湖北 ,黄冈中学 
肖舒淼 ,男,法学院,法32,广西  ,广西柳州高级中学 
赵敏西 ,女,法学院,法32,四川  ,外国语学校 
赵亦婕 ,女,法学院,法32,新疆  ,哈密石油高级中学 
马晓梅 ,女,法学院,法32,新疆  ,天津市微山路中学 
童波  ,女,法学院,法32,江苏 ,南京外国语学校 
赵晶  ,女,法学院,法32,江苏 ,南京外国语学校 
仓海天 ,男,法学院,法32,江苏  ,南京外国语学校 
吴嘉玥 ,女,法学院,法32,浙江  ,杭州外语学校 
李伊静 ,女,法学院,法32,河南  ,郑州外国语学校 
蒋清青 ,女,法学院,法32,重庆  ,川外附属外语学校 
李丹阳 ,女,法学院,法32,北京  ,中央民族大学附属中学 
王彦舒 ,男,法学院,法32,黑龙江 ,大庆市实验中学 
王蓓宁 ,女,法学院,法32,上海  ,上海市位育中学 
李思瑶 ,女,法学院,法32,上海  ,华东师范大学第二附属中学 
揭怡  ,女,法学院,法32,上海 ,上海市上海中学 
孙程  ,女,法学院,法32,山东 ,日照第一中学 
王语嫣 ,女,法学院,法32,云南  ,云南师范大学附属中学 
王天霖 ,男,法学院,法32,河北  ,衡水市滏阳中学 
孙紫照 ,男,法学院,法32,上海  ,上海市上海中学 
孙雨珊 ,女,法学院,法32,内蒙古 ,奈曼旗一中 
万佳运 ,女,法学院,法32,江苏  ,启东市市报生 
马向阳 ,男,法学院,法33,河南  ,周口市郸城县一高 
张伟  ,男,法学院,法33,湖北 ,来凤县高级中学 
武俊  ,男,法学院,法33,湖北 ,巴东县第一高级中学 
陈宇豪 ,男,法学院,法33,陕西  ,唐南中学 
乔兰茹 ,女,法学院,法34,北京  ,中国人民大学附属中学 
张晓月 ,女,法学院,法34,北京  ,中国人民大学附属中学 
王馨培 ,女,法学院,法34,内蒙古 ,赤峰元宝山区平庄煤业高级中学 
封浩君 ,男,法学院,法34,上海  ,上海市南洋模范中学 
徐珂  ,女,法学院,法34,浙江 ,宁波市镇海中学 
王毅博 ,男,法学院,法34,河南  ,巩义市第二高中 
马乐  ,女,法学院,法34,宁夏 ,银川一中 
蔡梓泓 ,男,法学院,法34,香港  ,英皇书院 
许祁乐 ,女,法学院,法34,北京  ,北京市顺义牛栏山第一中学 
乐晓颖 ,女,法学院,法34,上海  ,上海市南洋模范中学 
樊璠  ,女,法学院,法34,北京 ,中央民族大学附属中学 
刘禹廷 ,男,法学院,法34,北京  ,中央民族大学附属中学 
曹子健 ,女,法学院,法34,广东  ,东莞市东华高级中学 
周缘  ,女,新闻与传播学院,新闻31,江苏  ,江苏省苏州实验中学 
巴珠  ,女,新闻与传播学院,新闻31,西藏  ,西藏自治区拉萨中学 
达珍  ,女,新闻与传播学院,新闻31,西藏  ,昌都地区第二高级中学 
付曼菲 ,女,新闻与传播学院,新闻31,宁夏  ,银川一中 
林以璿 ,女,新闻与传播学院,新闻31,台湾  ,新竹女子高級中學 
马津卓 ,男,新闻与传播学院,新闻31,北京  ,中国人民大学附属中学第二分校 
白玉  ,女,新闻与传播学院,新闻31,天津 ,外院附校 
王德龙 ,男,新闻与传播学院,新闻31,上海  ,上海外国语大学附属外国语学校 
金江歆 ,女,新闻与传播学院,新闻31,江苏  ,南京外国语学校 
刘晓松 ,女,新闻与传播学院,新闻31,山东  ,东营市胜利第二中学 
孟楚  ,女,新闻与传播学院,新闻31,河南 ,郑州外国语学校 
董鼎  ,女,新闻与传播学院,新闻31,湖北 ,武汉外国语学校 
陈心蕊 ,女,新闻与传播学院,新闻31,海南  ,海南中学 
贺盈青 ,女,新闻与传播学院,新闻31,北京  ,清华大学附属中学 
鄂瑶  ,女,新闻与传播学院,新闻31,天津 ,杨柳青一中 
姬潇依 ,女,新闻与传播学院,新闻31,辽宁  ,大连市第二十四中学 
李思遐 ,女,新闻与传播学院,新闻31,吉林  ,东北师大附属中学 
戴安娜 ,女,新闻与传播学院,新闻31,安徽  ,铜陵市第一中学 
刘书田 ,女,新闻与传播学院,新闻31,山东  ,济宁一中 
拜喆喆 ,女,新闻与传播学院,新闻31,青海  ,湟川中学 
周佩雅 ,女,新闻与传播学院,新闻31,四川  ,成都市外国语学校 
李亚东 ,男,新闻与传播学院,新闻31,山西  ,广灵县一中 
洪泽华 ,男,新闻与传播学院,新闻31,辽宁  ,大连沙河口区往届高中生 
胡雅文 ,女,新闻与传播学院,新闻32,北京  ,中国人民大学第二附属中学 
许馨仪 ,女,新闻与传播学院,新闻32,天津  ,杨村一中 
夏丹璐 ,女,新闻与传播学院,新闻32,浙江  ,桐乡市高级中学 
万宁宁 ,女,新闻与传播学院,新闻32,山东  ,广饶县第一中学 
黄文超 ,男,新闻与传播学院,新闻32,四川  ,四川省绵阳中学 
金逸堃 ,女,新闻与传播学院,新闻32,甘肃  ,嘉峪关市一中 
康嘎明泽,女,新闻与传播学院,新闻32,西藏,上海复兴高级中学 
刘兰  ,女,新闻与传播学院,新闻32,新疆 ,吉林省长春市希望高中 
王竞晗 ,女,新闻与传播学院,新闻32,辽宁  ,辽河油田第一高级中学 
叶静靓 ,女,新闻与传播学院,新闻32,福建  ,厦门外国语学校 
骆怡男 ,女,新闻与传播学院,新闻32,河南  ,郑州外国语学校 
汪晗  ,女,新闻与传播学院,新闻32,河南 ,河南省实验中学 
赵玥颖 ,女,新闻与传播学院,新闻32,湖北  ,武汉外国语学校 
黄佳念 ,女,新闻与传播学院,新闻32,四川  ,成都市外国语学校 
曾泽宇 ,女,新闻与传播学院,新闻32,北京  ,北京师范大学第二附属中学 
韩硕  ,女,新闻与传播学院,新闻32,北京 ,北京市十一学校 
肖亚洲 ,男,新闻与传播学院,新闻32,天津  ,杨村一中 
相璇  ,女,新闻与传播学院,新闻32,天津 ,一中 
陈秋伊 ,女,新闻与传播学院,新闻32,江苏  ,江苏省新海高级中学 
骆薪宇 ,女,新闻与传播学院,新闻32,广西  ,广西师大附属外国语学校 
金迦叶 ,女,新闻与传播学院,新闻32,北京  ,北京市第一0一中学分校 
赵诚竹 ,男,新闻与传播学院,新闻32,辽宁  ,鞍山市铁东区往届生 
张智伟 ,男,新闻与传播学院,新闻33,山西  ,太谷二中 
张进宝 ,男,新闻与传播学院,新闻33,内蒙古 ,赤峰红旗中学 
胡宇  ,男,新闻与传播学院,新闻33,安徽 ,屯溪一中 
刘哲铭 ,男,新闻与传播学院,新闻33,山东  ,枣庄三中 
徐雅倩 ,女,新闻与传播学院,新闻33,山东  ,广饶县第一中学 
王一波 ,男,新闻与传播学院,新闻33,河南  ,河南省伊川高中 
李林威 ,男,新闻与传播学院,新闻33,河南  ,河南省淮阳第一高中 
罗涯文 ,男,新闻与传播学院,新闻33,湖南  ,临澧县一中 
吴雪乔 ,男,人文学院,人文3,天津,益中学校 
宋婷  ,女,人文学院,人文3,辽宁,新民市高级中学 
呼璎琦 ,女,人文学院,人文3,黑龙江,萨尔图其它中等学历学 
杨翱铭 ,男,人文学院,人文3,广东,广东仲元中学 
蒋子谦 ,男,人文学院,人文3,云南,云南师范大学附属中学 
刘诗雨 ,女,人文学院,人文3,西藏,拉萨市区外高中应届毕业生 
加依娜·加拿合买提,女,人文学院,人文3,新疆,乌鲁木齐市八中 
林遠怡 ,女,人文学院,人文3,香港,ST PAUL'S CONVENT SCHOOL(聖保祿學校) 
姜宏志 ,男,人文学院,人文3,河北,围场县卉原中学 
付轲  ,男,人文学院,人文3,安徽,金寨一中 
耿重庆 ,男,人文学院,人文3,河南,淮滨高中 
余万里 ,男,人文学院,人文3,湖北,恩施市第一中学 
郭瑜颖 ,女,人文学院,人文3,重庆,秀山高级中学 
王一帅 ,男,人文学院,人文3,四川,成都市外国语学校 
熊广娱 ,女,人文学院,人文3,贵州,兴义市八中 
马吉兰 ,女,人文学院,人文3,甘肃,临夏中学 
张萌  ,女,人文学院,人文3,新疆,喀什第二中学 
金诚至 ,女,人文学院,人文3,浙江,杭州外语学校 
汪莅捷 ,女,人文学院,人文3,河南,郑州外国语学校 
屈晨钰 ,女,人文学院,人文3,湖北,武汉外国语学校 
夏元瑾 ,女,人文学院,人文3,北京,清华大学附属中学 
孙婧妍 ,女,人文学院,人文3,北京,北京市十一学校 
连洁  ,女,人文学院,人文3,山东,济南市历城二中 
王珂  ,男,人文学院,人文3,河南,河南师大附中 
许雪菲 ,女,人文学院,人文3,江苏,江苏省新海高级中学 
俞燚帆 ,男,人文学院,人文3,浙江,上虞市春晖中学 
方严  ,女,人文学院,人文3,安徽,歙县中学 
张宇  ,女,人文学院,人文3,河南,周口市郸城县一高 
王偲  ,女,人文学院,人文3,湖北,湖北省宜昌市夷陵中学 
马欣欣 ,女,人文学院,人文3,陕西,高新一中 
季乐琪 ,女,人文学院,人文3,江苏,江苏省南通中学 
汤胄樱子,女,人文学院,人文3,湖南,长郡中学 
刘士萌 ,男,人文学院,人文3,湖南,明德中学 
赵浩陪 ,男,人文学院,人文3,河南,汝阳县第一高中 
沙思廷 ,男,人文学院,人文3,辽宁,大连开发区第一高级中学 
杨子豪 ,男,社会科学学院,社科3,北京  ,北京市西城区教育考试中心高招办 
庄楚  ,女,社会科学学院,社科3,北京 ,北京师范大学第二附属中学 
宋雨  ,女,社会科学学院,社科3,北京 ,北京市第四中学 
郭天雨 ,女,社会科学学院,社科3,天津  ,杨村一中 
刘派  ,女,社会科学学院,社科3,天津 ,咸水沽一中 
宋梦迪 ,女,社会科学学院,社科3,河北  ,衡水市滏阳中学 
彭婉  ,女,社会科学学院,社科3,山西 ,海泉学校 
李金昭 ,女,社会科学学院,社科3,山西  ,山西现代双语学校 
任越  ,女,社会科学学院,社科3,内蒙古,内蒙师大附中 
马凤娇 ,女,社会科学学院,社科3,吉林  ,长春吉大附中实验学校 
徐丽婷 ,女,社会科学学院,社科3,江苏  ,江苏省苏州中学校 
陶君宇 ,女,社会科学学院,社科3,江苏  ,江苏省海安高级中学 
周品  ,女,社会科学学院,社科3,江苏 ,江苏省天一中学 
蒋瑄  ,女,社会科学学院,社科3,江苏 ,江苏省海安高级中学 
余启翼 ,男,社会科学学院,社科3,浙江  ,象山县第一中学 
王中豪 ,男,社会科学学院,社科3,安徽  ,合肥一中 
高航  ,女,社会科学学院,社科3,安徽 ,太和一中 
王英伦 ,男,社会科学学院,社科3,福建  ,厦门双十中学 
乔淇凡 ,女,社会科学学院,社科3,河南  ,郑州外国语学校 
梁一栋 ,男,社会科学学院,社科3,河南  ,睢县高级中学 
陈斓  ,女,社会科学学院,社科3,湖南 ,桃源县一中 
刘媛  ,女,社会科学学院,社科3,湖南 ,冷水江市第一中学 
汪姝颖 ,女,社会科学学院,社科3,湖南  ,澧县一中 
卢菲婷 ,女,社会科学学院,社科3,广东  ,深圳市深圳中学 
陈媛  ,女,社会科学学院,社科3,广西 ,广西大学附属中学 
王钰欢 ,女,社会科学学院,社科3,四川  ,沫若中学 
赵云帆 ,女,社会科学学院,社科3,四川  ,攀枝花市第三高级中学校 
杜玉洁 ,女,社会科学学院,社科3,甘肃  ,天水市第一中学 
张丽丽 ,女,社会科学学院,社科3,新疆  ,华山中学(历) 
區貽豐 ,男,社会科学学院,社科3,澳门  ,澳門培正中學 
刘健平 ,男,社会科学学院,社科3,天津  ,塘沽一中 
孙名画 ,女,社会科学学院,社科3,江苏  ,南京外国语学校 
陈宇茜 ,女,社会科学学院,社科3,浙江  ,杭州外国语学校 
郭睿  ,女,社会科学学院,社科3,山东 ,济南市外国语学校 
王晓宁 ,男,社会科学学院,社科3,河南  ,郑州外国语学校 
刘康一 ,女,社会科学学院,社科3,河南  ,郑州外国语学校 
韩依金 ,女,社会科学学院,社科3,河南  ,郑州外国语学校 
高晓禾 ,女,社会科学学院,社科3,河南  ,郑州外国语学校 
吴珺怡 ,女,社会科学学院,社科3,广东  ,深圳外国语学校 
于明可 ,女,社会科学学院,社科3,北京  ,北京市第八中学 
农雨桐 ,女,社会科学学院,社科3,北京  ,北京市第一０一中学 
姜丹巧 ,女,社会科学学院,社科3,北京  ,中央民族大学附属中学 
靳天宇 ,女,社会科学学院,社科3,北京  ,北京师范大学第二附属中学 
曾嘉庆 ,男,社会科学学院,社科3,湖北  ,襄阳市第五中学 
王博伟 ,男,社会科学学院,社科3,湖南  ,长沙市雅礼中学 
潘嘉慧 ,女,社会科学学院,社科3,陕西  ,西北工业大学附属中学 
邓雅青 ,女,社会科学学院,社科3,陕西  ,西北工业大学附属中学 
姚怡名 ,女,社会科学学院,社科3,陕西  ,高新一中 
余天娇 ,女,社会科学学院,社科3,甘肃  ,兰化中小学总校一中 
余翀  ,女,社会科学学院,社科3,北京 ,清华大学附属中学 
冯鹏远 ,男,社会科学学院,社科3,河北  ,河北保定市定州中学 
李不群 ,女,社会科学学院,社科3,辽宁  ,沈阳市皇姑区往届生 
刘锦含 ,女,社会科学学院,社科3,辽宁  ,本溪市高级中学 
朱颖哲 ,女,社会科学学院,社科3,江苏  ,江苏省锡山高级中学 
裘昊天 ,男,社会科学学院,社科3,浙江  ,慈溪中学 
刘茹  ,女,社会科学学院,社科3,江西 ,宜春中学 
苗锦  ,男,社会科学学院,社科3,山东 ,威海一中 
李秋甫 ,男,社会科学学院,社科3,河南  ,商丘市第一高级中学 
蔡芷菁 ,女,社会科学学院,社科3,广东  ,佛山市第一中学 
方然  ,男,社会科学学院,社科3,广西 ,广西南宁市第三中学 
邱亦格 ,女,社会科学学院,社科3,重庆  ,重庆市南开中学 
王美琪 ,女,社会科学学院,社科3,四川  ,成都市实验外语学校 
安韵伊 ,女,社会科学学院,社科3,云南  ,云南师范大学附属中学 
廖安迪 ,女,社会科学学院,社科3,福建  ,厦门双十中学 
刘豫群 ,男,社会科学学院,社科3,河南  ,开封高中 
林璐  ,女,社会科学学院,社科3,浙江 ,杭州第二中学 
付帅泽 ,男,社会科学学院,社科3,山东  ,淄博市实验中学 
单彤  ,女,社会科学学院,社科3,河南 ,郑州外国语学校 
杨昕  ,女,社会科学学院,社科3,广东 ,佛山市第一中学 
曾丰又 ,男,社会科学学院,社科3,重庆  ,重庆市第八中学 
林子秋 ,男,社会科学学院,社科3,北京  ,北京市第四中学 
高昀逸 ,女,社会科学学院,社科3,江苏  ,江苏省滨海中学
肖舒允 ,女,美术学院,美31,北京  ,北京市西城区教育考试中心高招办 
乔絮菲 ,女,美术学院,美31,北京  ,清华大学附属中学 
辛磊  ,女,美术学院,美31,河北 ,藁城市第一中学 
苗天元 ,女,美术学院,美31,河北  ,石家庄市第一中学 
胡佳楠 ,女,美术学院,美31,内蒙古 ,呼市二中 
邹佳睿 ,女,美术学院,美31,辽宁  ,大连市第四十四中学 
何红都 ,女,美术学院,美31,辽宁  ,鞍山市第一中学 
张舒  ,女,美术学院,美31,辽宁 ,大连市第十五中学 
张迎春 ,女,美术学院,美31,山东  ,巨野一中 
孟洋  ,男,美术学院,美31,山东 ,寿光现代中学 
杨雨心 ,男,美术学院,美31,山东  ,乳山一中 
李佳林 ,男,美术学院,美31,湖南  ,桃源县一中 
曹一涵 ,女,美术学院,美31,湖南  ,长沙市达材学校 
余诗颖 ,女,美术学院,美31,广西  ,广西柳州高级中学 
蒲雨聪 ,女,美术学院,美31,四川  ,成都市石室中学 
陈雨萌 ,女,美术学院,美32,北京  ,北京市顺义区高校招生办公室 
王平伴 ,女,美术学院,美32,北京  ,清华大学附属中学 
刘宇晴 ,女,美术学院,美32,北京  ,北京市西城区教育考试中心高招办 
韩育延 ,女,美术学院,美32,河北  ,河北徐水综合高级中学 
刘思听 ,女,美术学院,美32,河北  ,石家庄市第二十四中学 
罗玉盈 ,女,美术学院,美32,辽宁  ,大连市第十五中学 
朴仙慧 ,女,美术学院,美32,吉林  ,通化市靖宇中学 
董城林 ,男,美术学院,美32,黑龙江 ,海林市高级中学 
王胜南 ,女,美术学院,美32,山东  ,滕州市第一中学新校 
李娜  ,女,美术学院,美32,山东 ,五莲县第一中学 
杨思容 ,女,美术学院,美32,山东  ,淄博市实验中学 
周虹池 ,女,美术学院,美32,湖北  ,监利县监利中学 
钟玲  ,女,美术学院,美32,湖南 ,株洲市二中 
吴雪悦 ,女,美术学院,美32,广东  ,广州市第六中学 
李漪潞 ,女,美术学院,美32,重庆  ,重庆市第八中学 
袁宁  ,女,美术学院,美33,北京 ,北京市海淀区精华培训学校 
刘佩洋 ,女,美术学院,美33,北京  ,中央美术学院附属中等美术学校 
张喻歆 ,女,美术学院,美33,辽宁  ,鞍山市第八中学 
金思昭 ,女,美术学院,美33,黑龙江 ,牡丹江市第一高级中学 
孙嘉羚 ,女,美术学院,美33,山东  ,山东省青岛第二中学 
何茂藤 ,男,美术学院,美33,湖南  ,宁乡一中 
曾琛云 ,女,美术学院,美33,湖南  ,洞口县一中 
陈思含 ,女,美术学院,美33,广东  ,广州市第六中学 
陈恂浪 ,男,美术学院,美33,重庆  ,重庆市巴蜀中学 
黄傲  ,男,美术学院,美33,新疆 ,乌鲁木齐市一中 
苗浓  ,女,美术学院,美34,北京 ,北京市立新学校 
焦靖  ,女,美术学院,美34,北京 ,中央工艺美术学院附中 
段冀蒙 ,男,美术学院,美34,北京  ,矿山街道委员会 
田静  ,女,美术学院,美34,河北 ,河北定兴中学 
冯滢  ,女,美术学院,美34,山西 ,康杰中学 
吕亚伦 ,女,美术学院,美34,辽宁  ,大连市中山区高中往届生 
宋明珊 ,女,美术学院,美34,辽宁  ,大连市第十五中学 
颜如冰 ,男,美术学院,美34,山东  ,滕州市高考补习学校南校区 
李晨萌 ,女,美术学院,美34,山东  ,潍坊一中 
宋佳  ,女,美术学院,美34,山东 ,滕州市第二中学 
宁岳莎 ,女,美术学院,美34,湖南  ,长郡中学 
卢莹  ,女,美术学院,美34,广东 ,南海艺术高中 
何浩宇 ,男,美术学院,美34,广东  ,深圳市宝安中学 
傅韵畦 ,女,美术学院,美34,重庆  ,涪陵实验中学 
何佳秋 ,女,美术学院,美34,四川  ,成都市石室中学 
张可欣 ,女,美术学院,美35,北京  ,中央工艺美术学院附中 
范雅頔 ,女,美术学院,美35,河北  ,保定市第三中学 
田思聪 ,女,美术学院,美35,河北  ,石家庄市第一中学 
丁蕊  ,女,美术学院,美35,辽宁 ,大连市第十五中学 
刘明惠 ,女,美术学院,美35,辽宁  ,大连市西岗区应届毕业生 
张佳  ,女,美术学院,美35,山东 ,山东省青岛第十七中学 
胡静  ,女,美术学院,美35,山东 ,五莲县第三中学 
颜青青 ,女,美术学院,美35,山东  ,滕州市第一中学新校 
宗明昊 ,男,美术学院,美35,山东  ,滕州市第二中学 
张垣  ,女,美术学院,美35,湖南 ,中方县招办 
彭恩泽 ,男,美术学院,美35,湖南  ,长郡中学 
徐诗涵 ,女,美术学院,美35,湖南  ,岳阳市一中 
杨雨乔 ,女,美术学院,美35,广东  ,中山纪念中学 
孔鸿  ,男,美术学院,美35,重庆 ,重庆市南华中学校 
杨添净 ,女,美术学院,美35,四川  ,成都市成都铁中 
张艺馨 ,女,美术学院,美36,北京  ,中央美术学院附属中等美术学校 
程丹蕾 ,女,美术学院,美36,北京  ,中央工艺美术学院附中 
高晴月 ,女,美术学院,美36,北京  ,中央工艺美术学院附中 
王锐  ,男,美术学院,美36,河北 ,河北衡水中学 
初璟然 ,女,美术学院,美36,辽宁  ,大连市第十五中学 
阮煦栋 ,男,美术学院,美36,浙江  ,杭州第七中学 
朱梓晨 ,男,美术学院,美36,江西  ,安源中学 
杜芳  ,女,美术学院,美36,山东 ,枣庄八中北校 
岳祥  ,男,美术学院,美36,山东 ,滕州市第一中学新校 
薄修齐 ,女,美术学院,美36,河南  ,河南宏力学校 
万之源 ,男,美术学院,美36,湖北  ,华中科技大学附属中学 
欧阳诗琪,女,美术学院,美36,湖南,长沙市一中 
于景  ,女,美术学院,美36,广东 ,广州市第四十七中学 
何雨宵 ,女,美术学院,美36,广西  ,南宁沛鸿民族中学桃源校区 
刘名  ,男,美术学院,美36,重庆 ,重庆市第八中学 
王孝祺 ,女,美术学院,美37,北京  ,中央工艺美术学院附中 
刘一君 ,女,美术学院,美37,北京  ,中央工艺美术学院附中 
王馨仪 ,女,美术学院,美37,北京  ,中央工艺美术学院附中 
王琰  ,女,美术学院,美37,河北 ,衡水市滏阳中学 
吴泽浩 ,男,美术学院,美37,辽宁  ,大连市第十五中学 
李皓明 ,女,美术学院,美37,辽宁  ,东北育才学校 
周瀚翔 ,男,美术学院,美37,福建  ,格致中学 
王壮壮 ,男,美术学院,美37,山东  ,滕州市第一中学新校 
孙延豪 ,男,美术学院,美37,山东  ,枣庄八中南校 
王雨薇 ,女,美术学院,美37,山东  ,淄博市实验中学 
石慧姣 ,女,美术学院,美37,湖北  ,大冶市第一中学 
何佩瑶 ,女,美术学院,美37,湖南  ,郴州市一中 
黎敏静 ,女,美术学院,美37,广东  ,中山市华侨中学 
林志腾 ,男,美术学院,美37,广东  ,深圳市龙城高级中学 
张捃琪 ,男,美术学院,美37,陕西  ,东元路学校 
游乾睿 ,男,美术学院,美38,北京  ,北京市西城区教育考试中心高招办 
鲁智  ,女,美术学院,美38,河北 ,邯郸市丛台实验学校 
王玥  ,女,美术学院,美38,河北 ,衡水市滏阳中学 
张瑞昌 ,男,美术学院,美38,辽宁  ,营口市高中同等学力 
关家印 ,男,美术学院,美38,辽宁  ,大连市第十五中学 
朱铭  ,女,美术学院,美38,辽宁 ,大连市第十五中学 
程文飞 ,男,美术学院,美38,江西  ,玉山县第一中学补习班 
孔祥坤 ,男,美术学院,美38,山东  ,滕州市第二中学 
李慧童 ,女,美术学院,美38,山东  ,淄博六中 
王清强 ,男,美术学院,美38,山东  ,昌邑市第一中学 
尹航  ,男,美术学院,美38,山东 ,滕州市高考补习学校南校区 
段启航 ,男,美术学院,美38,湖北  ,湖北省沙市中学国际部 
洪润中 ,男,美术学院,美38,广东  ,广州市培正中学 
倪可人 ,女,美术学院,美38,重庆  ,重庆市树人中学校 
秦立  ,男,美术学院,美38,甘肃 ,兰州第一中学 
吴傲谦 ,男,美术学院,美39,北京  ,北京汇文中学 
刘佳茵 ,女,美术学院,美39,北京  ,中央工艺美术学院附中 
崔子昳 ,女,美术学院,美39,北京  ,清华大学附属中学 
乔挽月 ,女,美术学院,美39,北京  ,北京市第一0一中学分校 
王壹  ,女,美术学院,美39,河北 ,河北正中实验中学 
王姝月 ,女,美术学院,美39,辽宁  ,大连市第十五中学 
沈衡阳 ,男,美术学院,美39,辽宁  ,大连市第十五中学 
陈炫文 ,男,美术学院,美39,福建  ,惠安一中 
林钰烨 ,女,美术学院,美39,福建  ,邵武一中 
周昊  ,男,美术学院,美39,山东 ,山东省青岛第十七中学 
涂芬  ,男,美术学院,美39,湖南 ,汉寿县五中 
王艺璇 ,女,美术学院,美39,广东  ,阳江市第一中学 
韦荷贞 ,女,美术学院,美39,广西  ,宜州市一中 
廖川疆 ,男,美术学院,美39,重庆  ,重庆市凤鸣山中学 
胥秋菊 ,女,美术学院,美39,四川  ,太和中学 
周雪怡 ,女,美术学院,美310,北京  ,中央工艺美术学院附中 
张阳  ,男,美术学院,美310,辽宁 ,彰武县高级中学 
张丰婕 ,女,美术学院,美310,江苏  ,江苏教育学院附属高级中学 
郭嘉婧 ,女,美术学院,美310,江苏  ,江苏省泰州中学 
胡欣逸 ,男,美术学院,美310,湖北  ,武昌区其它单个报名（含往届生） 
王莉  ,女,美术学院,美310,湖南 ,株洲市二中 
文粤  ,男,美术学院,美310,湖南 ,临湘市二中 
王玥  ,女,美术学院,美310,广东 ,广州市玉岩中学 
曾睿晖 ,男,美术学院,美310,广东  ,佛山市第一中学 
王涵  ,女,美术学院,美310,四川 ,列五中学 
孔嘉宜 ,女,美术学院,美311,北京  ,中央工艺美术学院附中 
戴莹  ,女,美术学院,美311,北京 ,清华大学附属中学 
王卓  ,男,美术学院,美311,山西 ,海泉学校 
勇卓  ,女,美术学院,美311,辽宁 ,大连市第十五中学 
吴宋垚 ,男,美术学院,美311,福建  ,安溪沼涛中学 
刘泽文 ,男,美术学院,美311,山东  ,济宁一中 
曾思聪 ,男,美术学院,美311,湖北  ,湖北省仙桃中学 
黄麒冲 ,男,美术学院,美311,广东  ,中山市华侨中学 
罗今栏 ,女,美术学院,美311,四川  ,苍溪中学 
李沐阳 ,女,美术学院,美311,四川  ,绵阳东辰国际学校 
石城  ,男,美术学院,美312,北京 ,中央工艺美术学院附中 
李亚楠 ,女,美术学院,美312,河北  ,石家庄市张丽美专 
郭婷杨 ,女,美术学院,美312,河北  ,保定市第二中学 
李庆宇 ,男,美术学院,美312,辽宁  ,鞍山市铁东区往届生 
王千一 ,男,美术学院,美312,山东  ,济南市历城五中 
李同  ,女,美术学院,美312,山东 ,潍坊一中 
刘恒  ,男,美术学院,美312,河南 ,济源市高级中学 
刘阳丹凤,女,美术学院,美312,河南  ,开封市五中 
吴方惠 ,女,美术学院,美312,湖北  ,武汉市江夏区第一中学 
雷东鸿 ,男,美术学院,美312,湖南  ,洞口县九中 
齐传宇 ,女,美术学院,美313,天津  ,武清往届高中生 
袁峰  ,男,美术学院,美313,辽宁 ,大连市第十五中学 
刘鑫  ,女,美术学院,美313,黑龙江,七台河市实验高级中学 
龚晓婧 ,女,美术学院,美313,江苏  ,江苏省锡山高级中学 
王吉  ,男,美术学院,美313,江苏 ,盐城高级实验中学 
孙一源 ,女,美术学院,美313,山东  ,寿光一中 
程明  ,男,美术学院,美313,河南 ,郑州一中实验分校 
江颖  ,女,美术学院,美313,湖南 ,郴州市一中 
于哲凡 ,男,美术学院,美313,湖南  ,株洲市景炎中学 
黄韵妹 ,女,美术学院,美313,重庆  ,重庆市第一中学 
田艺  ,女,美术学院,美314,北京 ,北京经济技术开发区实验学校 
王静  ,女,美术学院,美314,河北 ,河北省玉田县第一中学 
李帅帅 ,男,美术学院,美314,辽宁  ,大连市第十五中学 
许肯  ,女,美术学院,美314,上海 ,上海市七宝中学 
李昊旻 ,女,美术学院,美314,江苏  ,江苏省新海高级中学 
魏昊霖 ,男,美术学院,美314,河南  ,郑州回民中学 
顾佳楠 ,女,美术学院,美314,湖北  ,武汉市第三中学 
向导  ,男,美术学院,美314,湖南 ,岳阳市十四中 
董千昀 ,女,美术学院,美314,广东  ,深圳市行知职业技术学校(A) 
龙雨昕 ,女,美术学院,美314,重庆  ,重庆市第一中学 
陈昭庭 ,男,美术学院,美315,北京  ,中国戏曲学院附属中等戏曲学校 
黄赫  ,女,美术学院,美315,北京 ,中央美术学院附属中等美术学校 
张娜  ,女,美术学院,美315,河北 ,石家庄市张丽美专 
褚建舒 ,女,美术学院,美315,辽宁  ,大连市第十五中学 
张慧中 ,女,美术学院,美315,辽宁  ,沈阳市和平区往届生 
杨秋璇 ,女,美术学院,美315,福建  ,连江一中 
段灵煜 ,女,美术学院,美315,山东  ,滕州市高考补习学校南校区 
潘牧垚 ,男,美术学院,美315,河南  ,开封市河大附中 
陈伟豪 ,男,美术学院,美315,广东  ,深圳市行知职业技术学校(A) 
曾茜  ,女,美术学院,美315,广东 ,增城市新塘中学 
于芦庄 ,男,美术学院,美316,天津  ,耀华中学 
蒋巴音 ,女,美术学院,美316,河北  ,石家庄市第二中学 
张迅  ,男,美术学院,美316,江苏 ,江苏省宿迁中学 
宋军  ,男,美术学院,美316,山东 ,菏泽一中 
刘亦聪 ,男,美术学院,美316,河南  ,濮阳市外国语学校 
欧华成 ,男,美术学院,美316,广东  ,深圳市坪山高级中学 
罗家欢 ,男,美术学院,美316,广东  ,惠州市实验中学 
张凯丰 ,男,美术学院,美316,广东  ,博罗县博罗中学 
唐德清 ,男,美术学院,美316,四川  ,安岳县实验中学 
罗曦  ,女,美术学院,美316,四川 ,江安县江安中学 
张杨  ,女,美术学院,美317,北京 ,北京市国际艺术学校 
苏阳  ,男,美术学院,美317,北京 ,中央美术学院附属中等美术学校 
叶畅  ,男,美术学院,美317,北京,中央美术学院附属中等美术学校 
马文健 ,男,美术学院,美317,河北  ,河北省青县第一中学 
王金烨 ,男,美术学院,美317,河北  ,河北定兴第三中学 
李沐泽 ,女,美术学院,美317,吉林  ,社会青年 
廖懿琪 ,女,美术学院,美317,江西  ,上饶县中 
黎爽  ,女,美术学院,美317,湖北 ,黄州区西湖中学 
柏彤  ,男,美术学院,美317,广西,玉林实验中学 
肖越予 ,女,美术学院,美317,四川,四川省眉山中学校 
王文章 ,男,美术学院,美318,北京,中央美术学院附属中等美术学校 
郑确  ,女,美术学院,美318,北京,清华大学附属中学 
刘良旺 ,男,美术学院,美318,河北,沧州市民族中学 
王振宇 ,男,美术学院,美318,辽宁,沈阳市皇姑区往届生 
李启祯 ,男,美术学院,美318,辽宁,东北育才悲鸿美术学校 
刁毓  ,女,美术学院,美318,黑龙江,黑龙江  大庆一中 
王雪  ,女,美术学院,美318,山东,蒙阴一中 
宋杰  ,男,美术学院,美318,山东,其他 
柴正龙 ,男,美术学院,美318,山东,枣庄三中 
于洪耀 ,男,美术学院,美318,山东,滕州市第二中学 
林冲  ,男,美术学院,美318,湖北,通城县第二高级中学 
李昊然 ,男,美术学院,美318,广东,深圳市行知职业技术学校(A) 
罗美琼 ,女,美术学院,美318,广东,阳东县第一中学 
母麒辰 ,男,美术学院,美318,广东,中山市第一中学 
力俊星 ,男,美术学院,美318,四川,达县中学 
刘易斯 ,男,美术学院,美319,北京,中央民族大学附属中学 
杜亦笑 ,女,美术学院,美319,北京,北京市第一六一中学 
肖嘉谈 ,女,美术学院,美319,黑龙江,哈尔滨振华高中 
倪航宇 ,男,美术学院,美319,江苏,江苏省泗阳中学 
汤银玲 ,女,美术学院,美319,江苏,江苏省沭阳高级中学 
郑才旺 ,男,美术学院,美319,江西,临川第二中学 
宋晓云 ,女,美术学院,美319,山东,滕州市第一中学 
盛忠强 ,男,美术学院,美319,山东,山东省昌乐二中 
史建萍 ,女,美术学院,美319,河南,安阳县第二中学 
韦俏勋 ,女,美术学院,美319,广西,贵港市高级中学 
许樱子 ,女,美术学院,美319,广西,广西南宁市第三中学 
康涵  ,女,美术学院,美319,重庆,四川外语学院重庆第二外国语学校 
段媛媛 ,女,美术学院,美319,重庆,重庆市南开中学 
张诗蕴 ,女,美术学院,美319,重庆,重庆市南开中学 
任心怡 ,女,美术学院,美319,陕西,西安市铁一中学 
王梦杰 ,男,生物医学工程系,生医3,北京,北京市第四中学 
罗芮  ,女,生物医学工程系,生医3,北京,北京市十一学校 
顾潇  ,女,生物医学工程系,生医3,天津,天津英华国际学校 
段明辉 ,男,生物医学工程系,生医3,天津,天津英华国际学校 
刘全明 ,男,生物医学工程系,生医3,河北,衡水市第二中学 
闫星会 ,女,生物医学工程系,生医3,吉林,东北师大附属中学 
吴俣帅 ,男,生物医学工程系,生医3,浙江,东阳市第二高级中学 
张亿  ,女,生物医学工程系,生医3,浙江,宁波市镇海中学 
王一龙 ,男,生物医学工程系,生医3,广东,深圳市深圳中学 
刘梦斐 ,女,生物医学工程系,生医3,广东,佛山市第一中学 
梁杰  ,女,生物医学工程系,生医3,重庆,涪陵第五中学 
王瀚鹏 ,男,生物医学工程系,生医3,宁夏,银川一中 
张一铭 ,女,生物医学工程系,生医3,山东,聊城一中 
孙卓睿 ,男,生物医学工程系,生医3,北京,北京师范大学附属实验中学 
樊晨飞 ,女,生物医学工程系,生医3,北京,中国人民大学附属中学 
吴耀祖 ,男,生物医学工程系,生医3,天津,一中 
张其昊 ,男,生物医学工程系,生医3,河北,河北衡水中学 
张泽睿 ,男,生物医学工程系,生医3,上海,上海市崇明中学 
邓可欣 ,女,生物医学工程系,生医3,广东,深圳市实验学校高中部 
王钦  ,男,生物医学工程系,生医3,重庆,重庆市第一中学 
赵晨颖 ,女,生物医学工程系,生医3,北京,北京师范大学附属中学 
郑翊宸 ,女,生物医学工程系,生医3,天津,宝坻一中 
陈彤昕 ,女,生物医学工程系,生医3,河北,河北衡水中学 
邵韵文 ,女,生物医学工程系,生医3,江苏,江苏省靖江高级中学 
徐浩文 ,男,生物医学工程系,生医3,江苏,江苏省新海高级中学 
许越  ,男,生物医学工程系,生医3,江苏,江苏省扬州中学 
张琳  ,女,生物医学工程系,生医3,山东,山东省青岛第二中学 
邹勤径 ,女,生物医学工程系,生医3,重庆,重庆市巴蜀中学 
付明珠 ,男,生物医学工程系,生医3,重庆,开县中学 
池婧雯 ,女,软件学院,软件31,北京,北京师范大学附属实验中学 
张浩慈 ,男,软件学院,软件31,北京,北京航空航天大学附属中学 
李南星 ,男,软件学院,软件31,北京,北京师范大学附属实验中学 
曹竞鑫 ,男,软件学院,软件31,河北,石家庄市第二十四中学 
张育萌 ,女,软件学院,软件31,吉林,毓文中学 
梁凇菘 ,男,软件学院,软件31,黑龙江,大庆市实验中学 
黄可宏 ,男,软件学院,软件31,浙江,温州中学 
程加信 ,男,软件学院,软件31,安徽,舒城中学 
黄俊尧 ,男,软件学院,软件31,福建,三明二中 
岳大禹 ,男,软件学院,软件31,山东,高密一中 
赵毅  ,男,软件学院,软件31,山东,山东省平度第一中学 
柯豪  ,男,软件学院,软件31,湖北,襄阳市第五中学 
郑阳  ,男,软件学院,软件31,湖北,湖北省武昌实验中学 
朱子晨 ,男,软件学院,软件31,重庆,重庆市二十九中 
蔡心瑗 ,女,软件学院,软件31,台湾,华东师大二附中 
王表元 ,男,软件学院,软件31,台湾,其他 
罗剑桥 ,男,软件学院,软件31,北京,北京市第八十中学 
张涵瑞 ,男,软件学院,软件31,天津,一中 
王旻晨 ,男,软件学院,软件31,辽宁,辽河油田第一高级中学 
王沁煜 ,男,软件学院,软件31,上海,华东师范大学第二附属中学 
高贤达 ,男,软件学院,软件31,江苏,江苏省大丰高级中学 
李君诚 ,男,软件学院,软件31,福建,龙岩一中 
潘薪宇 ,男,软件学院,软件31,广西,桂林中学 
曹喜萌 ,男,软件学院,软件31,新疆,乌鲁木齐市第一中学 
苏雍驰 ,男,软件学院,软件31,北京,中国人民大学附属中学 
马希鹏 ,男,软件学院,软件31,山西,小店区往届生 
徐京傲 ,男,软件学院,软件31,辽宁,本溪市高级中学 
竺俊超 ,男,软件学院,软件31,浙江,浙江省舟山中学 
张哲  ,男,软件学院,软件31,江苏,江苏省南菁高级中学 
黄吉  ,男,软件学院,软件31,广东,广东实验中学 
齐小勇 ,男,软件学院,软件31,四川,四川省绵阳中学 
梁祎  ,男,软件学院,软件32,北京,北京市顺义牛栏山第一中学 
王彬彬 ,男,软件学院,软件32,内蒙古,赤峰元宝山区第二中学 
祁丹蕊 ,女,软件学院,软件32,内蒙古,赤峰红旗中学 
张永锋 ,男,软件学院,软件32,吉林,桦甸四中 
黄冰洋 ,男,软件学院,软件32,福建,惠安一中 
蔡佳铭 ,男,软件学院,软件32,福建,莆田第六中学 
孟祥伟 ,男,软件学院,软件32,山东,龙口一中 
郭文慧 ,女,软件学院,软件32,河南,武陟县第一中学 
李根  ,男,软件学院,软件32,河南,南阳市第一中学 
张凯  ,男,软件学院,软件32,河南,漯河高级中学 
陈彤宇 ,男,软件学院,软件32,湖北,华中师范大学第一附属中学 
周立旺 ,男,软件学院,软件32,湖南,益阳市第一中学 
黎曦  ,男,软件学院,软件32,重庆,重庆市第十八中学校 
蔣至偉 ,男,软件学院,软件32,台湾,成功高中 
黄仁培 ,男,软件学院,软件32,北京,北京师范大学附属实验中学 
王昭  ,男,软件学院,软件32,天津,耀华中学 
国家琦 ,男,软件学院,软件32,河北,河北衡水中学 
刘新阳 ,男,软件学院,软件32,山西,太原五中 
吴悦欣 ,男,软件学院,软件32,江苏,江苏省大丰高级中学 
贺超  ,男,软件学院,软件32,江西,江西省抚州市临川一中 
陈亨杰 ,男,软件学院,软件32,广东,中山纪念中学 
刘季青 ,男,软件学院,软件32,四川,四川省绵阳中学 
张翔  ,男,软件学院,软件32,陕西,西北工业大学附中 
王正  ,男,软件学院,软件32,北京,北京景山学校 
夏英达 ,男,软件学院,软件32,辽宁,大连育明高中 
陈子剑 ,男,软件学院,软件32,黑龙江,萨尔图其它中等学历学 
张倚天,男,软件学院,软件32,江苏,江苏省天一中学 
陈少滨,男,软件学院,软件32,浙江,浙江省义乌中学 
何煦,男,软件学院,软件32,安徽,安庆一中 
谢宇辰,男,软件学院,软件32,江苏,江苏省姜堰中学 